0         1   117.381
0         1   117.365
0         1   117.347
0         1   117.329
0         1   117.313
0         1   117.296
0         1    117.28
0         1   117.263
0         1   117.247
0         1    117.23
0         1   117.212
0         1   117.196
0         1   117.178
0         1   117.162
0         1   117.145
0         1   117.127
0         1   117.112
0         1   117.095
0         1   117.079
0         1   117.062
0         1   117.045
0         1   117.029
0         1   117.013
0         1   116.996
0         1   116.979
0         1   116.962
0         1   116.946
0         1   116.929
0         1   116.913
0         1   116.897
0         1    116.88
0         1   116.863
0         1   116.846
0         1   116.829
0         1   116.812
0         1   116.796
0         1   116.779
0         1   116.763
0         1   116.746
0         1    116.73
0         1   116.714
0         1   116.696
0         1    116.68
0         1   116.663
0         1   116.647
0         1    116.63
0         1   116.613
0         1   116.596
0         1    116.58
0         1   116.563
0         1   116.547
0         1    116.53
0         1   116.512
0         1   116.496
0         1   116.478
0         1   116.462
0         1   116.443
0         1   116.427
0         1   116.409
0         1   116.393
0         1   116.376
0         1    116.36
0         1   116.342
0         1   116.325
0         1   116.309
0         1   116.291
0         1   116.276
0         1   116.259
0         1   116.243
0         1   116.226
0         1    116.21
0         1   116.193
0         1   116.176
0         1   116.159
0         1   116.142
0         1   116.125
0         1   116.109
0         1   116.092
0         1   116.075
0         1   116.057
0         1   116.041
0         1   116.023
0         1   116.008
0         1   115.991
0         1   115.975
0         1   115.958
0         1   115.941
0         1   115.925
0         1   115.908
0         1   115.891
0         1   115.874
0         1   115.857
0         1    115.84
0         1   115.824
0         1   115.806
0         1    115.79
0         1   115.772
0         1   115.755
0         1    115.74
0         1   115.723
0         1   115.706
0         1   115.689
0         1   115.674
0         1   115.657
0         1   115.642
0         1   115.624
0         1   115.607
0         1   115.591
0         1   115.574
0         1   115.558
0         1   115.541
0         1   115.525
0         1   115.508
0         1   115.491
0         1   115.474
0         1   115.458
0         1   115.441
0         1   115.425
0         1   115.408
0         1   115.391
0         1   115.374
0         1   115.358
0         1   115.341
0         1   115.325
0         1   115.308
0         1    115.29
0         1   115.274
0         1   115.257
0         1   115.241
0         1   115.224
0         1   115.205
0         1   115.188
0         1   115.171
0         1   115.155
0         1   115.137
0         1   115.121
0         1   115.101
0         1   115.086
0         1   115.069
0         2    115.05
0         2   115.034
0         2   115.016
0         2       115
0         2   114.982
0         2   114.966
0         2    114.95
0         2   114.934
0         2   114.917
0         2     114.9
0         2   114.884
0         2   114.866
0         2    114.85
0         2   114.834
0         2   114.815
0         2     114.8
0         2   114.784
0         2   114.768
0         2   114.751
0         2   114.734
0         2   114.718
0         2   114.701
0         2   114.683
0         2   114.667
0         2    114.65
0         2   114.634
0         2   114.617
0         2     114.6
0         2   114.582
0         2   114.565
0         2   114.549
0         2   114.532
0         2   114.516
0         2   114.499
0         2   114.482
0         2   114.465
0         2   114.448
0         2   114.432
0         2   114.415
0         2   114.399
0         2   114.383
0         2   114.366
0         2   114.349
0         2   114.332
0         2   114.316
0         2   114.299
0         2   114.283
0         2   114.267
0         2   114.248
0         2   114.232
0         2   114.215
0         2   114.199
0         2   114.183
0         2   114.166
0         2    114.15
0         2   114.133
0         2   114.116
0         2     114.1
0         2   114.083
0         2   114.066
0         2    114.05
0         2   114.034
0         2   114.0170         0       120
0         0   119.752
0         0   119.713
0         0   119.697
0         0    119.68
0         0   119.662
0         0   119.645
0         0   119.628
0         0   119.612
0         0   119.595
0         0   119.579
0         0   119.562
0         0   119.545
0         0   119.529
0         0   119.511
0         0   119.494
0         0   119.477
0         0    119.46
0         0   119.443
0         0   119.427
0         0    119.41
0         0   119.394
0         0   119.377
0         0    119.36
0         0   119.344
0         0   119.327
0         0   119.311
0         0   119.293
0         0   119.277
0         0    119.26
0         0   119.244
0         0   119.227
0         0    119.21
0         0   119.194
0         0   119.176
0         0    119.16
0         0   119.142
0         0   119.127
0         0   119.109
0         0   119.093
0         0   119.074
0         0   119.059
0         0   119.042
0         0   119.025
0         0   119.007
0         0   118.991
0         0   118.974
0         0   118.958
0         0    118.94
0         0   118.924
0         0   118.908
0         0   118.891
0         0   118.872
0         0   118.855
0         0   118.839
0         0   118.822
0         0   118.804
0         0   118.788
0         0    118.77
0         0   118.753
0         0   118.736
0         0    118.72
0         0   118.702
0         0   118.685
0         0   118.669
0         0   118.652
0         0   118.637
0         0    118.62
0         0   118.602
0         0   118.584
0         0   118.568
0         0   118.552
0         0   118.535
0         0   118.519
0         0   118.502
0         0   118.487
0         0   118.469
0         0   118.453
0         0   118.436
0         0    118.42
0         0   118.403
0         0   118.386
0         0    118.37
0         0   118.352
0         0   118.335
0         0   118.319
0         0   118.301
0         0   118.284
0         0   118.268
0         0    118.25
0         0   118.235
0         0   118.217
0         0   118.201
0         0   118.182
0         0   118.166
0         0   118.149
0         0   118.132
0         0   118.117
0         0     118.1
0         0   118.082
0         0   118.065
0         0   118.048
0         0   118.031
0         0   118.015
0         0   117.998
0         0   117.982
0         0   117.966
0         0    117.95
0         0   117.933
0         0   117.916
0         0     117.9
0         0   117.883
0         0   117.866
0         0   117.849
0         0   117.833
0         0   117.815
0         0     117.8
0         0   117.783
0         0   117.765
0         0   117.748
0         0   117.732
0         0   117.715
0         0   117.697
0         0   117.679
0         0   117.664
0         0   117.647
0         0    117.63
0         0   117.614
0         0   117.596
0         0    117.58
0         0   117.563
0         0   117.546
0         0    117.53
0         0   117.513
0         0   117.495
0         0   117.479
0         0   117.461
0         0   117.444
0         0   117.427
0         0    117.41
0         0   117.393
0         0   117.376
0         0   117.359
0         0   117.342
0         0   117.325
0         0   117.309
0         0   117.291
0         0   117.274
0         0   117.257
0         0   117.241
0         0   117.225
0         0   117.208
0         0    117.19
0         0   117.175
0         0   117.158
0         0   117.142
0         0   117.125
0         0   117.109
0         0   117.093
0         0   117.076
0         0   117.059
0         0   117.043
0         0   117.024
0         0   117.008
0         0    116.99
0         0   116.974
0         0   116.957
0         0    116.94
0         0   116.924
0         0   116.907
0         0   116.891
0         0   116.875
0         0   116.859
0         0   116.842
0         0   116.825
0         0   116.808
0         0   116.792
0         0   116.775
0         0    116.76
0         0   116.742
0         0   116.726
0         0   116.709
0         0   116.693
0         0   116.675
0         0   116.659
0         0   116.641
0         0   116.626
0         0   116.608
0         0   116.593
0         0   116.576
0         0   116.558
0         0   116.542
0         0   116.526
0         0   116.508
0         0   116.491
0         0   116.473
0         0   116.457
0         0   116.441
0         0   116.423
0         0   116.407
0         0   116.389
0         0   116.373
0         0   116.355
0         0   116.339
0         0   116.322
0         0   116.304
0         0   116.289
0         0    116.27
0         0   116.255
0         0   116.238
0         0    116.22
0         0   116.204
0         0   116.188
0         0    116.17
0         0   116.154
0         0   116.137
0         0    116.12
0         0   116.102
0         0   116.087
0         0    116.07
0         0   116.054
0         0   116.037
0         0   116.021
0         0   115.887
0         0   115.886
0         0   115.869
0         0   115.851
0         0   115.834
0         0   115.818
0         0     115.8
0         0   115.783
0         0   115.766
0         0    115.75
0         0   115.734
0         0   115.716
0         0   115.699
0         0   115.683
0         0   115.666
0         0   115.649
0         0   115.632
0         0   115.615
0         0   115.599
0         0   115.581
0         0   115.565
0         0   115.547
0         0    115.53
0         0   115.513
0         0   115.497
0         0    115.48
0         0   115.463
0         0   115.446
0         0    115.43
0         0   115.412
0         0   115.396
0         0   115.379
0         0   115.362
0         0   115.346
0         0   115.328
0         0    115.31
0         0   115.295
0         0   115.278
0         0   115.262
0         0   115.245
0         0   115.229
0         0   115.212
0         0   115.195
0         0   115.178
0         0   115.162
0         0   115.145
0         0   115.127
0         0    115.11
0         0   115.093
0         0   115.077
0         0    115.06
0         0   115.044
0         0   115.028
0         0   115.011
0         0   114.994
0         0   114.978
0         0   114.961
0         0   114.944
0         0   114.926
0         0    114.91
0         0   114.892
0         0   114.876
0         0   114.859
0         0   114.843
0         0   114.826
0         0    114.81
0         0   114.793
0         0   114.777
0         0    114.76
0         0   114.743
0         0   114.725
0         0   114.709
0         0   114.691
0         0   114.676
0         0   114.658
0         0   114.642
0         0   114.623
0         0   114.608
0         0    114.59
0         0   114.575
0         0   114.558
0         0   114.541
0         0   114.525
0         0   114.509
0         0   114.493
0         0   114.477
0         0    114.46
0         0   114.444
0         0   114.427
0         0   114.411
0         0   114.394
0         0   114.377
0         0    114.36
0         0   114.343
0         0   114.326
0         0   114.309
0         0   114.293
0         0   114.276
0         0    114.26
0         0   114.243
0         0   114.227
0         0    114.21
0         0   114.193
0         0   114.177
0         0    114.16
0         0   114.144
0         0   114.125
0         0   114.109
0         0   114.092
0         0   114.075
0         0   114.057
0         0   114.042
0         0   114.026
0         0    114.01
0         0   113.992
0         0   113.975
0         0   113.957
0         0    113.94
0         0   113.924
0         0   113.907
0         0   113.889
0         0   113.873
0         0   113.856
0         0   113.838
0         0   113.822
0         0   113.803
0         0   113.788
0         0    113.77
0         0   113.754
0         0   113.737
0         0    113.72
0         0   113.704
0         0   113.686
0         0    113.67
0         0   113.652
0         0   113.636
0         0   113.619
0         0   113.603
0         0   113.585
0         0   113.569
0         0   113.552
0         0   113.534
0         0   113.519
0         0   113.501
0         0   113.485
0         0   113.468
0         0   113.449
0         0   113.433
0         0   113.416
0         0   113.399
0         0   113.382
0         0   113.365
0         0   113.349
0         0   113.331
0         0   113.314
0         0   113.297
0         0   113.279
0         0   113.262
0         0   113.247
0         0    113.23
0         0   113.211
0         0   113.195
0         0   113.179
0         0   113.162
0         0   113.145
0         0   113.128
0         0    113.11
0         0   113.094
0         0   113.077
0         0   113.061
0         0   113.042
0         0   113.027
0         0   113.008
0         0   112.992
0         0   112.974
0         0   112.958
0         0   112.941
0         0   112.925
0         0   112.908
0         0   112.891
0         0   112.874
0         0   112.857
0         0   112.841
0         0   112.825
0         0   112.807
0         0   112.791
0         0   112.774
0         0   112.757
0         0   112.739
0         0   112.722
0         0   112.706
0         0   112.691
0         0   112.673
0         0   112.657
0         0    112.64
0         0   112.623
0         0   112.606
0         0   112.589
0         0   112.574
0         0   112.557
0         0   112.541
0         0   112.524
0         0   112.508
0         0   112.492
0         0   112.475
0         0   112.459
0         0   112.442
0         0   112.425
0         0   112.408
0         0   112.391
0         0   112.375
0         0   112.359
0         0   112.341
0         0   112.324
0         0   112.307
0         0    112.29
0         0   112.273
0         0   112.256
0         0   112.239
0         0   112.223
0         0   112.206
0         0   112.189
0         0   112.174
0         0   112.157
0         0    112.14
0         0   112.124
0         0   112.106
0         0    112.09
0         0   112.074
0         0   112.058
0         0    112.04
0         0   112.023
0         0   112.007
0         0    111.99
0         0   111.974
0         0   111.956
0         0   111.941
0         0   111.924
0         0   111.906
0         0    111.89
0         0   111.873
0         0   111.856
0         0   111.838
0         0   111.822
0         0   111.805
0         0   111.787
0         0   111.769
0         0   111.752
0         0   111.737
0         0   111.719
0         0   111.704
0         0   111.687
0         0   111.671
0         0   111.655
0         0   111.638
0         0   111.621
0         0   111.605
0         0   111.588
0         0   111.571
0         0   111.555
0         0   111.539
0         0   111.522
0         0   111.506
0         0   111.489
0         0   111.473
0         0   111.457
0         0   111.439
0         0   111.423
0         0   111.407
0         0   111.389
0         0   111.373
0         0   111.356
0         0   111.339
0         0   111.322
0         0   111.304
0         0   111.287
0         0   111.271
0         0   111.253
0         0   111.237
0         0    111.22
0         0   111.203
0         0   111.187
0         0   111.169
0         0   111.152
0         0   111.135
0         0   111.119
0         0   111.101
0         0   111.085
0         0   111.068
0         0   111.052
0         0   111.035
0         0   111.019
0         0   111.001
0         0   110.984
0         0   110.967
0         0   110.951
0         0   110.934
0         0   110.918
0         0     110.9
0         0   110.883
0         0   110.866
0         0   110.849
0         0   110.833
0         0   110.816
0         0     110.8
0         0   110.783
0         0   110.766
0         0    110.75
0         0   110.734
0         0   110.716
0         0     110.7
0         0   110.683
0         0   110.666
0         0    110.65
0         0   110.633
0         0   110.616
0         0     110.6
0         0   110.582
0         0   110.565
0         0   110.549
0         0   110.533
0         0   110.515
0         0   110.498
0         0   110.482
0         0   110.465
0         0   110.449
0         0   110.431
0         0   110.415
0         0   110.399
0         0    110.38
0         0   110.365
0         0   110.347
0         0   110.332
0         0   110.315
0         0   110.299
0         0   110.281
0         0   110.265
0         0   110.247
0         0   110.229
0         0   110.212
0         0   110.195
0         0   110.179
0         0   110.163
0         0   110.146
0         0    110.13
0         0   110.112
0         0   110.095
0         0   110.077
0         0    110.06
0         0   110.043
0         0   110.028
0         0    110.01
0         0   109.994
0         0   109.976
0         0    109.96
0         0   109.942
0         0   109.925
0         0   109.909
0         0   109.892
0         0   109.875
0         0   109.858
0         0   109.842
0         0   109.824
0         0   109.807
0         0   109.791
0         0   109.775
0         0   109.758
0         0   109.742
0         0   109.726
0         0   109.709
0         0   109.692
0         0   109.675
0         0   109.658
0         0   109.641
0         0   109.624
0         0   109.608
0         0    109.59
0         0   109.574
0         0   109.558
0         0   109.541
0         0   109.524
0         0   109.507
0         0   109.489
0         0   109.474
0         0   109.457
0         0    109.44
0         0   109.423
0         0   109.406
0         0   109.389
0         0   109.372
0         0   109.354
0         0    109.34
0         0   109.322
0         0   109.306
0         0   109.288
0         0   109.271
0         0   109.254
0         0   109.237
0         0   109.084
0         0   109.082
0         0   109.064
0         0   109.044
0         0    109.03
0         0   109.013
0         0   108.998
0         0   108.979
0         0   108.963
0         0   108.946
0         0   108.931
0         0   108.911
0         0   108.896
0         0   108.879
0         0   108.863
0         0   108.845
0         0   108.829
0         0   108.811
0         0   108.795
0         0   108.781
0         0   108.764
0         0   108.748
0         0    108.73
0         0   108.713
0         0   108.698
0         0    108.68
0         0   108.663
0         0   108.645
0         0   108.629
0         0   108.609
0         0   108.595
0         0   108.577
0         0   108.559
0         0   108.545
0         0   108.528
0         0   108.511
0         0   108.495
0         0   108.478
0         0    108.46
0         0   108.444
0         0   108.428
0         0   108.412
0         0   108.393
0         0   108.377
0         0   108.359
0         0   108.342
0         0   108.323
0         0   108.308
0         0    108.29
0         0   108.274
0         0   108.258
0         0   108.242
0         0   108.222
0         0   108.208
0         0    108.19
0         0   108.174
0         0   108.155
0         0    108.14
0         0   108.121
0         0   108.106
0         0   108.089
0         0   108.072
0         0   108.052
0         0   108.039
0         0    108.02
0         0   108.004
0         0   107.988
0         0   107.971
0         0   107.954
0         0   107.936
0         0   107.921
0         0   107.905
0         0   107.886
0         0   107.871
0         0   107.853
0         0   107.838
0         0    107.82
0         0   107.803
0         0   107.787
0         0   107.771
0         0   107.753
0         0   107.737
0         0   107.721
0         0   107.703
0         0   107.687
0         0    107.67
0         0   107.654
0         0   107.636
0         0   107.621
0         0   107.602
0         0   107.586
0         0   107.568
0         0   107.552
0         0   107.534
0         0   107.517
0         0   107.501
0         0   107.483
0         0   107.467
0         0   107.451
0         0   107.432
0         0   107.416
0         0   107.398
0         0   107.383
0         0   107.366
0         0    107.35
0         0   107.334
0         0   107.317
0         0   107.299
0         0   107.282
0         0   107.266
0         0   107.249
0         0   107.231
0         0   107.215
0         0   107.198
0         0    107.18
0         0   107.163
0         0   107.147
0         0   107.131
0         0   107.112
0         0   107.097
0         0   107.079
0         0   107.061
0         0   107.043
0         0   107.027
0         0   107.011
0         0   106.994
0         0   106.978
0         0   106.961
0         0   106.945
0         0   106.928
0         0    106.91
0         0   106.896
0         0   106.879
0         0   106.862
0         0   106.845
0         0   106.829
0         0   106.812
0         0   106.795
0         0   106.777
0         0   106.761
0         0   106.745
0         0   106.729
0         0   106.712
0         0   106.696
0         0   106.678
0         0   106.662
0         0   106.645
0         0   106.628
0         0    106.61
0         0   106.595
0         0   106.577
0         0   106.562
0         0   106.544
0         0   106.528
0         0   106.511
0         0   106.494
0         0   106.477
0         0    106.46
0         0   106.443
0         0   106.426
0         0   106.409
0         0   106.393
0         0   106.376
0         0   106.359
0         0   106.342
0         0   106.324
0         0   106.306
0         0   106.292
0         0   106.273
0         0   106.257
0         0   106.241
0         0   106.223
0         0   106.207
0         0    106.19
0         0   106.174
0         0   106.157
0         0   106.139
0         0   106.123
0         0   106.105
0         0   106.088
0         0   106.071
0         0   106.055
0         0   106.038
0         0   106.021
0         0   106.003
0         0   105.988
0         0    105.97
0         0   105.952
0         0   105.936
0         0   105.918
0         0   105.902
0         0   105.885
0         0   105.868
0         0   105.852
0         0   105.836
0         0   105.819
0         0   105.803
0         0   105.787
0         0   105.771
0         0   105.753
0         0   105.737
0         0   105.719
0         0   105.702
0         0   105.686
0         0   105.669
0         0   105.652
0         0   105.636
0         0   105.619
0         0   105.603
0         0   105.586
0         0   105.569
0         0   105.553
0         0   105.537
0         0    105.52
0         0   105.502
0         0   105.485
0         0   105.467
0         0   105.451
0         0   105.433
0         0   105.417
0         0   105.399
0         0   105.383
0         0   105.365
0         0   105.348
0         0    105.33
0         0   105.314
0         0   105.298
0         0   105.282
0         0   105.265
0         0   105.248
0         0   105.231
0         0   105.215
0         0   105.199
0         0   105.182
0         0   105.165
0         0   105.148
0         0   105.131
0         0   105.115
0         0   105.098
0         0   105.081
0         0   105.064
0         0   105.047
0         0    105.03
0         0   105.013
0         0   104.995
0         0   104.978
0         0   104.961
0         0   104.944
0         0   104.926
0         0   104.909
0         0   104.893
0         0   104.876
0         0   104.859
0         0   104.842
0         0   104.824
0         0   104.808
0         0   104.791
0         0   104.775
0         0   104.758
0         0   104.742
0         0   104.724
0         0   104.707
0         0    104.69
0         0   104.673
0         0   104.657
0         0    104.64
0         0   104.622
0         0   104.606
0         0   104.589
0         0   104.571
0         0   104.555
0         0   104.538
0         0   104.521
0         0   104.505
0         0   104.488
0         0   104.471
0         0   104.454
0         0   104.438
0         0   104.421
0         0   104.405
0         0    104.39
0         0   104.374
0         0   104.357
0         0   104.339
0         0   104.323
0         0   104.306
0         0   104.289
0         0   104.272
0         0   104.255
0         0   104.238
0         0   104.223
0         0   104.204
0         0   104.189
0         0   104.171
0         0   104.153
0         0   104.136
0         0    104.12
0         0   104.102
0         0   104.087
0         0    104.07
0         0   104.053
0         0   104.036
0         0   104.019
0         0   104.002
0         0   103.986
0         0   103.968
0         0   103.953
0         0   103.934
0         0   103.918
0         0   103.901
0         0   103.885
0         0   103.867
0         0   103.851
0         0   103.834
0         0   103.818
0         0     103.8
0         0   103.785
0         0   103.766
0         0    103.75
0         0   103.733
0         0   103.717
0         0     103.7
0         0   103.684
0         0   103.666
0         0   103.649
0         0   103.633
0         0   103.615
0         0   103.598
0         0   103.581
0         0   103.565
0         0   103.547
0         0    103.53
0         0   103.513
0         0   103.496
0         0    103.48
0         0   103.462
0         0   103.445
0         0   103.429
0         0   103.413
0         0   103.395
0         0   103.378
0         0   103.361
0         0   103.344
0         0   103.326
0         0   103.309
0         0   103.292
0         0   103.274
0         0   103.258
0         0   103.242
0         0   103.225
0         0   103.207
0         0    103.19
0         0   103.174
0         0   103.157
0         0    103.14
0         0   103.123
0         0   103.106
0         0    103.09
0         0   103.072
0         0   103.056
0         0   103.039
0         0   103.023
0         0   103.006
0         0   102.989
0         0   102.972
0         0   102.956
0         0    102.94
0         0   102.921
0         0   102.906
0         0   102.888
0         0   102.871
0         0   102.855
0         0   102.838
0         0    102.82
0         0   102.804
0         0   102.788
0         0    102.77
0         0   102.753
0         0   102.737
0         0   102.719
0         0   102.704
0         0   102.685
0         0    102.67
0         0   102.652
0         0   102.636
0         0   102.618
0         0   102.603
0         0   102.584
0         0   102.567
0         0   102.551
0         0   102.535
0         0   102.518
0         0   102.502
0         0   102.485
0         0   102.468
0         0   102.452
0         0   102.436
0         0   102.418
0         0   102.401
0         0   102.384
0         0   102.365
0         0   102.349
0         0   102.333
0         0   102.317
0         0   102.299
0         0   102.283
0         0   102.265
0         0   102.249
0         0   102.233
0         0   102.216
0         0   102.199
0         0   102.182
0         0   102.164
0         0   102.148
0         0   102.132
0         0   102.116
0         0   102.098
0         0   102.082
0         0   102.066
0         0   102.046
0         0   102.033
0         0   102.015
0         0   102.002
0         0   101.984
0         0   101.967
0         0    101.95
0         0   101.935
0         0   101.918
0         0     101.9
0         0   101.884
0         0   101.868
0         0   101.851
0         0   101.834
0         0   101.817
0         0   101.801
0         0   101.784
0         0   101.768
0         0   101.751
0         0   101.734
0         0   101.718
0         0     101.7
0         0   101.683
0         0   101.665
0         0   101.649
0         0   101.632
0         0   101.615
0         0   101.598
0         0   101.581
0         0   101.564
0         0   101.547
0         0    101.53
0         0   101.511
0         0   101.497
0         0   101.481
0         0   101.464
0         0   101.447
0         0    101.43
0         0   101.412
0         0   101.396
0         0    101.38
0         0   101.362
0         0   101.346
0         0   101.327
0         0   101.312
0         0   101.296
0         0   101.278
0         0   101.263
0         0   101.247
0         0   101.231
0         0   101.214
0         0   101.196
0         0    101.18
0         0   101.163
0         0   101.146
0         0   101.129
0         0   101.113
0         0   101.096
0         0   101.079
0         0   101.062
0         0   101.045
0         0   101.028
0         0   101.006
0         0   100.993
0         0   100.976
0         0   100.958
0         0   100.941
0         0   100.925
0         0   100.909
0         0   100.892
0         0   100.874
0         0   100.858
0         0   100.842
0         0   100.825
0         0   100.807
0         0   100.791
0         0   100.775
0         0   100.759
0         0   100.742
0         0   100.725
0         0   100.708
0         0   100.691
0         0   100.675
0         0   100.657
0         0   100.639
0         0   100.621
0         0   100.606
0         0    100.59
0         0    100.57
0         0   100.558
0         0   100.541
0         0   100.524
0         0   100.508
0         0   100.492
0         0   100.476
0         0   100.458
0         0   100.441
0         0   100.426
0         0   100.409
0         0   100.392
0         0   100.375
0         0   100.356
0         0   100.339
0         0   100.323
0         0   100.304
0         0   100.289
0         0    100.27
0         0   100.254
0         0   100.237
0         0   100.221
0         0   100.203
0         0   100.186
0         0   100.169
0         0   100.152
0         0   100.137
0         0   100.119
0         0   100.101
0         0   100.086
0         0   100.068
0         0   100.052
0         0   100.037
0         0   100.018
0         0   100.003
0         0   99.9849
0         0   99.9701
0         0   99.9521
0         0   99.9347
0         0   99.9179
0         0   99.9023
0         0   99.8857
0         0   99.8696
0         0   99.8506
0         0   99.8364
0         0   99.8173
0         0   99.8028
0         0   99.7858
0         0   99.7695
0         0   99.7528
0         0   99.7377
0         0   99.7194
0         0    99.702
0         0   99.6848
0         0   99.6676
0         0   99.6465
0         0   99.6326
0         0   99.6151
0         0   99.5979
0         0   99.5807
0         0   99.5646
0         0       120
0         0   119.864
0         0   119.838
0         0   119.821
0         0   119.804
0         0   119.789
0         0   119.771
0         0   119.756
0         0   119.739
0         0   119.723
0         0   119.705
0         0   119.689
0         0   119.673
0         0   119.656
0         0    119.64
0         0   119.623
0         0   119.606
0         0   119.589
0         0   119.572
0         0   119.556
0         0   119.539
0         0   119.522
0         0   119.506
0         0   119.488
0         0   119.472
0         0   119.456
0         0    119.44
0         0   119.424
0         0   119.407
0         0    119.39
0         0   119.369
0         0   119.354
0         0   119.337
0         0   119.321
0         0   119.303
0         0   119.288
0         0   119.271
0         0   119.255
0         0   119.237
0         0    119.22
0         0   119.203
0         0   119.187
0         0   119.171
0         0   119.155
0         0   119.137
0         0   119.121
0         0   119.104
0         0   119.088
0         0    119.07
0         0   119.054
0         0   119.038
0         0   119.021
0         0   119.004
0         0   118.987
0         0   118.971
0         0   118.955
0         0   118.938
0         0   118.921
0         0   118.905
0         0   118.888
0         0   118.872
0         0   118.856
0         0   118.839
0         0   118.822
0         0   118.805
0         0   118.789
0         0   118.772
0         0   118.754
0         0   118.737
0         0   118.721
0         0   118.704
0         0   118.688
0         0    118.67
0         0   118.653
0         0   118.636
0         0    118.62
0         0   118.603
0         0   118.586
0         0    118.57
0         0   118.554
0         0   118.537
0         0   118.521
0         0   118.504
0         0   118.487
0         0   118.471
0         0   118.454
0         0   118.437
0         0    118.42
0         0   118.403
0         0   118.386
0         0   118.369
0         0   118.352
0         0   118.336
0         0   118.319
0         0   118.303
0         0   118.286
0         0   118.268
0         0   118.252
0         0   118.235
0         0   118.218
0         0   118.202
0         0   118.186
0         0   118.169
0         0   118.152
0         0   118.135
0         0   118.117
0         0   118.101
0         0   118.084
0         0   118.068
0         0   118.052
0         0   118.035
0         0   118.019
0         0   118.002
0         0   117.985
0         0   117.968
0         0   117.951
0         0   117.934
0         0   117.919
0         0   117.903
0         0   117.886
0         0   117.869
0         0   117.852
0         0   117.835
0         0   117.818
0         0   117.801
0         0   117.784
0         0   117.767
0         0    117.75
0         0       120
0         0    119.62
0         1   119.593
0         1   119.576
0         1    119.56
0         1   119.542
0         1   119.525
0         1   119.508
0         1   119.492
0         1   119.474
0         1   119.458
0         1    119.44
0         1   119.423
0         1   119.409
0         1   119.391
0         1   119.375
0         1   119.356
0         1   119.339
0         1   119.324
0         1   119.306
0         1   119.289
0         1   119.272
0         1   119.255
0         1   119.238
0         1   119.219
0         1   119.204
0         1   119.187
0         1   119.171
0         1   119.154
0         1   119.137
0         1    119.12
0         1   119.103
0         1   119.086
0         1   119.069
0         1   119.053
0         1   119.036
0         1   119.018
0         1   119.002
0         1   118.985
0         1   118.969
0         1   118.952
0         1   118.936
0         1   118.919
0         1   118.901
0         1   118.884
0         1   118.868
0         1    118.85
0         1   118.835
0         1   118.817
0         1   118.801
0         1   118.784
0         1   118.767
0         1    118.75
0         1   118.733
0         1   118.717
0         1   118.699
0         1   118.683
0         1   118.667
0         1    118.65
0         1   118.634
0         1   118.615
0         1   118.599
0         1   118.583
0         1   118.566
0         1   118.549
0         1   118.532
0         1   118.514
0         1   118.498
0         1   118.481
0         1   118.464
0         1   118.447
0         1    118.43
0         1   118.413
0         1   118.398
0         1    118.38
0         1   118.364
0         1   118.346
0         1   118.329
0         1   118.312
0         1   118.295
0         1   118.277
0         1   118.262
0         1   118.245
0         1   118.229
0         1   118.211
0         1   118.195
0         1   118.177
0         1    118.16
0         1   118.143
0         1   118.126
0         1   118.109
0         1   118.092
0         1   118.074
0         1   118.059
0         1   118.041
0         1   118.025
0         1   118.006
0         1   117.991
0         1   117.974
0         1   117.958
0         1   117.941
0         1   117.923
0         1   117.909
0         1   117.891
0         1   117.874
0         1   117.857
0         1   117.839
0         1   117.823
0         1   117.804
0         1   117.788
0         1    117.77
0         1   117.755
0         1   117.738
0         1   117.722
0         1   117.703
0         1   117.688
0         1   117.671
0         1   117.654
0         1   117.638
0         1   117.621
0         1   117.604
0         1   117.587
0         1   117.569
0         1   117.552
0         1   117.536
0         1   117.519
0         1   117.503
0         1   117.483
0         1   117.469
0         1   117.452
0         1   117.435
0         1   117.419
0         1   117.401
0         1   117.385
0         1   117.368
0         1    117.35
0         1   117.335
0         1   117.317
0         1     117.3
0         1   117.284
0         1   117.268
0         1   117.251
0         1   117.234
0         1   117.216
0         1     117.2
0         1   117.182
0         1   117.165
0         1   117.149
0         1   117.132
0         1   117.114
0         1   117.098
0         1   117.081
0         1   117.065
0         1   117.046
0         1   117.031
0         1   117.013
0         1   116.996
0         1   116.981
0         1   116.964
0         1   116.948
0         1   116.931
0         1   116.915
0         1   116.899
0         1    116.88
0         1   116.864
0         1   116.848
0         1   116.831
0         1   116.815
0         1   116.799
0         1   116.782
0         1   116.766
0         1    116.75
0         1    116.73
0         1   116.716
0         1   116.698
0         1   116.682
0         1   116.664
0         1   116.648
0         1   116.628
0         1   116.613
0         1   116.596
0         1    116.58
0         1   116.564
0         1   116.547
0         1    116.53
0         1   116.513
0         1   116.496
0         1   116.479
0         1   116.461
0         1   116.446
0         1   116.429
0         1   116.412
0         1   116.395
0         1   116.379
0         1   116.362
0         1   116.346
0         1   116.328
0         1   116.311
0         1   116.293
0         1   116.276
0         1   116.256
0         1   116.241
0         1   116.223
0         1   116.207
0         1    116.19
0         1   116.173
0         1   116.156
0         1    116.14
0         1   116.123
0         1   116.108
0         1   116.091
0         1   116.076
0         1    116.06
0         1   116.043
0         1   116.026
0         1    116.01
0         1   115.992
0         1   115.975
0         1   115.959
0         1   115.942
0         1   115.923
0         1   115.908
0         1   115.891
0         1   115.875
0         1   115.857
0         1   115.839
0         1   115.824
0         1   115.806
0         1   115.787
0         1   115.771
0         1   115.754
0         1   115.736
0         1    115.72
0         1   115.703
0         1   115.685
0         1   115.669
0         1   115.653
0         1   115.636
0         1   115.619
0         1   115.601
0         1   115.586
0         1    115.57
0         1   115.554
0         1   115.536
0         1   115.519
0         1   115.502
0         1   115.487
0         1   115.471
0         1   115.454
0         1   115.436
0         1    115.42
0         1   115.402
0         1   115.386
0         1   115.369
0         1   115.351
0         1   115.334
0         1   115.318
0         1   115.301
0         1   115.284
0         1   115.268
0         1   115.251
0         1   115.234
0         1   115.216
0         1   115.199
0         1   115.185
0         1   115.167
0         1    115.15
0         1   115.133
0         1   115.117
0         1   115.099
0         1   115.082
0         1   115.066
0         1   115.049
0         1   115.031
0         1   115.016
0         1   114.997
0         1   114.982
0         1   114.966
0         1    114.95
0         1   114.933
0         1   114.916
0         1   114.899
0         1   114.883
0         1   114.865
0         1   114.849
0         1   114.832
0         1   114.815
0         1   114.796
0         1   114.779
0         1   114.761
0         1   114.746
0         1   114.728
0         1   114.712
0         1   114.695
0         1   114.678
0         1   114.659
0         1   114.645
0         1   114.627
0         1    114.61
0         1   114.594
0         1   114.577
0         1   114.559
0         1   114.543
0         1   114.526
0         1   114.511
0         1   114.494
0         1   114.476
0         1   114.459
0         1   114.444
0         1   114.427
0         1   114.409
0         1    114.39
0         1   114.375
0         1   114.358
0         1   114.342
0         1   114.325
0         1   114.308
0         1   114.292
0         1   114.275
0         1   114.257
0         1    114.24
0         1   114.223
0         1   114.206
0         1   114.191
0         1   114.173
0         1   114.158
0         1   114.141
0         1   114.124
0         1   114.108
0         1   114.091
0         1   114.074
0         1   114.057
0         1   114.041
0         1   114.024
0         1   114.009
0         1   113.991
0         1   113.975
0         1   113.959
0         1   113.941
0         1   113.924
0         1   113.909
0         1   113.891
0         1   113.874
0         1   113.858
0         1   113.841
0         1   113.823
0         1   113.805
0         1    113.79
0         1   113.773
0         1   113.757
0         1    113.74
0         1   113.724
0         1   113.707
0         1    113.69
0         1   113.673
0         1   113.656
0         1   113.639
0         1   113.623
0         1   113.603
0         1   113.587
0         1   113.571
0         1   113.554
0         1   113.536
0         1   113.521
0         1   113.503
0         1   113.487
0         1   113.471
0         1   113.454
0         1   113.436
0         1   113.421
0         1   113.404
0         1   113.387
0         1   113.369
0         1   113.353
0         1   113.335
0         1   113.319
0         1   113.302
0         1   113.286
0         1    113.27
0         1   113.253
0         1   113.236
0         1    113.22
0         1   113.203
0         1   113.186
0         1   113.169
0         1   113.152
0         1   113.135
0         1   113.118
0         1   113.101
0         1   113.084
0         1   113.067
0         1   113.051
0         1   113.034
0         1   113.017
0         1   112.998
0         1   112.984
0         1   112.966
0         1   112.949
0         1   112.933
0         1   112.916
0         1   112.899
0         1   112.883
0         1   112.866
0         1   112.848
0         1   112.833
0         1   112.815
0         1   112.799
0         1   112.781
0         1   112.766
0         1   112.749
0         1   112.734
0         1   112.717
0         1     112.7
0         1   112.683
0         1   112.665
0         1   112.649
0         1   112.633
0         1   112.616
0         1   112.599
0         1   112.582
0         1   112.565
0         1   112.548
0         1   112.532
0         1   112.514
0         1   112.497
0         1    112.48
0         1   112.465
0         1   112.449
0         1   112.432
0         1   112.415
0         1   112.398
0         1   112.381
0         1   112.365
0         1   112.348
0         1   112.331
0         1   112.314
0         1   112.298
0         1   112.281
0         1   112.263
0         1   112.247
0         1    112.23
0         1   112.212
0         1   112.196
0         1   112.177
0         1   112.161
0         1   112.145
0         1   112.129
0         1   112.112
0         1   112.094
0         1   112.077
0         1    112.06
0         1   112.043
0         1   112.026
0         1    112.01
0         1   111.992
0         1   111.976
0         1   111.959
0         1   111.942
0         1   111.926
0         1   111.909
0         1   111.891
0         1   111.876
0         1   111.858
0         1   111.841
0         1   111.824
0         1   111.809
0         1    111.79
0         1   111.775
0         1   111.759
0         1   111.742
0         1   111.726
0         1   111.709
0         1   111.691
0         1   111.676
0         1   111.659
0         1   111.643
0         1   111.625
0         1   111.609
0         1   111.592
0         1   111.575
0         1   111.558
0         1   111.541
0         1   111.524
0         1   111.507
0         1   111.491
0         1   111.473
0         1   111.457
0         1   111.439
0         1   111.421
0         1   111.406
0         1    111.39
0         1   111.372
0         1   111.356
0         1   111.339
0         1   111.322
0         1   111.306
0         1   111.287
0         1   111.271
0         1   111.255
0         1   111.238
0         1   111.221
0         1   111.204
0         1   111.187
0         1    111.17
0         1   111.154
0         1   111.136
0         1   111.118
0         1   111.101
0         1   111.084
0         1   111.067
0         1   111.051
0         1   111.032
0         1   111.015
0         1   110.998
0         1   110.982
0         1   110.964
0         1   110.949
0         1    110.93
0         1   110.914
0         1   110.899
0         1   110.881
0         1   110.865
0         1   110.848
0         1    110.83
0         1   110.815
0         1   110.797
0         1    110.78
0         1   110.763
0         1   110.747
0         1    110.73
0         1   110.714
0         1   110.694
0         1   110.679
0         1   110.662
0         1   110.646
0         1   110.629
0         1   110.613
0         1   110.596
0         1   110.579
0         1   110.562
0         1   110.546
0         1   110.528
0         1   110.512
0         1   110.495
0         1   110.477
0         1   110.461
0         1   110.444
0         1   110.425
0         1   110.411
0         1   110.395
0         1   110.376
0         1   110.361
0         1   110.345
0         1   110.327
0         1   110.311
0         1   110.294
0         1   110.276
0         1   110.259
0         1   110.242
0         1   110.225
0         1   110.207
0         1    110.19
0         1   110.173
0         1   110.157
0         1   110.139
0         1   110.121
0         1   110.105
0         1   110.087
0         1   110.071
0         1   110.053
0         1   110.037
0         1   110.021
0         1   110.005
0         1   109.988
0         1   109.971
0         1   109.955
0         1   109.937
0         1   109.921
0         1   109.904
0         1   109.888
0         1    109.87
0         1   109.853
0         1   109.839
0         1   109.822
0         1   109.805
0         1   109.788
0         1   109.771
0         1   109.755
0         1   109.736
0         1   109.721
0         1   109.704
0         1   109.689
0         1   109.671
0         1   109.654
0         1   109.635
0         1    109.62
0         1   109.603
0         1   109.584
0         1   109.568
0         1   109.552
0         1   109.535
0         1   109.519
0         1   109.502
0         1   109.484
0         1   109.468
0         1   109.449
0         1   109.434
0         1   109.418
0         1     109.4
0         1   109.382
0         1   109.366
0         1    109.35
0         1   109.329
0         1   109.315
0         1   109.299
0         1   109.283
0         1   109.265
0         1   109.249
0         1   109.233
0         1   109.216
0         1   109.199
0         1   109.182
0         1   109.165
0         1   109.149
0         1   109.131
0         1   109.115
0         1   109.099
0         1   109.082
0         1   109.064
0         1   109.049
0         1   109.032
0         1   109.016
0         1       109
0         1   108.983
0         1   108.966
0         1   108.949
0         1   108.931
0         1   108.915
0         1   108.897
0         1    108.88
0         1   108.862
0         1   108.846
0         1   108.829
0         1   108.811
0         1   108.795
0         1   108.779
0         1   108.762
0         1   108.745
0         1   108.728
0         1   108.712
0         1   108.694
0         1   108.678
0         1   108.661
0         1   108.645
0         1   108.626
0         1    108.61
0         1   108.595
0         1   108.577
0         1    108.56
0         1   108.545
0         1   108.528
0         1    108.51
0         1   108.494
0         1   108.477
0         1   108.461
0         1   108.442
0         1   108.427
0         1   108.409
0         1   108.391
0         1   108.375
0         1   108.359
0         1   108.342
0         1   108.324
0         1   108.307
0         1   108.292
0         1   108.275
0         1   108.257
0         1   108.241
0         1   108.225
0         1   108.208
0         1    108.19
0         1   108.174
0         1   108.157
0         1    108.14
0         1   108.123
0         1   108.107
0         1    108.09
0         1   108.073
0         1   108.056
0         1    108.04
0         1   108.023
0         1   108.005
0         1   107.989
0         1    107.97
0         1   107.954
0         1   107.937
0         1    107.92
0         1   107.902
0         1   107.886
0         1   107.868
0         1   107.851
0         1   107.834
0         1   107.817
0         1   107.801
0         1   107.784
0         1   107.767
0         1   107.751
0         1   107.732
0         1   107.715
0         1   107.698
0         1   107.681
0         1   107.662
0         1   107.645
0         1    107.63
0         1   107.614
0         1   107.596
0         1   107.579
0         1   107.562
0         1   107.547
0         1   107.529
0         1   107.513
0         1   107.494
0         1   107.479
0         1   107.462
0         1   107.444
0         1   107.428
0         1   107.411
0         1   107.393
0         1   107.378
0         1   107.361
0         1   107.345
0         1   107.327
0         1   107.311
0         1   107.294
0         1   107.278
0         1   107.261
0         1   107.244
0         1   107.228
0         1    107.21
0         1   107.194
0         1   107.178
0         1   107.161
0         1   107.144
0         1   107.126
0         1    107.11
0         1   107.094
0         1   107.077
0         1   107.059
0         1   107.043
0         1   107.024
0         1   107.009
0         1   106.993
0         1   106.977
0         1    106.96
0         1   106.944
0         1   106.926
0         1    106.91
0         1   106.893
0         1   106.876
0         1    106.86
0         1   106.843
0         1   106.826
0         1   106.809
0         1   106.795
0         1   106.777
0         1   106.761
0         1   106.743
0         1   106.727
0         1    106.71
0         1   106.694
0         1   106.677
0         1    106.66
0         1   106.643
0         1   106.625
0         1   106.608
0         1   106.591
0         1    106.47
0         1   106.468
0         1   106.452
0         1   106.435
0         1   106.419
0         1   106.403
0         1   106.386
0         1   106.369
0         1   106.352
0         1   106.334
0         1   106.319
0         1   106.303
0         1   106.286
0         1   106.268
0         1   106.251
0         1   106.235
0         1   106.217
0         1     106.2
0         1   106.183
0         1   106.166
0         1   106.149
0         1   106.133
0         1   106.116
0         1   106.099
0         1   106.079
0         1   106.064
0         1   106.047
0         1   106.028
0         1   106.013
0         1   105.996
0         1   105.979
0         1   105.963
0         1   105.945
0         1   105.928
0         1    105.91
0         1   105.894
0         1   105.877
0         1   105.858
0         1   105.843
0         1   105.826
0         1   105.808
0         1   105.792
0         1   105.774
0         1   105.758
0         1    105.74
0         1   105.724
0         1   105.706
0         1   105.691
0         1   105.675
0         1   105.658
0         1   105.641
0         1   105.625
0         1   105.606
0         1    105.59
0         1   105.573
0         1   105.557
0         1   105.541
0         1   105.523
0         1   105.507
0         1   105.489
0         1   105.472
0         1   105.456
0         1   105.439
0         1   105.422
0         1   105.406
0         1   105.389
0         1   105.372
0         1   105.356
0         1   105.338
0         1   105.322
0         1   105.306
0         1   105.288
0         1   105.271
0         1   105.254
0         1   105.237
0         1   105.221
0         1   105.204
0         1   105.186
0         1   105.169
0         1   105.153
0         1   105.136
0         1   105.119
0         1   105.102
0         1   105.087
0         1    105.07
0         1   105.053
0         1   105.036
0         1   105.017
0         1   105.001
0         1   104.983
0         1   104.968
0         1    104.95
0         1   104.934
0         1   104.917
0         1   104.901
0         1   104.884
0         1   104.867
0         1   104.849
0         1   104.833
0         1   104.817
0         1     104.8
0         1   104.782
0         1   104.765
0         1   104.749
0         1   104.732
0         1   104.715
0         1   104.698
0         1   104.681
0         1   104.665
0         1   104.648
0         1   104.632
0         1   104.614
0         1   104.599
0         1   104.581
0         1   104.566
0         1   104.549
0         1   104.532
0         1   104.515
0         1   104.497
0         1   104.481
0         1   104.465
0         1   104.447
0         1   104.431
0         1   104.413
0         1   104.396
0         1    104.38
0         1   104.363
0         1   104.347
0         1    104.33
0         1   104.312
0         1   104.296
0         1   104.279
0         1   104.263
0         1   104.246
0         1   104.229
0         1   104.212
0         1   104.196
0         1    104.18
0         1   104.162
0         1   104.145
0         1   104.129
0         1   104.111
0         1   104.096
0         1   104.079
0         1   104.062
0         1   104.046
0         1   104.029
0         1   104.009
0         1   103.993
0         1   103.978
0         1   103.961
0         1   103.946
0         1   103.928
0         1   103.912
0         1   103.894
0         1   103.878
0         1   103.861
0         1   103.843
0         1   103.827
0         1    103.81
0         1   103.793
0         1   103.777
0         1    103.76
0         1   103.742
0         1   103.726
0         1   103.708
0         1   103.693
0         1   103.675
0         1   103.658
0         1   103.641
0         1   103.622
0         1   103.607
0         1    103.59
0         1   103.573
0         1   103.554
0         1   103.537
0         1   103.522
0         1   103.505
0         1   103.488
0         1   103.471
0         1   103.454
0         1   103.436
0         1    103.42
0         1   103.402
0         1   103.386
0         1   103.369
0         1   103.352
0         1   103.335
0         1   103.317
0         1     103.3
0         1    103.28
0         1   103.268
0         1   103.251
0         1   103.234
0         1   103.217
0         1     103.2
0         1   103.183
0         1   103.168
0         1   103.151
0         1   103.133
0         1   103.116
0         1   103.099
0         1    103.08
0         1   103.065
0         1   103.048
0         1   103.031
0         1   103.014
0         1   102.997
0         1   102.979
0         1   102.961
0         1   102.945
0         1   102.926
0         1    102.91
0         1   102.894
0         1   102.877
0         1    102.86
0         1   102.842
0         1   102.826
0         1    102.81
0         1   102.791
0         1   102.775
0         1   102.758
0         1   102.742
0         1   102.725
0         1   102.708
0         1   102.691
0         1   102.674
0         1   102.657
0         1   102.641
0         1   102.622
0         1   102.605
0         1   102.588
0         1   102.571
0         1   102.555
0         1   102.539
0         1   102.522
0         1   102.505
0         1   102.488
0         1   102.472
0         1   102.452
0         1   102.437
0         1   102.421
0         1   102.405
0         1   102.388
0         1   102.372
0         1   102.355
0         1   102.337
0         1   102.321
0         1   102.304
0         1   102.288
0         1   102.271
0         1   102.254
0         1   102.237
0         1   102.221
0         1   102.204
0         1   102.188
0         1    102.17
0         1   102.153
0         1   102.136
0         1   102.119
0         1   102.102
0         1   102.086
0         1   102.068
0         1   102.051
0         1   102.035
0         1   102.015
0         1       102
0         1   101.982
0         1   101.966
0         1   101.949
0         1   101.932
0         1   101.914
0         1   101.898
0         1   101.881
0         1   101.865
0         1   101.846
0         1   101.831
0         1   101.813
0         1   101.798
0         1    101.78
0         1   101.763
0         1   101.747
0         1    101.73
0         1    101.71
0         1   101.696
0         1   101.679
0         1   101.663
0         1   101.645
0         1   101.629
0         1   101.611
0         1   101.595
0         1   101.577
0         1    101.56
0         1   101.543
0         1   101.527
0         1    101.51
0         1   101.495
0         1   101.477
0         1   101.459
0         1   101.443
0         1   101.427
0         1   101.411
0         1   101.393
0         1   101.377
0         1    101.36
0         1   101.341
0         1   101.324
0         1   101.307
0         1   101.291
0         1   101.275
0         1   101.259
0         1   101.242
0         1   101.225
0         1   101.209
0         1   101.192
0         1   101.174
0         1   101.158
0         1   101.141
0         1   101.124
0         1   101.108
0         1   101.091
0         1   101.074
0         1   101.056
0         1   101.039
0         1   101.025
0         1   101.007
0         1   100.991
0         1   100.974
0         1   100.958
0         1   100.941
0         1   100.924
0         1   100.906
0         1   100.889
0         1   100.872
0         1   100.854
0         1   100.839
0         1   100.821
0         1   100.804
0         1   100.787
0         1    100.77
0         1   100.752
0         1   100.736
0         1   100.717
0         1   100.702
0         1   100.685
0         1   100.668
0         1   100.652
0         1   100.636
0         1   100.618
0         1   100.602
0         1   100.585
0         1   100.567
0         1   100.549
0         1   100.533
0         1   100.516
0         1   100.498
0         1   100.482
0         1   100.464
0         1   100.447
0         1   100.431
0         1   100.414
0         1   100.397
0         1   100.378
0         1   100.361
0         1   100.344
0         1   100.326
0         1   100.308
0         1   100.292
0         1   100.276
0         1   100.258
0         1   100.242
0         1   100.225
0         1   100.208
0         1   100.192
0         1   100.173
0         1   100.158
0         1   100.141
0         1   100.124
0         1   100.106
0         1    100.09
0         1   100.073
0         1   100.057
0         1    100.04
0         1   100.022
0         1   100.005
0         1   99.9894
0         1   99.9724
0         1    99.955
0         1   99.9379
0         1   99.9223
0         1    99.906
0         1   99.8888
0         1   99.8735
0         1   99.8576
0         1   99.8405
0         1    99.824
0         1   99.8071
0         1   99.7901
0         1   99.7745
0         1   99.7582
0         1   99.7413
0         1   99.7246
0         1   99.7074
0         1   99.6913
0         1   99.6734
0         1   99.6573
0         1   99.6399
0         1   99.6227
0         1    99.606
0         1   99.5895
0         1   99.5719
0         1   99.5562
0         1   99.5386
0         1   99.5205
0         1   99.5048
0         1   99.4881
0         1   99.4715
0         1   99.4546
0         1   99.4376
0         1   99.4203
0         1   99.4044
0         1   99.3872
0         1   99.3701
0         1   99.3524
0         1   99.3353
0         1   99.3184
0         1    99.302
0         1   99.2859
0         1   99.2694
0         1   99.2504
0         1   99.2356
0         1   99.2172
0         1   99.2003
0         1   99.1837
0         1    99.168
0         1   99.1501
0         1   99.1359
0         1   99.1189
0         1   99.1024
0         1   99.0852
0         1   99.0677
0         1   99.0499
0         1   99.0346
0         1   99.0173
0         1   99.0018
0         1    98.982
0         1   98.9671
0         1   98.9509
0         1   98.9334
0         1   98.9154
0         1   98.8989
0         1   98.8822
0         1   98.8656
0         1   98.8461
0         1   98.8305
0         1   98.8147
0         1    98.799
0         1   98.7815
0         1   98.7642
0         1   98.7454
0         1   98.7304
0         1   98.7137
0         1    98.696
0         1   98.6806
0         1   98.6634
0         1   98.6435
0         1   98.6298
0         1   98.6128
0         1   98.5967
0         1   98.5805
0         1   98.5635
0         1   98.5458
0         1   98.5294
0         1   98.5127
0         1   98.4948
0         1   98.4779
0         1   98.4585
0         1   98.4428
0         1   98.4261
0         1   98.4096
0         1    98.392
0         1   98.3743
0         1   98.3577
0         1   98.3411
0         1   98.3248
0         1   98.3071
0         1   98.2903
0         1   98.2728
0         1   98.2561
0         1   98.2391
0         1   98.2235
0         1    98.207
0         1   98.1874
0         1   98.1713
0         1   98.1575
0         1   98.1412
0         1   98.1256
0         1   98.1089
0         1   98.0918
0         1   98.0744
0         1   98.0568
0         1   98.0405
0         1   98.0239
0         1   98.0084
0         1   97.9908
0         1   97.9753
0         1   97.9582
0         1   97.9406
0         1   97.9259
0         1   97.9096
0         1    97.892
0         1   97.8742
0         1   97.8577
0         1   97.8397
0         1   97.8235
0         1    97.807
0         1   97.7889
0         1   97.7716
0         1   97.7558
0         1   97.7393
0         1   97.7234
0         1   97.7062
0         1    97.688
0         1   97.6725
0         1   97.6547
0         1   97.6375
0         1    97.619
0         1   97.6038
0         1   97.5875
0         1   97.5708
0         1   97.5543
0         1   97.5369
0         1   97.5197
0         1   97.5039
0         1   97.4862
0         1   97.4699
0         1   97.4517
0         1   97.4367
0         1    97.419
0         1   97.4008
0         1   97.3853
0         1   97.3656
0         1   97.3507
0         1   97.3329
0         1   97.3167
0         1   97.2971
0         1   97.2831
0         1   97.2657
0         1   97.2502
0         1   97.2314
0         1   97.2161
0         1      97.2
0         1   97.1813
0         1   97.1652
0         1   97.1503
0         1   97.1329
0         1   97.1177
0         1   97.1017
0         1   97.0844
0         1   97.0672
0         1   97.0512
0         1   97.0335
0         1   97.0166
0         1   96.9994
0         1   96.9809
0         1   96.9646
0         1   96.9483
0         1   96.9317
0         1   96.9158
0         1   96.8985
0         1   96.8821
0         1   96.8642
0         1   96.8477
0         1    96.831
0         1   96.8146
0         1   96.7974
0         1   96.7812
0         1   96.7641
0         1   96.7483
0         1   96.7303
0         1   96.7146
0         1   96.6957
0         1   96.6803
0         1   96.6634
0         1   96.6464
0         1   96.6303
0         1   96.6137
0         1   96.5962
0         1   96.5792
0         1   96.5617
0         1    96.545
0         1    96.528
0         1   96.5095
0         1   96.4937
0         1   96.4772
0         1   96.4603
0         1   96.4411
0         1    96.426
0         1   96.4076
0         1   96.3902
0         1   96.3754
0         1   96.3578
0         1   96.3399
0         1   96.3249
0         1   96.3069
0         1   96.2899
0         1   96.2734
0         1   96.2568
0         1   96.2384
0         1   96.2205
0         1   96.2052
0         1   96.1867
0         1   96.1715
0         1   96.1554
0         1   96.1388
0         1   96.1196
0         1   96.1045
0         1   96.0886
0         1   96.0703
0         1   96.0537
0         1   96.0377
0         1   96.0198
0         1   96.0038
0         1    95.986
0         1   95.9702
0         1   95.9541
0         1   95.9349
0         1   95.9193
0         1   95.9023
0         1   95.8859
0         1   95.8674
0         1   95.8534
0         1   95.8341
0         1   95.8182
0         1   95.8008
0         1   95.7845
0         1   95.7645
0         1   95.7481
0         1   95.7325
0         1   95.7158
0         1    95.698
0         1    95.684
0         1    95.668
0         1   95.6516
0         1   95.6338
0         1   95.6171
0         1   95.5999
0         1   95.5832
0         1   95.5647
0         1   95.5492
0         1   95.5313
0         1   95.5154
0         1   95.4997
0         1    95.483
0         1   95.4655
0         1   95.4496
0         1   95.4333
0         1   95.4167
0         1   95.4008
0         1   95.3836
0         1   95.3672
0         1   95.3496
0         1   95.3336
0         1   95.3137
0         1   95.2991
0         1   95.2816
0         1   95.2664
0         1   95.2492
0         1   95.2326
0         1   95.2175
0         1   95.1995
0         1   95.1824
0         1   95.1672
0         1   95.1505
0         1   95.1347
0         1    95.117
0         1   95.0997
0         1    95.083
0         1   95.0655
0         1   95.0481
0         1   95.0319
0         1   95.0155
0         1   94.9986
0         1   94.9813
0         1   94.9646
0         1    94.948
0         1   94.9308
0         1   94.9139
0         1   94.8984
0         1   94.8818
0         1   94.8656
0         1   94.8487
0         1    94.831
0         1   94.8138
0         1   94.7962
0         1   94.7807
0         1   94.7637
0         1   94.7472
0         1   94.7313
0         1   94.7144
0         1   94.6973
0         1   94.6813
0         1   94.6639
0         1   94.6472
0         1   94.6312
0         1   94.6137
0         1    94.596
0         1   94.5802
0         1   94.5637
0         1   94.5459
0         1   94.5268
0         1   94.5094
0         1   94.4943
0         1   94.4783
0         1   94.4605
0         1   94.4453
0         1   94.4288
0         1   94.4114
0         1   94.3961
0         1   94.3794
0         1    94.362
0         1   94.3442
0         1   94.3287
0         1   94.3121
0         1   94.2939
0         1   94.2771
0         1   94.2607
0         1   94.2429
0         1   94.2259
0         1   94.2095
0         1    94.192
0         1   94.1759
0         1     94.16
0         1   94.1435
0         1   94.1256
0         1   94.1083
0         1   94.0916
0         1   94.0731
0         1   94.0556
0         1    94.038
0         1   94.0222
0         1   94.0063
0         1   93.9897
0         1   93.9743
0         1   93.9562
0         1   93.9404
0         1   93.9243
0         1   93.9069
0         1    93.892
0         1   93.8752
0         1   93.8578
0         1   93.8414
0         1   93.8237
0         1   93.8073
0         1   93.7917
0         1   93.7745
0         1   93.7576
0         1   93.7417
0         1   93.7245
0         1   93.7076
0         1   93.6917
0         1   93.6745
0         1    93.657
0         1   93.6415
0         1   93.6242
0         1   93.6073
0         1   93.5902
0         1   93.5741
0         1    93.557
0         1   93.5405
0         1   93.5234
0         1   93.5067
0         1   93.4907
0         1   93.4739
0         1   93.4569
0         1   93.4401
0         1   93.4233
0         1   93.4045
0         1   93.3907
0         1   93.3745
0         1   93.3579
0         1   93.3387
0         1   93.3223
0         1   93.3048
0         1   93.2897
0         1   93.2711
0         1   93.2556
0         1    93.239
0         1   93.2225
0         1   93.2063
0         1   93.1897
0         1   93.1711
0         1   93.1567
0         1   93.1388
0         1   93.1218
0         1   93.1056
0         1   93.0914
0         1    93.075
0         1   93.0573
0         1   93.0396
0         1   93.0239
0         1   93.0074
0         1   92.9912
0         1   92.9747
0         1   92.9581
0         1   92.9423
0         1   92.9248
0         1   92.9087
0         1   92.8401
0         1   92.8378
0         1   92.8222
0         1   92.8049
0         1   92.7897
0         1   92.7731
0         1   92.7558
0         1   92.7384
0         1    92.722
0         1   92.7058
0         1   92.6892
0         1    92.671
0         1   92.6558
0         1   92.6387
0         1   92.6218
0         1   92.6065
0         1   92.5898
0         1   92.5724
0         1   92.5529
0         1   92.5398
0         1   92.5213
0         1   92.5063
0         1   92.4896
0         1   92.4734
0         1   92.4563
0         1   92.4403
0         1   92.4237
0         1   92.4078
0         1   92.3893
0         1   92.3724
0         1   92.3558
0         1   92.3387
0         1   92.3207
0         1   92.3044
0         1   92.2861
0         1   92.2699
0         1   92.2532
0         1   92.2348
0         1   92.2185
0         1   92.2021
0         1   92.1853
0         1    92.169
0         1   92.1526
0         1   92.1357
0         1   92.1182
0         1   92.1027
0         1   92.0861
0         1   92.0693
0         1    92.053
0         1   92.0369
0         1   92.0206
0         1    92.003
0         1   91.9864
0         1   91.9699
0         1   91.9529
0         1   91.9358
0         1   91.9194
0         1   91.9029
0         1    91.885
0         1   91.8686
0         1   91.8518
0         1   91.8349
0         1    91.817
0         1   91.8012
0         1   91.7849
0         1   91.7671
0         1    91.751
0         1   91.7324
0         1   91.7169
0         1   91.7005
0         1   91.6826
0         1   91.6665
0         1   91.6489
0         1   91.6308
0         1   91.6135
0         1   91.5963
0         1   91.5807
0         1   91.5631
0         1   91.5454
0         1   91.5288
0         1    91.512
0         1   91.4948
0         1   91.4793
0         1   91.4613
0         1   91.4458
0         1    91.428
0         1   91.4114
0         1    91.395
0         1   91.3783
0         1   91.3615
0         1   91.3457
0         1   91.3287
0         1   91.3118
0         1   91.2932
0         1   91.2775
0         1   91.2606
0         1    91.243
0         1   91.2264
0         1   91.2089
0         1   91.1936
0         1   91.1777
0         1   91.1594
0         1   91.1439
0         1   91.1271
0         1   91.1094
0         1   91.0928
0         1   91.0776
0         1    91.059
0         1    91.044
0         1   91.0278
0         1   91.0112
0         1   90.9939
0         1   90.9762
0         1   90.9607
0         1   90.9436
0         1   90.9269
0         1   90.9094
0         1   90.8921
0         1   90.8748
0         1   90.8588
0         1   90.8415
0         1   90.8241
0         1   90.8075
0         1   90.7903
0         1   90.7739
0         1    90.758
0         1   90.7408
0         1   90.7246
0         1   90.7074
0         1   90.6911
0         1   90.6737
0         1   90.6574
0         1   90.6395
0         1   90.6223
0         1   90.6071
0         1   90.5897
0         1   90.5718
0         1   90.5551
0         1   90.5387
0         1   90.5228
0         1    90.504
0         1   90.4883
0         1   90.4722
0         1   90.4546
0         1   90.4346
0         1   90.4202
0         1   90.4031
0         1   90.3858
0         1   90.3686
0         1   90.3522
0         1   90.3336
0         1   90.3176
0         1   90.3004
0         1    90.284
0         1   90.2677
0         1   90.2507
0         1   90.2332
0         1   90.2153
0         1   90.1963
0         1   90.1824
0         1   90.1635
0         1   90.1474
0         1   90.1304
0         1    90.113
0         1   90.0966
0         1   90.0806
0         1   90.0626
0         1   90.0449
0         1   90.0297
0         1    90.013
0         1   89.9936
0         1   89.9792
0         1   89.9614
0         1   89.9456
0         1   89.9266
0         1   89.9085
0         1   89.8945
0         1   89.8781
0         1   89.8611
0         1   89.8444
0         1   89.8275
0         1   89.8107
0         1   89.7936
0         1    89.778
0         1   89.7608
0         1   89.7431
0         1   89.7274
0         1   89.7088
0         1   89.6918
0         1   89.6767
0         1   89.6594
0         1   89.6426
0         1   89.6245
0         1   89.6091
0         1   89.5916
0         1   89.5735
0         1   89.5566
0         1   89.5413
0         1    89.525
0         1   89.5061
0         1   89.4898
0         1   89.4736
0         1   89.4557
0         1   89.4393
0         1   89.4214
0         1   89.4049
0         1   89.3884
0         1   89.3694
0         1   89.3544
0         1   89.3372
0         1   89.3211
0         1   89.3033
0         1   89.2854
0         1   89.2683
0         1   89.2523
0         1   89.2356
0         1   89.2187
0         1   89.2019
0         1   89.1862
0         1   89.1669
0         1    89.151
0         1   89.1344
0         1   89.1186
0         1   89.1016
0         1   89.0859
0         1   89.0689
0         1    89.052
0         1   89.0342
0         1   89.0171
0         1   89.0009
0         1   88.9844
0         1   88.9661
0         1   88.9503
0         1   88.9337
0         1   88.9175
0         1   88.8998
0         1   88.8826
0         1   88.8652
0         1   88.8496
0         1   88.8307
0         1   88.8152
0         1   88.7975
0         1   88.7819
0         1   88.7647
0         1   88.7476
0         1   88.7311
0         1    88.715
0         1   88.6975
0         1   88.6803
0         1   88.6646
0         1   88.6481
0         1   88.6316
0         1   88.6139
0         1   88.5985
0         1   88.5816
0         1   88.5645
0         1   88.5476
0         1   88.5316
0         1   88.5152
0         1   88.4968
0         1   88.4809
0         1   88.4634
0         1   88.4474
0         1   88.4308
0         1   88.4121
0         1   88.3956
0         1   88.3787
0         1   88.3629
0         1    88.346
0         1   88.3301
0         1   88.3132
0         1   88.2966
0         1   88.2798
0         1   88.2635
0         1   88.2462
0         1   88.2308
0         1   88.2137
0         1   88.1974
0         1   88.1793
0         1   88.1631
0         1    88.147
0         1   88.1304
0         1   88.1128
0         1    88.095
0         1   88.0784
0         1   88.0627
0         1   88.0462
0         1   88.0291
0         1   88.0126
0         1   87.9963
0         1   87.9789
0         1   87.9627
0         1    87.945
0         1   87.9294
0         1   87.9122
0         1   87.8955
0         1   87.8791
0         1    87.862
0         1   87.8462
0         1   87.8291
0         1   87.8111
0         1   87.7948
0         1    87.778
0         1   87.7606
0         1   87.7426
0         1   87.7249
0         1   87.7101
0         1   87.6925
0         1   87.6768
0         1    87.659
0         1   87.6416
0         1   87.6253
0         1    87.609
0         1   87.5919
0         1   87.5739
0         1   87.5573
0         1   87.5407
0         1   87.5232
0         1   87.5061
0         1   87.4885
0         1   87.4717
0         1   87.4547
0         1   87.4372
0         1   87.4209
0         1   87.4051
0         1   87.3884
0         1   87.3699
0         1   87.3535
0         1   87.3346
0         1    87.318
0         1   87.3014
0         1    87.285
0         1   87.2702
0         1   87.2516
0         1   87.2357
0         1   87.2186
0         1   87.2026
0         1    87.183
0         1   87.1672
0         1   87.1506
0         1   87.1343
0         1   87.1176
0         1   87.1028
0         1   87.0854
0         1   87.0692
0         1   87.0523
0         1   87.0362
0         1   87.0182
0         1   87.0022
0         1   86.9849
0         1   86.9687
0         1   86.9507
0         1   86.9342
0         1   86.9166
0         1    86.899
0         1   86.8829
0         1   86.8661
0         1   86.8496
0         1    86.833
0         1   86.8156
0         1      86.8
0         1   86.7819
0         1   86.7659
0         1    86.749
0         1   86.7315
0         1    86.716
0         1   86.6995
0         1   86.6833
0         1   86.6668
0         1   86.6499
0         1   86.6331
0         1   86.6159
0         1   86.5996
0         1   86.5827
0         1   86.5658
0         1   86.5501
0         1   86.5332
0         1    86.517
0         1   86.5001
0         1   86.4838
0         1   86.4675
0         1   86.4507
0         1   86.4327
0         1   86.4167
0         1   86.3993
0         1   86.3826
0         1   86.3659
0         1   86.3503
0         1   86.3324
0         1   86.3157
0         1   86.2986
0         1   86.2829
0         1   86.2662
0         1    86.251
0         1   86.2336
0         1   86.2157
0         1   86.1988
0         1   86.1817
0         1   86.1658
0         1    86.149
0         1   86.0845
0         1   86.0821
0         1    86.066
0         1   86.0495
0         1    86.033
0         1    86.017
0         1   85.9998
0         1    85.983
0         1   85.9665
0         1   85.9501
0         1   85.9334
0         1   85.9159
0         1    85.899
0         1   85.8815
0         1   85.8648
0         1   85.8479
0         1   85.8298
0         1   85.8142
0         1   85.7975
0         1   85.7811
0         1   85.7644
0         1   85.7477
0         1   85.7308
0         1   85.7138
0         1   85.6961
0         1   85.6791
0         1   85.6631
0         1   85.6456
0         1   85.6291
0         1   85.6123
0         1   85.5956
0         1   85.5781
0         1   85.5608
0         1   85.5447
0         1   85.5276
0         1   85.5098
0         1   85.4936
0         1   85.4757
0         1   85.4602
0         1   85.4423
0         1   85.4275
0         1   85.4101
0         1   85.3941
0         1   85.3754
0         1   85.3588
0         1   85.3429
0         1   85.3253
0         1   85.3081
0         1   85.2918
0         1   85.2742
0         1   85.2579
0         1   85.2407
0         1   85.2238
0         1   85.2072
0         1   85.1907
0         1   85.1727
0         1   85.1575
0         1   85.1394
0         1   85.1226
0         1   85.1054
0         1    85.089
0         1   85.0729
0         1   85.0561
0         1    85.039
0         1   85.0217
0         1   85.0046
0         1   84.9879
0         1   84.9723
0         1   84.9546
0         1   84.9378
0         1   84.9207
0         1   84.9035
0         1    84.887
0         1   84.8702
0         1   84.8534
0         1   84.8361
0         1    84.819
0         1   84.8014
0         1   84.7863
0         1   84.7696
0         1   84.7523
0         1   84.7359
0         1    84.718
0         1    84.703
0         1   84.6834
0         1   84.6693
0         1   84.6519
0         1   84.6353
0         1   84.6186
0         1   84.6021
0         1   84.5847
0         1   84.5684
0         1   84.5496
0         1   84.5341
0         1   84.5154
0         1      84.5
0         1   84.4827
0         1   84.4665
0         1   84.4501
0         1   84.4329
0         1   84.4145
0         1   84.3991
0         1   84.3822
0         1   84.3649
0         1    84.348
0         1   84.3321
0         1   84.3159
0         1    84.299
0         1   84.2813
0         1   84.2645
0         1   84.2479
0         1   84.2322
0         1   84.2155
0         1   84.1985
0         1   84.1802
0         1    84.164
0         1    84.147
0         1   84.1309
0         1   84.1144
0         1   84.0962
0         1   84.0805
0         1   84.0634
0         1   84.0461
0         1   84.0301
0         1   84.0132
0         1    83.996
0         1   83.9788
0         1   83.9617
0         1   83.9445
0         1   83.9264
0         1   83.9113
0         1   83.8941
0         1   83.8776
0         1   83.8607
0         1   83.8444
0         1   83.8273
0         1   83.8098
0         1   83.7931
0         1   83.7756
0         1   83.7586
0         1    83.742
0         1   83.7256
0         1    83.709
0         1   83.6929
0         1   83.6763
0         1    83.659
0         1   83.6424
0         1    83.623
0         1   83.6105
0         1   83.5928
0         1   83.5754
0         1   83.5588
0         1   83.5422
0         1   83.5246
0         1   83.5081
0         1   83.4902
0         1   83.4751
0         1   83.4576
0         1     83.44
0         1   83.4226
0         1   83.4054
0         1   83.3894
0         1   83.3722
0         1   83.3547
0         1    83.338
0         1   83.3215
0         1   83.3045
0         1   83.2869
0         1   83.2703
0         1   83.2541
0         1   83.2367
0         1   83.2195
0         1   83.2029
0         1    83.186
0         1   83.1696
0         1   83.1531
0         1   83.1361
0         1   83.1188
0         1   83.1028
0         1   83.0864
0         1   83.0704
0         1   83.0546
0         1   83.0373
0         1   83.0211
0         1   83.0039
0         1   82.9874
0         1   82.9695
0         1   82.9536
0         1   82.9358
0         1   82.9199
0         1   82.9017
0         1   82.8859
0         1   82.8691
0         1   82.8529
0         1   82.8351
0         1   82.8183
0         1   82.7989
0         1   82.7839
0         1   82.7669
0         1   82.7501
0         1   82.7334
0         1   82.7161
0         1      82.7
0         1   82.6838
0         1   82.6664
0         1    82.651
0         1   82.6341
0         1   82.6173
0         1   82.6008
0         1   82.5845
0         1   82.5677
0         1   82.5514
0         1   82.5344
0         1   82.5173
0         1   82.5008
0         1    82.484
0         1   82.4684
0         1   82.4509
0         1   82.4348
0         1   82.4171
0         1   82.4018
0         1   82.3844
0         1    82.368
0         1   82.3509
0         1    82.334
0         1   82.3168
0         1      82.3
0         1   82.2827
0         1   82.2658
0         1   82.2491
0         1   82.2335
0         1   82.2156
0         1   82.1991
0         1   82.1832
0         1    82.166
0         1   82.1473
0         1   82.1323
0         1   82.1152
0         1   82.0981
0         1   82.0805
0         1   82.0649
0         1   82.0476
0         1   82.0313
0         1   82.0145
0         1   81.9965
0         1    81.979
0         1   81.9629
0         1   81.9457
0         1   81.9286
0         1   81.9104
0         1   81.8938
0         1    81.877
0         1   81.8606
0         1    81.842
0         1   81.8253
0         1   81.8087
0         1   81.7914
0         1   81.7708
0         1   81.7569
0         1   81.7388
0         1   81.7231
0         1   81.7057
0         1   81.6895
0         1   81.6733
0         1   81.6555
0         1   81.6384
0         1   81.6214
0         1   81.6016
0         1   81.5882
0         1   81.5706
0         1   81.5543
0         1   81.5369
0         1   81.5199
0         1   81.5044
0         1   81.4877
0         1   81.4704
0         1   81.4549
0         1   81.4393
0         1   81.4209
0         1   81.4047
0         1   81.3888
0         1   81.3729
0         1   81.3548
0         1   81.3384
0         1   81.3222
0         1   81.3064
0         1   81.2889
0         1   81.2722
0         1   81.2551
0         1   81.2391
0         1   81.2213
0         1   81.2044
0         1    81.188
0         1    81.171
0         1   81.1537
0         1   81.1365
0         1   81.1193
0         1   81.1024
0         1   81.0839
0         1   81.0675
0         1   81.0506
0         1   81.0347
0         1   81.0171
0         1    81.001
0         1   80.9837
0         1   80.9684
0         1   80.9516
0         1   80.9352
0         1   80.9166
0         1   80.9009
0         1   80.8847
0         1   80.8674
0         1    80.851
0         1   80.8341
0         1   80.8177
0         1    80.801
0         1   80.7843
0         1   80.7675
0         1   80.7508
0         1   80.7346
0         1   80.7173
0         1   80.7016
0         1   80.6815
0         1   80.6667
0         1   80.6497
0         1   80.6329
0         1   80.6148
0         1   80.5974
0         1   80.5802
0         1   80.5641
0         1   80.5455
0         1   80.5293
0         1   80.5117
0         1   80.4962
0         1   80.4791
0         1   80.4623
0         1   80.4451
0         1   80.4295
0         1   80.4113
0         1   80.3951
0         1   80.3765
0         1   80.3609
0         1   80.3445
0         1   80.3286
0         1   80.3115
0         1   80.2943
0         1   80.2777
0         1   80.2597
0         1   80.2446
0         1   80.2276
0         1   80.2117
0         1   80.1948
0         1   80.1777
0         1   80.1622
0         1    80.146
0         1   80.1282
0         1   80.1114
0         1   80.0966
0         1   80.0794
0         1   80.0634
0         1   80.0465
0         1   80.0302
0         1   80.0143
0         1   79.9967
0         1   79.9795
0         1   79.9632
0         1   79.9473
0         1   79.9307
0         1   79.9146
0         1   79.8981
0         1   79.8824
0         1   79.8658
0         1   79.8495
0         1   79.8318
0         1   79.8147
0         1   79.7984
0         1   79.7819
0         1   79.7653
0         1   79.7484
0         1   79.7305
0         1   79.7142
0         1   79.6953
0         1     79.68
0         1   79.6627
0         1   79.6458
0         1    79.629
0         1   79.6118
0         1   79.5959
0         1   79.5795
0         1    79.562
0         1   79.5433
0         1   79.5268
0         1   79.5104
0         1   79.4935
0         1   79.4766
0         1   79.4607
0         1   79.4421
0         1    79.425
0         1   79.4059
0         1   79.3912
0         1   79.3714
0         1    79.357
0         1   79.3389
0         1   79.3237
0         1   79.3061
0         1   79.2897
0         1   79.2728
0         1   79.2557
0         1   79.2371
0         1   79.2211
0         1   79.2006
0         1   79.1849
0         1    79.169
0         1   79.1521
0         1   79.1359
0         1   79.1179
0         1   79.1029
0         1   79.0828
0         1   79.0685
0         1   79.0507
0         1   79.0342
0         1   79.0176
0         1   79.0007
0         1   78.9839
0         1   78.9595
0         1   78.9506
0         1   78.9345
0         1   78.9178
0         1   78.9015
0         1   78.8838
0         1   78.8676
0         1   78.8515
0         1   78.8358
0         1    78.819
0         1   78.8027
0         1   78.7854
0         1   78.7701
0         1   78.7517
0         1   78.7348
0         1   78.7183
0         1   78.7019
0         1   78.6844
0         0       120
0         0       120
0         0       120
0         0       120
0         0       120
0         0       120
0         0       120
0         0       120
0         0       120
0         0       120
0         0       120
0         0       120
0         0       120
0         0       120
0         0       120
0         0       120
0         0       120
0         0       120
0         0       120
0         0       120
0         0       120
0         0       120
0         0       120
0         0       120
0         0       120
0         0       120
0         0       120
0         0       120
0         0       120
0         0       120
0         0       120
0         0       120
0         0       120
0         0       120
0         0       120
0         0       120
0         0       120
0         0       120
0         0       120
0         0       120
0         0       120
0         0       120
0         0       120
0         0       120
0         0       120
0         0       120
0         0       120
0         0       120
0         0       120
0         0       120
0         0       120
0         0       120
0         0       120
0         0       120
0         0       120
0         0       120
0         0       120
0         0       120
0         0       120
0         0       120
0         0       120
0         0       120
0         0       120
0         0       120
0         0       120
0         0       120
0         0       120
0         0       120
0         0       120
0         0       120
0         0       120
0         0       120
0         0       120
0         0       120
0         0       120
0         0       120
0         0       120
0         0       120
0         0       120
0         0       120
0         0       120
0         0       120
0         0       120
0         0       120
0         0       120
0         0       120
0         0       120
0         0       120
0         0       120
0         0       120
0         0       120
0         0       120
0         0       120
0         0       120
0         0       120
0         0       120
0         0       120
0         0       120
0         0       120
0         0       120
0         0       120
0         0       120
0         0       120
0         0       120
0         0       120
0         0       120
0         0       120
0         0       120
0         0       120
0         0       120
0         0       120
0         0       120
0         0       120
0         0       120
0         0       120
0         0       120
0         0       120
0         0       120
0         0       120
0         0       120
0         0       120
0         0       120
0         0       120
0         0       120
0         0       120
0         0       120
0         0       120
0         0       120
0         0       120
0         0       120
0         0       120
0         0       120
0         0       120
0         0       120
0         0       120
0         0       120
0         0       120
0         0       120
0         0       120
0         0       120
0         0       120
0         0       120
0         0       120
0         0       120
0         0       120
0         0       120
0         0       120
0         0       120
0         0       120
0         0       120
0         0       120
0         0       120
0         0       120
0         0       120
0         0       120
0         0       120
0         0       120
0         0       120
0         0       120
0         0       120
0         0       120
0         0       120
0         0       120
0         0       120
0         0       120
0         0       120
0         0       120
0         0       120
0         0       120
0         0       120
0         0       120
0         0       120
0         0       120
0         0       120
0         0       120
0         0       120
0         0       120
0         0       120
0         0       120
0         0       120
0         0       120
0         0       120
0         0       120
0         0       120
0         0       120
0         0       120
0         0       120
0         0       120
0         0       120
0         0       120
0         0       120
0         0       120
0         0       120
0         0       120
0         0       120
0         0       120
0         0       120
0         0       120
0         0       120
0         0       120
0         0       120
0         0       120
0         0       120
0         0       120
0         0       120
0         0       120
0         0       120
0         0       120
0         0       120
0         0       120
0         0       120
0         0       120
0         0       120
0         0       120
0         0       120
0         0       120
0         0       120
0         0       120
0         0       120
0         0       120
0         0       120
0         0       120
0         0       120
0         0       120
0         0       120
0         0       120
0         0       120
0         0       120
0         0       120
0         0       120
0         0       120
0         0       120
0         0       120
0         0       120
0         0       120
0         0       120
0         0       120
0         0       120
0         0       120
0         0       120
0         0       120
0         0       120
0         0       120
0         0       120
0         0       120
0         0       120
0         0       120
0         0       120
0         0       120
0         0       120
0         0       120
0         0       120
0         0       120
0         0       120
0         0       120
0         0       120
0         0       120
0         0       120
0         0       120
0         0       120
0         0       120
0         0       120
0         0       120
0         0       120
0         0       120
0         0       120
0         0       120
0         0       120
0         0       120
0         0       120
0         0       120
0         0       120
0         0       120
0         0       120
0         0       120
0         0       120
0         0       120
0         0       120
0         0       120
0         0       120
0         0       120
0         0       120
0         0       120
0         0       120
0         0       120
0         0       120
0         0       120
0         0       120
0         0       120
0         0       120
0         0       120
0         0       120
0         0       120
0         0       120
0         0       120
0         0       120
0         0       120
0         0       120
0         0       120
0         0       120
0         0       120
0         0       120
0         0       120
0         0       120
0         0       120
0         0       120
0         0       120
0         0       120
0         0       120
0         0       120
0         0       120
0         0       120
0         0       120
0         0       120
0         0       120
0         0       120
0         0       120
0         0       120
0         0       120
0         0       120
0         0       120
0         0       120
0         0       120
0         0       120
0         0       120
0         0       120
0         0       120
0         0       120
0         0       120
0         0       120
0         0       120
0         0       120
0         0       120
0         0       120
0         0       120
0         0       120
0         0       120
0         0       120
0         0       120
0         0       120
0         0       120
0         0       120
0         0       120
0         0       120
0         0       120
0         0       120
0         0       120
0         0       120
0         0       120
0         0       120
0         0       120
0         0       120
0         0       120
0         0       120
0         0       120
0         0       120
0         0       120
0         0       120
0         0       120
0         0       120
0         0       120
0         0       120
0         0       120
0         0       120
0         0       120
0         0       120
0         0       120
0         0       120
0         0       120
0         0       120
0         0       120
0         0       120
0         0       120
0         0       120
0         0       120
0         0       120
0         0       120
0         0       120
0         0       120
0         0       120
0         0       120
0         0       120
0         0       120
0         0       120
0         0       120
0         0       120
0         0       120
0         0       120
0         0       120
0         0       120
0         0       120
0         0       120
0         0       120
0         0       120
0         0       120
0         0       120
0         0       120
0         0       120
0         0       120
0         0       120
0         0       120
0         0       120
0         0       120
0         0       120
0         0       120
0         0       120
0         0       120
0         0       120
0         0       120
0         0       120
0         0       120
0         0       120
0         0       120
0         0       120
0         0       120
0         0       120
0         0       120
0         0       120
0         0       120
0         0       120
0         0       120
0         0       120
0         0       120
0         0       120
0         0       120
0         0       120
0         0       120
0         0       120
0         0       120
0         0       120
0         0       120
0         0       120
0         0       120
0         0       120
0         0       120
0         0       120
0         0       120
0         0       120
0         0       120
0         0       120
0         0       120
0         0       120
0         0       120
0         0       120
0         0       120
0         0       120
0         0       120
0         0       120
0         0       120
0         0       120
0         0       120
0         0       120
0         0       120
0         0       120
0         0       120
0         0       120
0         0       120
0         0       120
0         0       120
0         0       120
0         0       120
0         0       120
0         0       120
0         0       120
0         0       120
0         0       120
0         0       120
0         0       120
0         0       120
0         0       120
0         0       120
0         0       120
0         0       120
0         0       120
0         0       120
0         0       120
0         0       120
0         0       120
0         0       120
0         0       120
0         0       120
0         0       120
0         0       120
0         0       120
0         0       120
0         0       120
0         0       120
0         0       120
0         0       120
0         0       120
0         0       120
0         0       120
0         0       120
0         0       120
0         0       120
0         0       120
0         0       120
0         0       120
0         0       120
0         0       120
0         0       120
0         0       120
0         0       120
0         0       120
0         0       120
0         0       120
0         0       120
0         0       120
0         0       120
0         0       120
0         0       120
0         0       120
0         0       120
0         0       120
0         0       120
0         0       120
0         0       120
0         0       120
0         0       120
0         0       120
0         0       120
0         0       120
0         0       120
0         0       120
0         0       120
0         0       120
0         0       120
0         0       120
0         0       120
0         0       120
0         0       120
0         0       120
0         0       120
0         0       120
0         0       120
0         0       120
0         0       120
0         0       120
0         0       120
0         0       120
0         0       120
0         0       120
0         0       120
0         0       120
0         0       120
0         0       120
0         0       120
0         0       120
0         0       120
0         0       120
0         0       120
0         0       120
0         0       120
0         0       120
0         0       120
0         0       120
0         0       120
0         0       120
0         0       120
0         0       120
0         0       120
0         0       120
0         0       120
0         0       120
0         0       120
0         0       120
0         0       120
0         0       120
0         0       120
0         0       120
0         0       120
0         0       120
0         0       120
0         0       120
0         0       120
0         0       120
0         0       120
0         0       120
0         0       120
0         0       120
0         0       120
0         0       120
0         0       120
0         0       120
0         0       120
0         0       120
0         0       120
0         0       120
0         0       120
0         0       120
0         0       120
0         0       120
0         0       120
0         0       120
0         0       120
0         0       120
0         0       120
0         0       120
0         0       120
0         0       120
0         0       120
0         0       120
0         0       120
0         0       120
0         0       120
0         0       120
0         0       120
0         0       120
0         0       120
0         0       120
0         0       120
0         0       120
0         0       120
0         0       120
0         0       120
0         0       120
0         0       120
0         0       120
0         0       120
0         0       120
0         0       120
0         0       120
0         0       120
0         0       120
0         0       120
0         0       120
0         0       120
0         0       120
0         0       120
0         0       120
0         0       120
0         0       120
0         0       120
0         0       120
0         0       120
0         0       120
0         0       120
0         0       120
0         0       120
0         0       120
0         0       120
0         0       120
0         0       120
0         0       120
0         0       120
0         0       120
0         0       120
0         0       120
0         0       120
0         0       120
0         0       120
0         0       120
0         0       120
0         0       120
0         0       120
0         0       120
0         0       120
0         0       120
0         0       120
0         0       120
0         0       120
0         0       120
0         0       120
0         0       120
0         0       120
0         0       120
0         0       120
0         0       120
0         0       120
0         0       120
0         0       120
0         0       120
0         0       120
0         0       120
0         0       120
0         0       120
0         0       120
0         0       120
0         0       120
0         0       120
0         0       120
0         0       120
0         0       120
0         0       120
0         0       120
0         0       120
0         0       120
0         0       120
0         0       120
0         0       120
0         0       120
0         0       120
0         0       120
0         0       120
0         0       120
0         0       120
0         0       120
0         0       120
0         0       120
0         0       120
0         0       120
0         0       120
0         0       120
0         0       120
0         0       120
0         0       120
0         0       120
0         0       120
0         0       120
0         0       120
0         0       120
0         0       120
0         0       120
0         0       120
0         0       120
0         0       120
0         0       120
0         0       120
0         0       120
0         0       120
0         0       120
0         0       120
0         0       120
0         0       120
0         0       120
0         0       120
0         0       120
0         0       120
0         0       120
0         0       120
0         0       120
0         0       120
0         0       120
0         0       120
0         0       120
0         0       120
0         0       120
0         0       120
0         0       120
0         0       120
0         0       120
0         0       120
0         0       120
0         0       120
0         0       120
0         0       120
0         0       120
0         0       120
0         0       120
0         0       120
0         0       120
0         0       120
0         0       120
0         0       120
0         0       120
0         0       120
0         0       120
0         0       120
0         0       120
0         0       120
0         0       120
0         0       120
0         0       120
0         0       120
0         0       120
0         0       120
0         0       120
0         0       120
0         0       120
0         0       120
0         0       120
0         0       120
0         0       120
0         0       120
0         0       120
0         0       120
0         0       120
0         0       120
0         0       120
0         0       120
0         0       120
0         0       120
0         0       120
0         0       120
0         0       120
0         0       120
0         0       120
0         0       120
0         0       120
0         0       120
0         0       120
0         0       120
0         0       120
0         0       120
0         0       120
0         0       120
0         0       120
0         0       120
0         0       120
0         0       120
0         0       120
0         0       120
0         0       120
0         0       120
0         0       120
0         0       120
0         0       120
0         0       120
0         0       120
0         0       120
0         0       120
0         0       120
0         0       120
0         0       120
0         0       120
0         0       120
0         0       120
0         0       120
0         0       120
0         0       120
0         0       120
0         0       120
0         0       120
0         0       120
0         0       120
0         0       120
0         0       120
0         0       120
0         0       120
0         0       120
0         0       120
0         0       120
0         0       120
0         0       120
0         0       120
0         0       120
0         0       120
0         0       120
0         0       120
0         0       120
0         0       120
0         0       120
0         0       120
0         0       120
0         0       120
0         0       120
0         0       120
0         0       120
0         0       120
0         0       120
0         0       120
0         0       120
0         0       120
0         0       120
0         0       120
0         0       120
0         0       120
0         0       120
0         0       120
0         0       120
0         0       120
0         0       120
0         0       120
0         0       120
0         0       120
0         0       120
0         0       120
0         0       120
0         0       120
0         0       120
0         0       120
0         0       120
0         0       120
0         0       120
0         0       120
0         0       120
0         0       120
0         0       120
0         0       120
0         0       120
0         0       120
0         0       120
0         0       120
0         0       120
0         0       120
0         0       120
0         0       120
0         0       120
0         0       120
0         0       120
0         0       120
0         0       120
0         0       120
0         0       120
0         0       120
0         0       120
0         0       120
0         0       120
0         0       120
0         0       120
0         0       120
0         0       120
0         0       120
0         0       120
0         0       120
0         0       120
0         0       120
0         0       120
0         0       120
0         0       120
0         0       120
0         0       120
0         0       120
0         0       120
0         0       120
0         0       120
0         0       120
0         0       120
0         0       120
0         0       120
0         0       120
0         0       120
0         0       120
0         0       120
0         0       120
0         0       120
0         0       120
0         0       120
0         0       120
0         0       120
0         0       120
0         0       120
0         0       120
0         0       120
0         0       120
0         0       120
0         0       120
0         0       120
0         0       120
0         0       120
0         0       120
0         0       120
0         0       120
0         0       120
0         0       120
0         0       120
0         0       120
0         0       120
0         0       120
0         0       120
0         0       120
0         0       120
0         0       120
0         0       120
0         0       120
0         0       120
0         0       120
0         0       120
0         0       120
0         0       120
0         0       120
0         0       120
0         0       120
0         0       120
0         0       120
0         0       120
0         0       120
0         0       120
0         0       120
0         0       120
0         0       120
0         0       120
0         0   119.737
0         0   119.687
0         0    119.67
0         0   119.655
0         0   119.639
0         0   119.622
0         0   119.605
0         0   119.587
0         0   119.571
0         0   119.553
0         0   119.537
0         0   119.522
0         0   119.505
0         0   119.487
0         0   119.471
0         0   119.452
0         0   119.437
0         0   119.418
0         0   119.402
0         0   119.384
0         0   119.369
0         0   119.351
0         0   119.335
0         0   119.318
0         0   119.302
0         0   119.282
0         0   119.269
0         0    119.25
0         0   119.233
0         0   119.211
0         0   119.196
0         0   119.177
0         0   119.154
0         0   119.136
0         0   119.122
0         0   119.106
0         0   119.089
0         0   119.072
0         0   119.056
0         0   119.039
0         0   119.022
0         0   119.006
0         0   118.988
0         0   118.971
0         0   118.955
0         0   118.936
0         0   118.921
0         0   118.903
0         0   118.887
0         0   118.868
0         0   118.852
0         0   118.834
0         0   118.817
0         0   118.801
0         0   118.783
0         0   118.767
0         0   118.751
0         0   118.734
0         0   118.716
0         0   118.702
0         0   118.685
0         0   118.668
0         0    118.65
0         0   118.634
0         0   118.617
0         0   118.599
0         0   118.582
0         0   118.566
0         0   118.549
0         0   118.533
0         0   118.516
0         0   118.501
0         0   118.484
0         0   118.466
0         0    118.45
0         0   118.431
0         0   118.415
0         0   118.398
0         0   118.382
0         0   118.366
0         0   118.349
0         0   118.333
0         0   118.315
0         0   118.299
0         0   118.282
0         0   118.266
0         0   118.249
0         0   118.234
0         0   118.216
0         0     118.2
0         0   118.183
0         0   118.166
0         0   118.147
0         0   118.131
0         0   118.114
0         0   118.097
0         0    118.08
0         0   118.063
0         0   118.046
0         0    118.03
0         0   118.012
0         0   117.997
0         0    117.98
0         0   117.964
0         0   117.947
0         0   117.931
0         0   117.914
0         0   117.898
0         0    117.88
0         0   117.864
0         0   117.848
0         0   117.828
0         0   117.815
0         0   117.795
0         0   117.779
0         0   117.762
0         0   117.746
0         0   117.729
0         0   117.712
0         0   117.695
0         0   117.677
0         0   117.661
0         0   117.643
0         0   117.627
0         0   117.611
0         0   117.593
0         0   117.577
0         0   117.559
0         0   117.542
0         0   117.525
0         0    117.51
0         0   117.489
0         0   117.477
0         0   117.457
0         0   117.443
0         0   117.423
0         0   117.408
0         0    117.39
0         0   117.374
0         0   117.355
0         0    117.34
0         0   117.321
0         0   117.306
0         0   117.289
0         0   117.274
0         0   117.255
0         0   117.241
0         0   117.221
0         0   117.206
0         0   117.189
0         0   117.173
0         0   117.155
0         0   117.139
0         0   117.121
0         0   117.105
0         0   117.088
0         0   117.071
0         0   117.055
0         0   117.038
0         0    117.02
0         0   117.003
0         0   116.986
0         0   116.969
0         0   116.954
0         0   116.935
0         0   116.921
0         0   116.903
0         0   116.889
0         0   116.871
0         0   116.856
0         0   116.839
0         0   116.823
0         0   116.805
0         0   116.788
0         0   116.772
0         0   116.756
0         0    116.74
0         0   116.723
0         0   116.706
0         0    116.69
0         0   116.672
0         0   116.656
0         0   116.638
0         0   116.621
0         0   116.606
0         0   116.589
0         0   116.572
0         0   116.554
0         0   116.538
0         0    116.52
0         0   116.505
0         0   116.487
0         0   116.471
0         0   116.452
0         0   116.437
0         0    116.42
0         0   116.403
0         0   116.385
0         0   116.369
0         0   116.351
0         0   116.332
0         0   116.317
0         0   116.299
0         0   116.281
0         0   116.267
0         0    116.25
0         0   116.233
0         0   116.216
0         0   116.198
0         0   116.184
0         0   116.166
0         0   116.149
0         0   116.131
0         0   116.116
0         0   116.099
0         0   116.083
0         0   116.066
0         0   116.048
0         0   116.032
0         0   116.016
0         0   115.998
0         0   115.982
0         0   115.964
0         0   115.949
0         0    115.93
0         0   115.915
0         0   115.896
0         0    115.88
0         0   115.861
0         0   115.846
0         0   115.828
0         0   115.812
0         0   115.794
0         0   115.779
0         0   115.761
0         0   115.745
0         0   115.728
0         0   115.712
0         0   115.694
0         0   115.677
0         0   115.659
0         0   115.644
0         0   115.627
0         0   115.611
0         0   115.594
0         0   115.578
0         0   115.561
0         0   115.545
0         0   115.525
0         0   115.511
0         0   115.495
0         0   115.477
0         0    115.46
0         0   115.443
0         0   115.427
0         0    115.41
0         0   115.393
0         0   115.376
0         0    115.36
0         0   115.342
0         0   115.325
0         0   115.308
0         0   115.291
0         0   115.274
0         0   115.258
0         0    115.24
0         0   115.224
0         0   115.207
0         0    115.19
0         0   115.172
0         0   115.155
0         0   115.138
0         0   115.122
0         0   115.105
0         0    115.09
0         0   115.071
0         0   115.055
0         0   115.039
0         0   115.022
0         0   115.005
0         0   114.989
0         0   114.973
0         0   114.955
0         0   114.938
0         0   114.921
0         0   114.904
0         0   114.887
0         0    114.87
0         0   114.854
0         0   114.838
0         0   114.821
0         0   114.804
0         0   114.787
0         0    114.77
0         0   114.753
0         0   114.736
0         0   114.719
0         0   114.703
0         0   114.686
0         0   114.668
0         0   114.651
0         0   114.633
0         0   114.618
0         0   114.602
0         0   114.584
0         0   114.569
0         0    114.55
0         0   114.535
0         0   114.516
0         0   114.501
0         0   114.484
0         0   114.467
0         0   114.451
0         0    114.43
0         0   114.416
0         0   114.397
0         0   114.383
0         0   114.366
0         0   114.349
0         0   114.331
0         0   114.315
0         0   114.297
0         0    114.28
0         0   114.263
0         0   114.249
0         0    114.23
0         0   114.215
0         0   114.198
0         0   114.181
0         0   114.164
0         0   114.148
0         0   114.129
0         0   114.114
0         0   114.097
0         0   114.079
0         0   114.063
0         0   114.047
0         0   114.029
0         0   114.014
0         0   113.996
0         0    113.98
0         0   113.964
0         0   113.947
0         0    113.93
0         0   113.914
0         0   113.898
0         0   113.881
0         0   113.864
0         0   113.848
0         0    113.83
0         0   113.813
0         0   113.795
0         0   113.778
0         0    113.76
0         0   113.744
0         0   113.726
0         0   113.711
0         0   113.694
0         0   113.677
0         0   113.655
0         0   113.643
0         0   113.627
0         0    113.61
0         0   113.594
0         0   113.576
0         0   113.559
0         0   113.543
0         0   113.525
0         0   113.509
0         0   113.491
0         0   113.475
0         0   113.458
0         0   113.441
0         0   113.424
0         0   113.407
0         0   113.389
0         0   113.372
0         0   113.355
0         0   113.339
0         0   113.321
0         0   113.305
0         0   113.289
0         0   113.271
0         0   113.256
0         0   113.238
0         0   113.222
0         0   113.204
0         0   113.187
0         0    113.17
0         0   113.154
0         0   113.137
0         0   113.121
0         0   113.104
0         0   113.088
0         0   113.071
0         0   113.055
0         0   113.039
0         0   113.022
0         0   113.006
0         0   112.988
0         0   112.972
0         0   112.954
0         0   112.937
0         0   112.921
0         0   112.904
0         0   112.888
0         0   112.869
0         0   112.853
0         0   112.836
0         0   112.819
0         0   112.803
0         0   112.787
0         0   112.769
0         0   112.753
0         0   112.737
0         0   112.718
0         0   112.703
0         0   112.686
0         0   112.671
0         0   112.652
0         0   112.636
0         0   112.618
0         0   112.604
0         0   112.586
0         0    112.57
0         0   112.551
0         0   112.537
0         0   112.519
0         0   112.502
0         0   112.485
0         0   112.469
0         0   112.453
0         0   112.435
0         0   112.418
0         0   112.401
0         0   112.383
0         0   112.367
0         0    112.35
0         0   112.333
0         0   112.317
0         0     112.3
0         0   112.283
0         0   112.265
0         0   112.249
0         0   112.233
0         0   112.215
0         0   112.199
0         0   112.181
0         0   112.166
0         0   112.149
0         0   112.132
0         0   112.116
0         0   112.099
0         0   112.083
0         0   112.066
0         0    112.05
0         0   112.034
0         0   112.016
0         0   111.999
0         0   111.983
0         0   111.966
0         0   111.949
0         0   111.932
0         0   111.916
0         0   111.898
0         0   111.883
0         0   111.865
0         0   111.848
0         0   111.832
0         0   111.815
0         0   111.799
0         0   111.782
0         0   111.765
0         0   111.749
0         0   111.733
0         0   111.716
0         0     111.7
0         0   111.683
0         0   111.665
0         0   111.648
0         0   111.634
0         0   111.615
0         0     111.6
0         0   111.582
0         0   111.568
0         0    111.55
0         0   111.532
0         0   111.515
0         0     111.5
0         0   111.482
0         0   111.467
0         0    111.45
0         0   111.433
0         0   111.418
0         0     111.4
0         0   111.384
0         0   111.368
0         0   111.351
0         0   111.334
0         0   111.318
0         0   111.301
0         0   111.283
0         0   111.267
0         0    111.25
0         0   111.235
0         0   111.217
0         0     111.2
0         0   111.183
0         0   111.166
0         0    111.15
0         0   111.133
0         0   111.115
0         0   111.098
0         0   111.079
0         0   111.064
0         0   111.048
0         0   111.031
0         0   111.014
0         0   110.997
0         0   110.981
0         0   110.964
0         0   110.946
0         0    110.93
0         0   110.913
0         0   110.896
0         0   110.879
0         0   110.862
0         0   110.845
0         0   110.828
0         0   110.811
0         0   110.795
0         0   110.777
0         0   110.762
0         0   110.743
0         0   110.727
0         0   110.708
0         0   110.694
0         0   110.677
0         0   110.661
0         0    110.64
0         0   110.627
0         0   110.609
0         0   110.593
0         0   110.575
0         0    110.56
0         0   110.541
0         0   110.526
0         0    110.51
0         0   110.492
0         0   110.476
0         0   110.459
0         0   110.443
0         0   110.424
0         0   110.409
0         0    110.39
0         0   110.376
0         0   110.358
0         0   110.342
0         0   110.322
0         0   110.308
0         0    110.29
0         0   110.274
0         0   110.255
0         0   110.241
0         0   110.222
0         0   110.206
0         0    110.19
0         0   110.172
0         0   110.154
0         0   110.139
0         0   110.123
0         0   110.106
0         0    110.09
0         0   110.072
0         0   110.056
0         0   110.039
0         0   110.023
0         0   110.006
0         0    109.99
0         0   109.971
0         0   109.956
0         0   109.939
0         0   109.922
0         0   109.905
0         0   109.889
0         0   109.871
0         0   109.854
0         0   109.839
0         0   109.822
0         0   109.804
0         0   109.788
0         0    109.77
0         0   109.753
0         0   109.736
0         0   109.719
0         0   109.703
0         0   109.684
0         0   109.668
0         0    109.65
0         0   109.634
0         0   109.616
0         0   109.601
0         0   109.583
0         0   109.567
0         0   109.548
0         0   109.534
0         0   109.516
0         0   109.501
0         0   109.483
0         0   109.467
0         0   109.448
0         0   109.433
0         0   109.416
0         0   109.398
0         0   109.382
0         0   109.366
0         0   109.348
0         0   109.333
0         0   109.317
0         0     109.3
0         0   109.278
0         0   109.266
0         0   109.249
0         0   109.231
0         0   109.215
0         0   109.199
0         0   109.182
0         0   109.166
0         0   109.148
0         0   109.132
0         0   109.115
0         0   109.098
0         0   109.082
0         0   109.064
0         0   109.048
0         0    109.03
0         0   109.013
0         0   108.995
0         0   108.978
0         0   108.962
0         0   108.945
0         0   108.926
0         0   108.911
0         0   108.894
0         0   108.879
0         0   108.859
0         0   108.845
0         0   108.827
0         0   108.812
0         0   108.795
0         0   108.778
0         0    108.76
0         0   108.743
0         0   108.723
0         0    108.71
0         0   108.691
0         0   108.674
0         0   108.657
0         0   108.641
0         0   108.625
0         0   108.608
0         0   108.591
0         0   108.575
0         0   108.557
0         0   108.539
0         0   108.524
0         0   108.507
0         0    108.49
0         0   108.474
0         0   108.457
0         0   108.441
0         0   108.423
0         0   108.408
0         0   108.389
0         0   108.374
0         0   108.357
0         0   108.339
0         0   108.323
0         0   108.307
0         0   108.289
0         0   108.272
0         0   108.255
0         0   108.238
0         0    108.22
0         0   108.204
0         0   108.187
0         0    108.17
0         0   108.152
0         0   108.135
0         0   108.118
0         0   108.101
0         0   108.083
0         0   108.068
0         0    108.05
0         0   108.034
0         0   108.017
0         0       108
0         0   107.982
0         0   107.966
0         0   107.949
0         0   107.932
0         0   107.914
0         0   107.898
0         0   107.881
0         0   107.864
0         0   107.847
0         0   107.831
0         0   107.815
0         0   107.797
0         0   107.782
0         0   107.763
0         0   107.748
0         0    107.73
0         0   107.713
0         0   107.696
0         0    107.68
0         0   107.662
0         0   107.645
0         0   107.629
0         0   107.613
0         0   107.595
0         0   107.579
0         0   107.562
0         0   107.543
0         0   107.528
0         0   107.509
0         0   107.494
0         0   107.475
0         0   107.459
0         0   107.442
0         0   107.425
0         0   107.408
0         0   107.392
0         0   107.374
0         0   107.356
0         0    107.34
0         0   107.323
0         0   107.306
0         0    107.29
0         0   107.272
0         0   107.253
0         0   107.238
0         0   107.219
0         0   107.204
0         0   107.186
0         0   107.171
0         0   107.153
0         0   107.138
0         0    107.12
0         0   107.105
0         0   107.087
0         0   107.071
0         0   107.054
0         0   107.037
0         0   107.021
0         0   107.004
0         0   106.988
0         0   106.971
0         0   106.955
0         0   106.937
0         0   106.921
0         0   106.905
0         0   106.888
0         0   106.871
0         0   106.855
0         0   106.838
0         0   106.821
0         0   106.805
0         0   106.788
0         0    106.77
0         0   106.753
0         0   106.736
0         0    106.72
0         0   106.703
0         0   106.686
0         0    106.67
0         0   106.653
0         0   106.636
0         0   106.619
0         0     106.6
0         0   106.585
0         0   106.569
0         0   106.552
0         0   106.534
0         0   106.518
0         0     106.5
0         0   106.485
0         0   106.467
0         0    106.45
0         0   106.433
0         0   106.417
0         0   106.398
0         0   106.383
0         0   106.366
0         0   106.348
0         0    106.33
0         0   106.314
0         0   106.296
0         0    106.28
0         0   106.262
0         0   106.246
0         0   106.229
0         0   106.213
0         0   106.193
0         0    106.18
0         0   106.162
0         0   106.146
0         0   106.128
0         0   106.111
0         0   106.094
0         0   106.076
0         0    106.06
0         0   106.042
0         0   106.027
0         0    106.01
0         0   105.993
0         0   105.976
0         0   105.958
0         0   105.942
0         0   105.924
0         0   105.908
0         0    105.89
0         0   105.873
0         0   105.856
0         0    105.84
0         0   105.822
0         0   105.805
0         0   105.788
0         0   105.772
0         0   105.755
0         0   105.739
0         0   105.721
0         0   105.706
0         0   105.689
0         0   105.672
0         0   105.654
0         0   105.638
0         0   105.621
0         0   105.605
0         0   105.588
0         0   105.571
0         0   105.555
0         0   105.538
0         0    105.52
0         0   105.505
0         0   105.487
0         0   105.471
0         0   105.453
0         0   105.436
0         0   105.418
0         0   105.402
0         0   105.385
0         0   105.367
0         0    105.35
0         0   105.334
0         0   105.317
0         0   105.299
0         0   105.283
0         0   105.265
0         0   105.249
0         0   105.231
0         0   105.216
0         0   105.198
0         0   105.183
0         0   105.165
0         0   105.149
0         0   105.132
0         0   105.116
0         0   105.099
0         0   105.082
0         0   105.067
0         0   105.049
0         0   105.033
0         0   105.016
0         0   104.999
0         0   104.982
0         0   104.965
0         0   104.948
0         0   104.932
0         0   104.914
0         0   104.899
0         0   104.881
0         0   104.866
0         0   104.847
0         0   104.833
0         0   104.813
0         0   104.799
0         0   104.781
0         0   104.766
0         0   104.747
0         0   104.732
0         0   104.715
0         0   104.699
0         0    104.68
0         0   104.664
0         0   104.648
0         0   104.631
0         0   104.614
0         0   104.597
0         0   104.581
0         0   104.564
0         0   104.548
0         0    104.53
0         0   104.514
0         0   104.497
0         0    104.48
0         0   104.464
0         0   104.446
0         0    104.43
0         0   104.413
0         0   104.397
0         0   104.379
0         0   104.363
0         0   104.345
0         0   104.329
0         0   104.312
0         0   104.296
0         0   104.279
0         0   104.262
0         0   104.246
0         0   104.229
0         0   104.213
0         0   104.195
0         0   104.178
0         0   104.163
0         0   104.147
0         0   104.128
0         0   104.113
0         0   104.096
0         0    104.08
0         0   104.062
0         0   104.046
0         0   104.028
0         0   104.012
0         0   103.995
0         0   103.978
0         0    103.96
0         0   103.945
0         0   103.928
0         0   103.912
0         0   103.895
0         0   103.877
0         0   103.861
0         0   103.846
0         0   103.825
0         0    103.81
0         0   103.794
0         0   103.777
0         0   103.759
0         0   103.743
0         0   103.726
0         0   103.709
0         0   103.692
0         0   103.675
0         0   103.658
0         0   103.642
0         0   103.624
0         0   103.607
0         0   103.591
0         0   103.575
0         0   103.558
0         0    103.54
0         0   103.524
0         0   103.508
0         0   103.491
0         0   103.473
0         0   103.456
0         0    103.44
0         0   103.424
0         0   103.407
0         0   103.391
0         0   103.373
0         0   103.356
0         0   103.339
0         0   103.323
0         0   103.305
0         0   103.289
0         0   103.271
0         0   103.255
0         0   103.238
0         0   103.221
0         0   103.204
0         0   103.188
0         0    103.17
0         0   103.154
0         0   103.137
0         0    103.12
0         0   103.099
0         0   103.086
0         0   103.068
0         0   103.052
0         0   103.034
0         0   103.018
0         0       103
0         0   102.984
0         0   102.966
0         0    102.95
0         0   102.932
0         0   102.917
0         0   102.899
0         0   102.885
0         0   102.869
0         0    102.85
0         0   102.835
0         0   102.817
0         0   102.801
0         0   102.784
0         0   102.767
0         0    102.75
0         0   102.731
0         0   102.715
0         0   102.698
0         0    102.68
0         0   102.664
0         0   102.648
0         0   102.631
0         0   102.615
0         0   102.596
0         0    102.58
0         0   102.562
0         0   102.546
0         0   102.529
0         0   102.512
0         0   102.494
0         0   102.479
0         0   102.461
0         0   102.444
0         0   102.427
0         0   102.412
0         0   102.394
0         0   102.379
0         0   102.361
0         0   102.344
0         0   102.327
0         0    102.31
0         0   102.293
0         0   102.275
0         0   102.259
0         0   102.243
0         0   102.226
0         0   102.209
0         0   102.193
0         0   102.176
0         0   102.159
0         0   102.142
0         0   102.125
0         0   102.108
0         0   102.091
0         0   102.075
0         0   102.059
0         0   102.041
0         0   102.025
0         0   102.006
0         0   101.992
0         0   101.972
0         0   101.958
0         0   101.941
0         0   101.926
0         0   101.908
0         0   101.891
0         0   101.872
0         0   101.858
0         0    101.84
0         0   101.825
0         0   101.807
0         0   101.791
0         0   101.773
0         0   101.757
0         0    101.74
0         0   101.724
0         0   101.705
0         0    101.69
0         0   101.673
0         0   101.656
0         0    101.64
0         0   101.623
0         0   101.605
0         0    101.59
0         0   101.572
0         0   101.557
0         0   101.539
0         0   101.523
0         0   101.506
0         0   101.489
0         0   101.474
0         0   101.455
0         0   101.438
0         0   101.422
0         0   101.405
0         0   101.387
0         0    101.37
0         0   101.353
0         0   101.335
0         0    101.32
0         0   101.303
0         0   101.286
0         0   101.268
0         0   101.252
0         0   101.237
0         0   101.219
0         0   101.202
0         0   101.184
0         0   101.167
0         0   101.151
0         0   101.133
0         0   101.117
0         0     101.1
0         0   101.082
0         0   101.066
0         0   101.047
0         0   101.031
0         0   101.014
0         0   100.997
0         0    100.98
0         0   100.965
0         0   100.945
0         0   100.931
0         0   100.914
0         0   100.897
0         0    100.88
0         0   100.864
0         0   100.848
0         0   100.831
0         0   100.815
0         0   100.797
0         0   100.783
0         0   100.766
0         0   100.748
0         0   100.732
0         0   100.714
0         0   100.699
0         0   100.681
0         0   100.665
0         0   100.648
0         0    100.63
0         0   100.614
0         0   100.599
0         0   100.579
0         0   100.565
0         0   100.548
0         0   100.532
0         0   100.515
0         0   100.498
0         0   100.483
0         0   100.465
0         0   100.448
0         0   100.432
0         0   100.415
0         0   100.398
0         0   100.383
0         0   100.363
0         0   100.348
0         0   100.331
0         0   100.315
0         0   100.296
0         0   100.282
0         0   100.265
0         0   100.248
0         0   100.232
0         0   100.214
0         0   100.196
0         0   100.179
0         0   100.162
0         0   100.146
0         0   100.129
0         0   100.112
0         0   100.095
0         0   100.078
0         0   100.058
0         0   100.045
0         0   100.027
0         0   100.011
0         0   99.9942
0         0   99.9778
0         0   99.9594
0         0   99.9437
0         0    99.927
0         0   99.9113
0         0   99.8943
0         0   99.8777
0         0   99.8606
0         0    99.845
0         0   99.8263
0         0   99.8102
0         0    99.792
0         0   99.7759
0         0     99.76
0         0   99.7432
0         0   99.7257
0         0   99.7103
0         0   99.6934
0         0    99.676
0         0   99.6594
0         0   99.6425
0         0    99.626
0         0   99.6098
0         0   99.5926
0         0   99.5759
0         0   99.5579
0         0   99.5415
0         0   99.5256
0         0   99.5087
0         0   99.4918
0         0   99.4752
0         0   99.4568
0         0    99.441
0         0   99.4236
0         0   99.4067
0         0   99.3901
0         0   99.3732
0         0   99.3563
0         0   99.3393
0         0   99.3224
0         0   99.3063
0         0   99.2891
0         0   99.2731
0         0   99.2565
0         0   99.2392
0         0   99.2224
0         0   99.2048
0         0   99.1891
0         0   99.1701
0         0   99.1554
0         0   99.1373
0         0   99.1202
0         0   99.1029
0         0   99.0877
0         0   99.0704
0         0   99.0532
0         0   99.0357
0         0     99.02
0         0   99.0022
0         0   98.9842
0         0   98.9682
0         0   98.9506
0         0   98.9338
0         0   98.9179
0         0      98.9
0         0   98.8849
0         0    98.867
0         0     98.85
0         0   98.8332
0         0    98.818
0         0      98.8
0         0   98.7842
0         0   98.7674
0         0   98.7483
0         0   98.7304
0         0   98.7155
0         0   98.6976
0         0   98.6826
0         0   98.6627
0         0   98.6479
0         0   98.6316
0         0   98.6151
0         0   98.5969
0         0   98.5826
0         0   98.5643
0         0   98.5477
0         0   98.5304
0         0   98.5152
0         0   98.4974
0         0   98.4807
0         0   98.4644
0         0   98.4477
0         0   98.4313
0         0   98.4144
0         0   98.3967
0         0   98.3809
0         0   98.3636
0         0   98.3476
0         0   98.3311
0         0    98.314
0         0   98.2975
0         0   98.2807
0         0   98.2645
0         0   98.2476
0         0   98.2311
0         0   98.2148
0         0   98.1988
0         0   98.1799
0         0    98.165
0         0   98.1478
0         0   98.1305
0         0   98.1139
0         0   98.0973
0         0     98.08
0         0   98.0642
0         0   98.0472
0         0   98.0307
0         0   98.0131
0         0   97.9975
0         0   97.9794
0         0   97.9638
0         0   97.9433
0         0   97.9302
0         0   97.9133
0         0    97.896
0         0   97.8793
0         0   97.8627
0         0   97.8451
0         0   97.8286
0         0   97.8121
0         0   97.7957
0         0   97.7772
0         0   97.7628
0         0   97.7464
0         0   97.7294
0         0   97.7123
0         0   97.6945
0         0   97.6776
0         0   97.6592
0         0    97.642
0         0   97.6256
0         0   97.6054
0         0   97.5908
0         0   97.5744
0         0   97.5571
0         0   97.5399
0         0   97.5234
0         0   97.5068
0         0   97.4906
0         0   97.4743
0         0   97.4556
0         0   97.4419
0         0   97.4237
0         0    97.408
0         0   97.3911
0         0   97.3748
0         0   97.3575
0         0   97.3398
0         0   97.3217
0         0   97.3066
0         0   97.2864
0         0   97.2728
0         0   97.2552
0         0   97.2393
0         0   97.2212
0         0   97.2063
0         0   97.1855
0         0   97.1709
0         0   97.1541
0         0   97.1393
0         0   97.1211
0         0   97.1051
0         0   97.0876
0         0   97.0721
0         0   97.0543
0         0   97.0378
0         0   97.0211
0         0   97.0051
0         0   96.9885
0         0   96.9715
0         0   96.9546
0         0    96.939
0         0   96.9213
0         0   96.9047
0         0    96.889
0         0   96.8711
0         0   96.8555
0         0   96.8376
0         0   96.8219
0         0   96.8034
0         0   96.7876
0         0   96.7685
0         0    96.755
0         0   96.7376
0         0    96.721
0         0    96.702
0         0   96.6858
0         0    96.669
0         0   96.6523
0         0   96.6346
0         0   96.6183
0         0   96.6005
0         0   96.5826
0         0   96.5658
0         0   96.5485
0         0    96.532
0         0    96.516
0         0   96.4976
0         0   96.4822
0         0   96.4646
0         0   96.4471
0         0   96.4308
0         0   96.4126
0         0    96.395
0         0   96.3791
0         0   96.3631
0         0   96.3466
0         0   96.3291
0         0   96.3126
0         0   96.2936
0         0   96.2787
0         0   96.2617
0         0    96.245
0         0   96.2275
0         0   96.2119
0         0   96.1951
0         0   96.1778
0         0   96.1611
0         0    96.145
0         0   96.1265
0         0    96.111
0         0   96.0931
0         0   96.0769
0         0   96.0592
0         0   96.0422
0         0   96.0259
0         0   96.0102
0         0   95.9924
0         0   95.9773
0         0   95.9598
0         0   95.9437
0         0   95.9275
0         0   95.9091
0         0    95.893
0         0   95.8764
0         0   95.8606
0         0   95.8451
0         0   95.8285
0         0   95.8084
0         0    95.794
0         0   95.7766
0         0   95.7615
0         0    95.743
0         0   95.7282
0         0   95.7117
0         0   95.6959
0         0   95.6785
0         0   95.6622
0         0   95.6424
0         0   95.6273
0         0   95.6107
0         0   95.5944
0         0   95.5776
0         0   95.5613
0         0   95.5444
0         0    95.528
0         0   95.5117
0         0   95.4948
0         0   95.4775
0         0   95.4612
0         0   95.4438
0         0   95.4275
0         0   95.4118
0         0   95.3955
0         0   95.3774
0         0   95.3618
0         0   95.3443
0         0   95.3276
0         0   95.3119
0         0   95.2939
0         0   95.2782
0         0   95.2599
0         0   95.2442
0         0   95.2281
0         0   95.2115
0         0   95.1943
0         0   95.1787
0         0   95.1612
0         0   95.1455
0         0   95.1281
0         0   95.1136
0         0   95.0963
0         0     95.08
0         0   95.0617
0         0    95.046
0         0   95.0277
0         0   95.0129
0         0   94.9954
0         0    94.978
0         0   94.9598
0         0   94.9454
0         0   94.9289
0         0   94.9119
0         0   94.8933
0         0   94.8773
0         0   94.8612
0         0    94.845
0         0   94.8285
0         0   94.8091
0         0   94.7937
0         0   94.7757
0         0   94.7597
0         0   94.7424
0         0   94.7262
0         0   94.7077
0         0     94.69
0         0   94.6732
0         0   94.6576
0         0    94.641
0         0   94.6245
0         0   94.6076
0         0   94.5902
0         0   94.5743
0         0   94.5579
0         0   94.5417
0         0   94.5225
0         0   94.5058
0         0   94.4908
0         0   94.4736
0         0   94.4567
0         0   94.4396
0         0   94.4215
0         0   94.4028
0         0   94.3868
0         0   94.3709
0         0   94.3536
0         0   94.3362
0         0   94.3191
0         0   94.3032
0         0   94.2833
0         0   94.2697
0         0   94.2529
0         0   94.2369
0         0   94.2196
0         0   94.2024
0         0   94.1832
0         0   94.1672
0         0   94.1512
0         0    94.135
0         0   94.1188
0         0   94.1021
0         0   94.0863
0         0   94.0681
0         0   94.0514
0         0    94.035
0         0    94.019
0         0   94.0004
0         0    93.985
0         0   93.9668
0         0   93.9497
0         0   93.9319
0         0   93.9168
0         0   93.8976
0         0   93.8828
0         0   93.8626
0         0   93.8483
0         0   93.8313
0         0    93.814
0         0   93.7977
0         0   93.7813
0         0   93.7641
0         0   93.7465
0         0   93.7307
0         0   93.7144
0         0   93.6962
0         0   93.6793
0         0   93.6624
0         0    93.645
0         0    93.628
0         0   93.6109
0         0   93.5948
0         0   93.5762
0         0   93.5619
0         0   93.5437
0         0   93.5288
0         0   93.5105
0         0   93.4944
0         0   93.4777
0         0   93.4613
0         0   93.4439
0         0    93.428
0         0   93.4098
0         0   93.3933
0         0   93.3746
0         0   93.3573
0         0   93.3412
0         0   93.3248
0         0   93.3078
0         0   93.2917
0         0   93.2723
0         0   93.2579
0         0   93.2401
0         0   93.2233
0         0   93.2048
0         0   93.1908
0         0   93.1711
0         0   93.1575
0         0   93.1386
0         0   93.1238
0         0   93.1051
0         0   93.0903
0         0    93.071
0         0   93.0537
0         0   93.0357
0         0   93.0211
0         0   93.0043
0         0    92.988
0         0   92.9679
0         0   92.9541
0         0   92.9361
0         0   92.9168
0         0   92.9021
0         0   92.8858
0         0   92.8652
0         0   92.8526
0         0   92.8351
0         0   92.8202
0         0   92.8026
0         0    92.787
0         0   92.7702
0         0   92.7542
0         0    92.736
0         0   92.7201
0         0   92.7021
0         0    92.685
0         0   92.6699
0         0   92.6519
0         0   92.6348
0         0   92.6173
0         0   92.6014
0         0   92.5835
0         0   92.5647
0         0   92.5495
0         0   92.5334
0         0   92.5166
0         0   92.4996
0         0    92.482
0         0   92.4648
0         0   92.4498
0         0   92.4324
0         0   92.4162
0         0   92.3998
0         0    92.382
0         0   92.3656
0         0   92.3469
0         0   92.3322
0         0   92.3132
0         0   92.2969
0         0   92.2787
0         0   92.2636
0         0    92.244
0         0   92.2313
0         0    92.214
0         0   92.1985
0         0   92.1826
0         0   92.1642
0         0   92.1481
0         0   92.1312
0         0   92.1141
0         0   92.0954
0         0   92.0799
0         0   92.0618
0         0   92.0449
0         0   92.0288
0         0   92.0109
0         0   91.9947
0         0   91.9754
0         0   91.9592
0         0    91.943
0         0   91.9268
0         0   91.9108
0         0   91.8936
0         0   91.8764
0         0   91.8593
0         0   91.8412
0         0   91.8255
0         0   91.8077
0         0   91.7914
0         0   91.7736
0         0   91.7574
0         0   91.7394
0         0   91.7228
0         0   91.7045
0         0   91.6876
0         0   91.6712
0         0   91.6549
0         0   91.6369
0         0   91.6213
0         0   91.6039
0         0   91.5862
0         0   91.5697
0         0   91.5533
0         0   91.5357
0         0   91.5191
0         0   91.5024
0         0   91.4858
0         0   91.4686
0         0   91.4517
0         0   91.4348
0         0    91.418
0         0    91.401
0         0   91.3841
0         0    91.368
0         0   91.3519
0         0   91.3348
0         0   91.3178
0         0   91.2994
0         0   91.2828
0         0   91.2661
0         0     91.25
0         0   91.2331
0         0   91.2161
0         0   91.1984
0         0   91.1825
0         0   91.1645
0         0   91.1471
0         0   91.1317
0         0   91.1145
0         0   91.0985
0         0   91.0799
0         0   91.0642
0         0   91.0454
0         0   91.0285
0         0   91.0129
0         0   90.9963
0         0   90.9776
0         0   90.9601
0         0   90.9437
0         0   90.9279
0         0   90.9093
0         0   90.8927
0         0   90.8746
0         0   90.8594
0         0   90.8399
0         0   90.8255
0         0   90.8075
0         0     90.79
0         0   90.7739
0         0   90.7573
0         0   90.7412
0         0   90.7261
0         0   90.7066
0         0    90.694
0         0   90.6755
0         0   90.6589
0         0   90.6425
0         0   90.6252
0         0   90.6088
0         0   90.5926
0         0   90.5739
0         0   90.5579
0         0   90.5414
0         0   90.5254
0         0   90.5095
0         0   90.4933
0         0   90.4754
0         0   90.4591
0         0   90.4415
0         0   90.4241
0         0   90.4061
0         0   90.3912
0         0   90.3735
0         0   90.3576
0         0   90.3401
0         0   90.3236
0         0   90.3075
0         0   90.2906
0         0    90.274
0         0   90.2572
0         0   90.2409
0         0   90.2236
0         0   90.2076
0         0   90.1889
0         0   90.1738
0         0   90.1553
0         0   90.1404
0         0   90.1228
0         0   90.1069
0         0   90.0895
0         0   90.0745
0         0   90.0568
0         0   90.0409
0         0   90.0234
0         0   90.0077
0         0   89.9908
0         0   89.9739
0         0   89.9565
0         0   89.9387
0         0   89.9206
0         0   89.9055
0         0    89.887
0         0   89.8717
0         0   89.8552
0         0    89.839
0         0   89.8226
0         0   89.8056
0         0   89.7893
0         0   89.7725
0         0   89.7548
0         0   89.7378
0         0   89.7206
0         0   89.7052
0         0   89.6878
0         0   89.6702
0         0   89.6527
0         0   89.6365
0         0   89.6177
0         0   89.6032
0         0   89.5863
0         0   89.5706
0         0   89.5537
0         0   89.5373
0         0   89.5201
0         0    89.504
0         0   89.4876
0         0   89.4681
0         0   89.4535
0         0   89.4357
0         0   89.4197
0         0   89.4031
0         0   89.3869
0         0     89.37
0         0   89.3529
0         0   89.3369
0         0   89.3213
0         0   89.3037
0         0   89.2887
0         0    89.271
0         0   89.2549
0         0   89.2374
0         0   89.2216
0         0   89.2041
0         0   89.1892
0         0   89.1705
0         0    89.156
0         0   89.1387
0         0   89.1229
0         0   89.1052
0         0   89.0884
0         0   89.0708
0         0   89.0553
0         0   89.0377
0         0   89.0216
0         0   89.0048
0         0    88.987
0         0   88.9719
0         0   88.9553
0         0   88.9386
0         0   88.9205
0         0   88.9045
0         0   88.8884
0         0   88.8709
0         0   88.8548
0         0   88.8379
0         0   88.8208
0         0   88.8037
0         0   88.7852
0         0   88.7701
0         0   88.7534
0         0   88.7347
0         0   88.7185
0         0   88.7023
0         0   88.6842
0         0   88.6686
0         0   88.6515
0         0   88.6351
0         0   88.6174
0         0   88.6014
0         0   88.5839
0         0   88.5676
0         0    88.551
0         0   88.5352
0         0   88.5175
0         0   88.5002
0         0   88.4817
0         0   88.4653
0         0   88.4465
0         0   88.4312
0         0   88.4147
0         0   88.3996
0         0   88.3811
0         0   88.3658
0         0   88.3491
0         0   88.3328
0         0   88.3165
0         0   88.2989
0         0   88.2832
0         0   88.2669
0         0   88.2501
0         0   88.2326
0         0   88.2155
0         0    88.197
0         0   88.1827
0         0    88.161
0         0   88.1483
0         0   88.1312
0         0   88.1149
0         0   88.0966
0         0   88.0812
0         0   88.0607
0         0    88.046
0         0   88.0287
0         0   88.0126
0         0   87.9958
0         0   87.9802
0         0   87.9621
0         0   87.9467
0         0   87.9278
0         0   87.9135
0         0   87.8953
0         0   87.8796
0         0     87.86
0         0   87.8444
0         0   87.8262
0         0   87.8093
0         0   87.7927
0         0   87.7757
0         0   87.7561
0         0    87.741
0         0   87.7226
0         0   87.7076
0         0   87.6883
0         0   87.6748
0         0   87.6564
0         0   87.6413
0         0   87.6239
0         0   87.6069
0         0   87.5895
0         0   87.5739
0         0   87.5564
0         0   87.5402
0         0   87.5233
0         0   87.5069
0         0   87.4898
0         0   87.4709
0         0   87.4562
0         0    87.439
0         0   87.4232
0         0   87.4065
0         0   87.3877
0         0   87.3714
0         0   87.3545
0         0   87.3387
0         0   87.3217
0         0   87.3046
0         0   87.2867
0         0   87.2708
0         0   87.2542
0         0   87.2368
0         0   87.2212
0         0   87.2049
0         0   87.1892
0         0   87.1732
0         0   87.1561
0         0   87.1389
0         0   87.1226
0         0   87.1044
0         0   87.0886
0         0     87.07
0         0   87.0546
0         0    87.035
0         0   87.0195
0         0   87.0015
0         0   86.9868
0         0   86.9683
0         0   86.9532
0         0   86.9356
0         0   86.9204
0         0   86.9021
0         0   86.8863
0         0   86.8685
0         0   86.8524
0         0   86.8341
0         0   86.8196
0         0   86.8012
0         0   86.7843
0         0    86.767
0         0   86.7516
0         0   86.7344
0         0   86.7184
0         0   86.7008
0         0    86.684
0         0   86.6661
0         0   86.6507
0         0   86.6336
0         0    86.618
0         0   86.6004
0         0   86.5839
0         0   86.5684
0         0   86.5499
0         0    86.534
0         0    86.516
0         0   86.4995
0         0   86.4822
0         0   86.4668
0         0   86.4471
0         0    86.433
0         0   86.4157
0         0   86.3993
0         0   86.3822
0         0   86.3655
0         0   86.3498
0         0   86.3327
0         0   86.3168
0         0   86.3008
0         0   86.2842
0         0   86.2678
0         0   86.2514
0         0   86.2339
0         0   86.2171
0         0   86.2002
0         0   86.1821
0         0   86.1659
0         0   86.1473
0         0    86.132
0         0   86.1136
0         0   86.0959
0         0   86.0811
0         0   86.0638
0         0   86.0469
0         0   86.0304
0         0   86.0136
0         0   85.9955
0         0   85.9778
0         0   85.9605
0         0   85.9464
0         0   85.9276
0         0   85.9132
0         0   85.8942
0         0   85.8774
0         0   85.8614
0         0   85.8456
0         0   85.8285
0         0   85.8131
0         0   85.7954
0         0   85.7802
0         0   85.7613
0         0   85.7452
0         0   85.7273
0         0   85.7114
0         0    85.694
0         0   85.6778
0         0     85.66
0         0   85.6452
0         0   85.6267
0         0   85.6118
0         0   85.5956
0         0   85.5789
0         0    85.561
0         0   85.5453
0         0   85.5277
0         0   85.5113
0         0   85.4947
0         0   85.4782
0         0   85.4611
0         0   85.4455
0         0   85.4279
0         0   85.4111
0         0   85.3947
0         0   85.3765
0         0   85.3606
0         0   85.3442
0         0   85.3257
0         0   85.3112
0         0   85.2949
0         0    85.278
0         0   85.2612
0         0   85.2443
0         0   85.2272
0         0    85.211
0         0   85.1935
0         0   85.1768
0         0   85.1585
0         0   85.1438
0         0    85.124
0         0   85.1098
0         0    85.093
0         0   85.0759
0         0   85.0607
0         0   85.0419
0         0   85.0273
0         0   85.0075
0         0   84.9933
0         0   84.9734
0         0   84.9584
0         0   84.9416
0         0   84.9251
0         0    84.907
0         0   84.8912
0         0   84.8748
0         0   84.8561
0         0   84.8407
0         0   84.8251
0         0   84.8071
0         0   84.7927
0         0   84.7748
0         0   84.7603
0         0   84.7412
0         0   84.7258
0         0   84.7087
0         0   84.6931
0         0   84.6756
0         0   84.6586
0         0    84.641
0         0   84.6244
0         0    84.607
0         0   84.5893
0         0    84.575
0         0   84.5583
0         0   84.5423
0         0   84.5254
0         0   84.5076
0         0   84.4916
0         0   84.4738
0         0   84.4582
0         0   84.4405
0         0    84.425
0         0    84.408
0         0   84.3925
0         0   84.3744
0         0   84.3586
0         0   84.3407
0         0   84.3259
0         0   84.3093
0         0   84.2932
0         0   84.2758
0         0    84.258
0         0   84.2427
0         0   84.2236
0         0   84.2081
0         0   84.1894
0         0   84.1739
0         0   84.1575
0         0   84.1421
0         0   84.1222
0         0   84.1074
0         0   84.0886
0         0   84.0732
0         0   84.0563
0         0   84.0392
0         0   84.0218
0         0   84.0063
0         0   83.9897
0         0   83.9741
0         0   83.9574
0         0   83.9419
0         0   83.9245
0         0   83.9077
0         0   83.8907
0         0   83.8746
0         0   83.8582
0         0   83.8411
0         0   83.8254
0         0   83.8079
0         0   83.7932
0         0    83.775
0         0   83.7595
0         0   83.7428
0         0   83.7257
0         0   83.7079
0         0   83.6925
0         0   83.6741
0         0   83.6578
0         0   83.6407
0         0   83.6242
0         0   83.6064
0         0   83.5888
0         0   83.5731
0         0   83.5565
0         0   83.5394
0         0   83.5225
0         0   83.5053
0         0   83.4889
0         0   83.4711
0         0   83.4533
0         0   83.4379
0         0   83.4213
0         0   83.4047
0         0   83.3876
0         0   83.3691
0         0   83.3546
0         0   83.3363
0         0   83.3206
0         0   83.3032
0         0   83.2865
0         0   83.2675
0         0   83.2519
0         0   83.2358
0         0   83.2191
0         0   83.2012
0         0   83.1848
0         0    83.167
0         0   83.1511
0         0   83.1332
0         0   83.1161
0         0   83.0984
0         0   83.0832
0         0   83.0672
0         0   83.0493
0         0    83.034
0         0   83.0168
0         0   82.9997
0         0   82.9819
0         0   82.9655
0         0   82.9498
0         0   82.9299
0         0   82.9147
0         0   82.8977
0         0   82.8815
0         0   82.8635
0         0   82.8476
0         0   82.8318
0         0   82.8113
0         0   82.7968
0         0   82.7803
0         0    82.764
0         0   82.7476
0         0    82.731
0         0   82.7138
0         0   82.6974
0         0   82.6792
0         0   82.6636
0         0   82.6458
0         0   82.6299
0         0   82.6119
0         0   82.5958
0         0   82.5787
0         0   82.5624
0         0   82.5449
0         0   82.5291
0         0   82.5114
0         0   82.4968
0         0    82.479
0         0   82.4636
0         0   82.4467
0         0     82.43
0         0   82.4122
0         0   82.3969
0         0     82.38
0         0   82.3627
0         0   82.3456
0         0   82.3289
0         0   82.3121
0         0   82.2949
0         0   82.2784
0         0   82.2621
0         0   82.2458
0         0   82.2295
0         0   82.2129
0         0   82.1973
0         0   82.1787
0         0   82.1613
0         0   82.1441
0         0   82.1291
0         0   82.1107
0         0   82.0953
0         0   82.0775
0         0   82.0601
0         0   82.0423
0         0   82.0269
0         0   82.0109
0         0   81.9949
0         0   81.9784
0         0   81.9607
0         0   81.9457
0         0   81.9291
0         0   81.9126
0         0   81.8942
0         0   81.8773
0         0   81.8614
0         0   81.8443
0         0   81.8281
0         0   81.8119
0         0   81.7943
0         0   81.7788
0         0   81.7594
0         0   81.7456
0         0   81.7287
0         0   81.7109
0         0   81.6942
0         0   81.6786
0         0   81.6617
0         0   81.6454
0         0   81.6273
0         0   81.6106
0         0   81.5953
0         0   81.5776
0         0   81.5592
0         0   81.5436
0         0   81.5262
0         0   81.5098
0         0   81.4933
0         0   81.4766
0         0    81.457
0         0   81.4431
0         0   81.4258
0         0   81.4101
0         0   81.3942
0         0   81.3775
0         0   81.3619
0         0   81.3446
0         0   81.3274
0         0   81.3096
0         0   81.2937
0         0   81.2764
0         0   81.2599
0         0   81.2431
0         0   81.2258
0         0   81.2095
0         0   81.1927
0         0    81.175
0         0   81.1582
0         0   81.1417
0         0   81.1256
0         0   81.1085
0         0   81.0906
0         0   81.0742
0         0   81.0581
0         0    81.041
0         0   81.0252
0         0   81.0066
0         0   80.9903
0         0   80.9731
0         0   80.9561
0         0   80.9399
0         0   80.9242
0         0    80.907
0         0   80.8891
0         0   80.8739
0         0   80.8571
0         0   80.8418
0         0   80.8261
0         0   80.8087
0         0   80.7929
0         0   80.7763
0         0   80.7598
0         0   80.7427
0         0   80.7251
0         0   80.7106
0         0   80.6938
0         0   80.6774
0         0   80.6591
0         0   80.6438
0         0   80.6255
0         0   80.6109
0         0   80.5933
0         0   80.5784
0         0   80.5611
0         0   80.5448
0         0   80.5279
0         0   80.5111
0         0   80.4934
0         0   80.4775
0         0   80.4586
0         0   80.4425
0         0   80.4249
0         0    80.409
0         0   80.3915
0         0   80.3693
0         0   80.3598
0         0   80.3422
0         0   80.3259
0         0   80.3082
0         0   80.2933
0         0   80.2752
0         0   80.2588
0         0    80.243
0         0   80.2262
0         0   80.2076
0         0   80.1913
0         0   80.1742
0         0   80.1592
0         0     80.14
0         0   80.1253
0         0   80.1066
0         0   80.0921
0         0   80.0748
0         0   80.0585
0         0   80.0409
0         0   80.0242
0         0   80.0064
0         0   79.9898
0         0   79.9744
0         0   79.9566
0         0   79.9392
0         0    79.921
0         0   79.9057
0         0   79.8887
0         0   79.8735
0         0   79.8555
0         0   79.8404
0         0   79.8222
0         0   79.8063
0         0   79.7886
0         0   79.7718
0         0   79.7519
0         0   79.7378
0         0   79.7212
0         0   79.7034
0         0   79.6854
0         0   79.6712
0         0   79.6541
0         0   79.6362
0         0   79.6202
0         0   79.6049
0         0   79.5869
0         0   79.5711
0         0   79.5527
0         0    79.538
0         0   79.5202
0         0   79.5041
0         0   79.4865
0         0   79.4703
0         0   79.4533
0         0   79.4366
0         0   79.4189
0         0    79.403
0         0   79.3851
0         0   79.3699
0         0   79.3525
0         0    79.335
0         0   79.3198
0         0   79.3028
0         0   79.2865
0         0   79.2687
0         0   79.2533
0         0   79.2347
0         0   79.2198
0         0   79.2032
0         0   79.1838
0         0   79.1678
0         0   79.1512
0         0   79.1337
0         0   79.1163
0         0    79.101
0         0   79.0848
0         0   79.0687
0         0   79.0516
0         0   79.0358
0         0   79.0199
0         0   79.0024
0         0   78.9864
0         0   78.9701
0         0   78.9533
0         0   78.9365
0         0     78.92
0         0   78.9027
0         0   78.8865
0         0   78.8682
0         0   78.8523
0         0   78.8355
0         0   78.8194
0         0   78.8036
0         0   78.7865
0         0    78.771
0         0   78.7535
0         0   78.7372
0         0   78.7192
0         0   78.7022
0         0   78.6839
0         0   78.6664
0         0   78.6489
0         0   78.6332
0         0   78.6156
0         0   78.5995
0         0   78.5822
0         0   78.5669
0         0   78.5484
0         0   78.5335
0         0   78.5145
0         0   78.4985
0         0   78.4802
0         0   78.4651
0         0   78.4474
0         0   78.4322
0         0   78.4137
0         0   78.3989
0         0   78.3795
0         0   78.3638
0         0   78.3473
0         0   78.3301
0         0   78.3125
0         0   78.2949
0         0   78.2783
0         0   78.2628
0         0   78.2461
0         0   78.2293
0         0   78.2101
0         0   78.1945
0         0   78.1778
0         0   78.1598
0         0    78.144
0         0   78.1271
0         0   78.1099
0         0   78.0935
0         0   78.0748
0         0    78.059
0         0   78.0438
0         0   78.0271
0         0   78.0097
0         0   77.9943
0         0   77.9778
0         0   77.9601
0         0   77.9427
0         0   77.9251
0         0   77.9091
0         0   77.8919
0         0   77.8767
0         0   77.8575
0         0   77.8427
0         0   77.8233
0         0   77.8077
0         0   77.7906
0         0   77.7733
0         0   77.7554
0         0   77.7394
0         0   77.7224
0         0   77.7051
0         0   77.6868
0         0   77.6707
0         0   77.6535
0         0   77.6383
0         0   77.6199
0         0   77.6054
0         0   77.5879
0         0   77.5701
0         0   77.5546
0         0   77.5375
0         0   77.5201
0         0   77.5043
0         0   77.4875
0         0   77.4713
0         0   77.4548
0         0   77.4386
0         0   77.4206
0         0   77.4037
0         0   77.3847
0         0   77.3694
0         0   77.3531
0         0   77.3367
0         0   77.3186
0         0   77.3031
0         0   77.2857
0         0   77.2692
0         0   77.2514
0         0   77.2362
0         0    77.217
0         0   77.2029
0         0   77.1846
0         0   77.1693
0         0   77.1517
0         0   77.1362
0         0   77.1172
0         0   77.1028
0         0    77.087
0         0   77.0699
0         0   77.0515
0         0   77.0338
0         0   77.0162
0         0   76.9989
0         0   76.9821
0         0   76.9666
0         0   76.9483
0         0   76.9312
0         0   76.9176
0         0   76.8982
0         0   76.8817
0         0   76.8649
0         0   76.8497
0         0   76.8307
0         0   76.8162
0         0   76.7985
0         0   76.7836
0         0   76.7656
0         0   76.7488
0         0   76.7309
0         0   76.7159
0         0   76.6983
0         0   76.6819
0         0   76.6622
0         0   76.6475
0         0   76.6291
0         0   76.6128
0         0    76.595
0         0   76.5788
0         0   76.5611
0         0    76.545
0         0   76.5282
0         0   76.5115
0         0   76.4936
0         0   76.4783
0         0   76.4601
0         0   76.4454
0         0   76.4264
0         0   76.4116
0         0   76.3952
0         0   76.3777
0         0   76.3616
0         0    76.344
0         0   76.3276
0         0   76.3099
0         0    76.294
0         0   76.2774
0         0   76.2598
0         0   76.2434
0         0   76.2256
0         0   76.2101
0         0   76.1929
0         0   76.1748
0         0   76.1581
0         0   76.1399
0         0   76.1238
0         0   76.1061
0         0   76.0889
0         0    76.073
0         0   76.0544
0         0   76.0377
0         0   76.0194
0         0   76.0031
0         0    75.986
0         0   75.9689
0         0   75.9523
0         0   75.9361
0         0   75.9192
0         0    75.901
0         0   75.8868
0         0   75.8684
0         0   75.8529
0         0   75.8347
0         0   75.8182
0         0   75.8008
0         0   75.7834
0         0   75.7669
0         0     75.75
0         0   75.7333
0         0   75.7175
0         0   75.6987
0         0   75.6834
0         0   75.6659
0         0   75.6489
0         0   75.6323
0         0   75.6158
0         0   75.5992
0         0   75.5816
0         0   75.5628
0         0   75.5483
0         0   75.5301
0         0   75.5137
0         0   75.4971
0         0   75.4798
0         0   75.4621
0         0   75.4466
0         0   75.4272
0         0    75.412
0         0   75.3959
0         0   75.3783
0         0   75.3594
0         0   75.3451
0         0   75.3254
0         0   75.3105
0         0   75.2933
0         0   75.2782
0         0   75.2581
0         0    75.244
0         0   75.2239
0         0   75.2098
0         0   75.1934
0         0   75.1756
0         0   75.1577
0         0   75.1425
0         0   75.1238
0         0    75.109
0         0   75.0907
0         0   75.0745
0         0   75.0554
0         0   75.0406
0         0   75.0222
0         0   75.0065
0         0   74.9868
0         0   74.9729
0         0   74.9548
0         0   74.9398
0         0   74.9237
0         0   74.9065
0         0   74.8889
0         0   74.8732
0         0   74.8557
0         0   74.8395
0         0   74.8227
0         0   74.8064
0         0   74.7896
0         0   74.7738
0         0   74.7572
0         0    74.741
0         0   74.7244
0         0   74.7068
0         0   74.6891
0         0   74.6719
0         0   74.6563
0         0   74.6401
0         0   74.6237
0         0   74.6073
0         0   74.5911
0         0   74.5731
0         0   74.5563
0         0   74.5398
0         0   74.5237
0         0   74.5048
0         0   74.4903
0         0    74.472
0         0   74.4565
0         0   74.4388
0         0   74.4232
0         0    74.404
0         0   74.3896
0         0   74.3729
0         0   74.3569
0         0   74.3378
0         0   74.3222
0         0   74.3048
0         0    74.289
0         0   74.2725
0         0   74.2541
0         0   74.2387
0         0   74.2206
0         0   74.2055
0         0   74.1884
0         0   74.1716
0         0   74.1549
0         0   74.1379
0         0   74.1214
0         0   74.1058
0         0   74.0879
0         0   74.0718
0         0   74.0556
0         0   74.0397
0         0   74.0191
0         0    74.004
0         0   73.9871
0         0   73.9715
0         0   73.9542
0         0   73.9387
0         0   73.9207
0         0    73.905
0         0   73.8874
0         0   73.8716
0         0   73.8528
0         0   73.8373
0         0   73.8155
0         0   73.8037
0         0   73.7865
0         0   73.7701
0         0   73.7521
0         0   73.7358
0         0   73.7185
0         0   73.7022
0         0   73.6841
0         0   73.6683
0         0   73.6508
0         0   73.6353
0         0   73.6176
0         0   73.6012
0         0   73.5852
0         0   73.5683
0         0   73.5493
0         0    73.535
0         0   73.5182
0         0   73.5025
0         0   73.4856
0         0    73.469
0         0   73.4503
0         0   73.4346
0         0   73.4174
0         0   73.3993
0         0   73.3829
0         0   73.3668
0         0   73.3491
0         1   73.3334
0         1   73.3167
0         1   73.2999
0         1   73.2836
0         1   73.2669
0         1   73.2489
0         1   73.2338
0         1   73.2174
0         1   73.2008
0         1   73.1848
0         1   73.1675
0         1   73.1506
0         1   73.1339
0         1   73.1176
0         1   73.0993
0         1   73.0821
0         1   73.0661
0         1   73.0498
0         1   73.0328
0         1   73.0169
0         1   72.9993
0         1   72.9826
0         1   72.9646
0         1    72.949
0         1   72.9309
0         1   72.9157
0         1   72.8969
0         1   72.8808
0         1   72.8629
0         1   72.8482
0         1   72.8295
0         1   72.8146
0         1    72.797
0         1   72.7812
0         1   72.7639
0         1   72.7474
0         1   72.7306
0         1   72.7143
0         1   72.6964
0         1    72.681
0         1   72.6637
0         1   72.6471
0         1   72.6299
0         1   72.6132
0         1   72.5944
0         1   72.5789
0         1   72.5617
0         1   72.5463
0         1   72.5277
0         1   72.5122
0         1   72.4947
0         1   72.4758
0         1   72.4606
0         1   72.4434
0         1   72.4269
0         1   72.4105
0         1   72.3945
0         1   72.3767
0         1   72.3611
0         1    72.344
0         1   72.3275
0         1   72.3105
0         1   72.2949
0         1   72.2775
0         1    72.263
0         1   72.2468
0         1   72.2287
0         1   72.2125
0         1   72.1962
0         1    72.179
0         1   72.1629
0         1   72.1457
0         1   72.1299
0         1   72.1109
0         1   72.0967
0         1    72.078
0         1   72.0621
0         1   72.0441
0         1   72.0288
0         1   72.0111
0         1    71.995
0         1   71.9781
0         1   71.9613
0         1   71.9453
0         1   71.9283
0         1   71.9118
0         1   71.8955
0         1   71.8782
0         1   71.8628
0         1   71.8429
0         1   71.8272
0         1   71.8107
0         1    71.793
0         1   71.7765
0         1   71.7596
0         1    71.742
0         1    71.726
0         1   71.7093
0         1   71.6909
0         1   71.6756
0         1   71.6586
0         1     71.64
0         1   71.6245
0         1   71.6071
0         1   71.5908
0         1   71.5734
0         1   71.5562
0         1   71.5397
0         1   71.5241
0         1   71.5066
0         1   71.4912
0         1   71.4734
0         1   71.4565
0         1   71.4401
0         1   71.4226
0         1   71.4054
0         1   71.3898
0         1   71.3726
0         1   71.3563
0         1     71.34
0         1   71.3224
0         1   71.3059
0         1   71.2897
0         1   71.2738
0         1   71.2563
0         1   71.2413
0         1   71.2228
0         1   71.2071
0         1     71.19
0         1   71.1747
0         1   71.1538
0         1    71.141
0         1   71.1229
0         1   71.1069
0         1   71.0887
0         1   71.0733
0         1   71.0543
0         1   71.0396
0         1   71.0053
0         1   70.9966
0         1   70.9649
0         1    70.944
0         1   70.9253
0         1   70.8987
0         1   70.8829
0         1   70.8627
0         1   70.8393
0         1   70.8194
0         1   70.7969
0         1   70.7755
0         1   70.7539
0         1   70.7311
0         1   70.7142
0         1   70.6751
0         1   70.6582
0         1   70.6212
0         1   70.5962
0         1   70.5678
0         1   70.5514
0         1   70.5093
0         1   70.5036
0         1   70.4856
0         1   70.4673
0         1   70.4485
0         1   70.4326
0         1   70.4173
0         1   70.3983
0         1   70.3829
0         1   70.3668
0         1   70.3494
0         1   70.3283
0         1   70.3028
0         1   70.2835
0         1   70.2679
0         1   70.2443
0         1   70.2287
0         1   70.1968
0         1   70.1739
0         1   70.0834
0         1   70.0738
0         1   70.0553
0         1   70.0382
0         1   70.0206
0         1   69.9896
0         1   69.9606
0         1   69.9456
0         1   69.9215
0         1   69.8831
0         1   69.8791
0         1   69.8631
0         1   69.8429
0         1   69.8289
0         1   69.8118
0         1   69.7952
0         1   69.7796
0         1   69.7619
0         1   69.7381
0         1   69.7177
0         1   69.6957
0         1   69.6594
0         1   69.6427
0         1   69.6016
0         1   69.5247
0         1   69.5183
0         1   69.4702
0         1   69.4271
0         1   69.4107
0         1   69.3942
0         1    69.373
0         1   69.3577
0         1   69.3385
0         1   69.3076
0         1   69.2893
0         1   69.2753
0         1   69.2582
0         1   69.2364
0         1   69.2177
0         1   69.1994
0         1   69.1826
0         1   69.1656
0         1   69.1476
0         1   69.1309
0         1   69.1139
0         1   69.0941
0         1   69.0763
0         1   69.0584
0         1   69.0425
0         1   69.0261
0         1   68.9639
0         1   68.9433
0         1   68.9267
0         1   68.9099
0         1   68.8723
0         1   68.8648
0         1   68.8492
0         1   68.8342
0         1   68.8163
0         1   68.8004
0         1   68.7838
0         1   68.7677
0         1   68.7499
0         1   68.7348
0         1   68.7183
0         1   68.7005
0         1   68.6834
0         1   68.6652
0         1   68.6487
0         1   68.6317
0         1   68.6152
0         1   68.5975
0         1   68.5787
0         1   68.5656
0         1   68.5481
0         1   68.5307
0         1   68.5142
0         1   68.4988
0         1   68.4819
0         1   68.4641
0         1   68.4454
0         1   68.4302
0         1   68.4145
0         1   68.3971
0         1   68.3797
0         1   68.3624
0         1   68.3442
0         1   68.3291
0         1    68.313
0         1   68.2959
0         1   68.2795
0         1   68.2629
0         1   68.2455
0         1   68.2288
0         1   68.2123
0         1   68.1956
0         1   68.1792
0         1   68.1625
0         1   68.1473
0         1   68.1297
0         1   68.1132
0         1   68.0966
0         1   68.0804
0         1   68.0628
0         1   68.0471
0         1   68.0302
0         1   68.0131
0         1   67.9966
0         1   67.9791
0         1    67.961
0         1   67.9444
0         1    67.927
0         1   67.9088
0         1   67.8933
0         1   67.8766
0         1     67.86
0         1   67.8414
0         1   67.8254
0         1    67.808
0         1   67.7904
0         1   67.7734
0         1   67.7555
0         1   67.7388
0         1    67.721
0         1   67.7054
0         1   67.6883
0         1   67.6716
0         1   67.6543
0         1   67.6374
0         1   67.6172
0         1   67.6036
0         1   67.5871
0         1   67.5699
0         1   67.5543
0         1   67.5363
0         1   67.5194
0         1   67.5026
0         1   67.4855
0         1   67.4685
0         1   67.4519
0         1    67.435
0         1   67.4197
0         1   67.4024
0         1   67.3854
0         1   67.3684
0         1   67.3528
0         1   67.3364
0         1   67.3208
0         1   67.3037
0         1   67.2877
0         1   67.2702
0         1   67.2537
0         1   67.2376
0         1   67.2211
0         1   67.2035
0         1   67.1878
0         1   67.1712
0         1   67.1549
0         1   67.1378
0         1   67.1218
0         1   67.1059
0         1   67.0867
0         1   67.0724
0         1   67.0549
0         1   67.0378
0         1   67.0224
0         1   67.0043
0         1   66.9893
0         1   66.9731
0         1   66.9558
0         1   66.9379
0         1    66.922
0         1   66.9042
0         1   66.8873
0         1    66.871
0         1   66.8547
0         1   66.8382
0         1   66.8199
0         1    66.804
0         1   66.7875
0         1   66.7698
0         1   66.7539
0         1    66.737
0         1   66.7208
0         1   66.7031
0         1   66.6865
0         1   66.6702
0         1   66.6527
0         1   66.6367
0         1    66.618
0         1   66.6031
0         1   66.5853
0         1   66.5682
0         1   66.5514
0         1   66.5342
0         1   66.5176
0         1   66.5015
0         1   66.4844
0         1   66.4662
0         1   66.4501
0         1   66.4334
0         1   66.4175
0         1   66.4002
0         1   66.3836
0         1   66.3667
0         1   66.3508
0         1   66.3337
0         1   66.3175
0         1   66.2991
0         1   66.2834
0         1   66.2658
0         1   66.2501
0         1   66.2321
0         1   66.2144
0         1   66.1978
1         1   66.1826
1         1    66.164
1         1   66.1477
1         1   66.1309
1         1   66.1161
1         1   66.0975
1         1   66.0832
1         1    66.065
1         1   66.0482
1         1   66.0328
1         1   66.0129
1         1   65.9988
1         1   65.9803
1         1   65.9652
1         1   65.9472
1         1   65.9309
1         1   65.9137
1         1   65.8966
1         1   65.8805
1         1   65.8623
1         1   65.8479
1         1   65.8306
1         1   65.8144
1         1   65.7976
1         1   65.7814
1         1   65.7644
1         1   65.7469
1         1   65.7305
1         1   65.7127
1         1   65.6962
1         1     65.68
1         1   65.6638
1         1   65.6454
1         1   65.6301
1         1   65.6121
1         1   65.5955
1         1   65.5779
1         1   65.5617
1         1   65.5448
1         1   65.5275
1         1   65.5104
1         1   65.4936
1         1   65.4773
1         1   65.4604
1         1   65.4426
1         1   65.4268
1         1   65.4098
1         1   65.3941
1         1   65.3771
1         1   65.3614
1         1   65.3445
1         1   65.3278
1         1   65.3082
1         1   65.2931
1         1    65.277
1         1   65.2585
1         1   65.2421
1         1   65.2246
1         1   65.2061
1         1   65.1884
1         1    65.175
1         1   65.1585
1         1   65.1418
1         1   65.1226
1         1   65.1073
1         1   65.0895
1         1   65.0739
1         1   65.0546
1         1   65.0384
1         1   65.0215
1         1   65.0062
1         1   64.9891
1         1   64.9744
1         1   64.9571
1         1   64.9408
1         1   64.9237
1         1   64.9049
1         1   64.8895
1         1    64.872
1         1   64.8569
1         1   64.8347
1         1    64.823
1         1   64.8048
1         1   64.7893
1         1   64.7705
1         1   64.7551
1         1    64.739
1         1   64.7224
1         1   64.7039
1         1   64.6871
1         1   64.6703
1         1   64.6553
1         1   64.6379
1         1   64.6232
1         1    64.607
1         1   64.5879
1         1   64.5728
1         1   64.5549
1         1   64.5392
1         1   64.5199
1         1   64.5039
1         1   64.4866
1         1   64.4684
1         1   64.4527
1         1   64.4371
1         1   64.4191
1         1   64.4043
1         1   64.3857
1         1   64.3711
1         1   64.3533
1         1   64.3374
1         1     64.32
1         1   64.3042
1         1   64.2858
1         1   64.2713
1         1   64.2552
1         1   64.2393
1         1   64.2218
1         1   64.2055
1         1    64.188
1         1   64.1718
1         1    64.154
1         1   64.1385
1         1   64.1224
1         1   64.1052
1         1   64.0891
1         1   64.0731
1         1   64.0569
1         1   64.0376
1         1   64.0218
1         1   64.0057
1         1   63.9897
1         1   63.9724
1         1   63.9559
1         1   63.9392
1         1   63.9241
1         1   63.9051
1         1   63.8911
1         1   63.8733
1         1    63.857
1         1   63.8397
1         1   63.8234
1         1    63.806
1         1     63.79
1         1   63.7727
1         1   63.7565
1         1   63.7407
1         1   63.7236
1         1   63.7053
1         1   63.6896
1         1   63.6745
1         1   63.6564
1         1   63.6416
1         1   63.6246
1         1    63.608
1         1   63.5903
1         1   63.5731
1         1   63.5552
1         1   63.5396
1         1   63.5218
1         1   63.5061
1         1   63.4883
1         1   63.4723
1         1   63.4555
1         1   63.4393
1         1   63.4213
1         1   63.4049
1         1   63.3871
1         1   63.3717
1         1   63.3542
1         1   63.3386
1         1   63.3196
1         1   63.3037
1         1   63.2852
1         1   63.2705
1         1   63.2523
1         1   63.2372
1         1   63.2219
1         1   63.2048
1         1   63.1886
1         1   63.1705
1         1   63.1542
1         1   63.1369
1         1   63.1222
1         1   63.1047
1         1   63.0899
1         1   63.0726
1         1   63.0564
1         1   63.0396
1         1   63.0232
1         1    63.006
1         1   62.9897
1         1   62.9716
1         1   62.9564
1         1   62.9361
1         1   62.9219
1         1   62.9052
1         1   62.8902
1         1   62.8723
1         1   62.8566
1         1   62.8387
1         1   62.8228
1         1   62.8066
1         1   62.7907
1         1   62.7728
1         1   62.7581
1         1   62.7413
1         1   62.7235
1         1   62.7087
1         1   62.6919
1         1   62.6756
1         1   62.6568
1         1   62.6422
1         1   62.6226
1         1   62.6077
1         1   62.5892
1         1   62.5718
1         1   62.5548
1         1   62.5393
1         1   62.5204
1         1   62.5047
1         1   62.4885
1         1   62.4722
1         1   62.4554
1         1   62.4403
1         1   62.4231
1         1   62.4067
1         1   62.3902
1         1   62.3737
1         1    62.355
1         1   62.3404
1         1   62.3233
1         1   62.3068
1         1   62.2889
1         1   62.2728
1         1   62.2555
1         1    62.239
1         1   62.2225
1         1   62.2057
1         1   62.1891
1         1   62.1721
1         1   62.1546
1         1    62.139
1         1   62.1222
1         1   62.1052
1         1   62.0892
1         1   62.0713
1         1   62.0515
1         1   62.0361
1         1   62.0219
1         1   62.0032
1         1   61.9879
1         1   61.9697
1         1   61.9544
1         1   61.9334
1         1   61.9198
1         1   61.9023
1         1   61.8866
1         1   61.8699
1         1   61.8528
1         1   61.8348
1         1   61.8184
1         1   61.8029
1         1   61.7867
1         1   61.7706
1         1   61.7523
1         1   61.7354
1         1   61.7182
1         1    61.701
1         1   61.6839
1         1   61.6667
1         1   61.6499
1         1   61.6322
1         1   61.6169
1         1   61.6009
1         1   61.5821
1         1   61.5652
1         1   61.5495
1         1   61.5313
1         1   61.5154
1         1   61.4974
1         1   61.4802
1         1   61.4635
1         1   61.4473
1         1   61.4315
1         1   61.4158
1         1   61.4007
1         1   61.3837
1         1   61.3674
1         1   61.3508
1         1   61.3337
1         1   61.3181
1         1    61.301
1         1   61.2838
1         1   61.2669
1         1   61.2495
1         1   61.2341
1         1   61.2162
1         1   61.2003
1         1   61.1824
1         1   61.1652
1         1    61.149
1         1   61.1332
1         1   61.1154
1         1   61.1008
1         1   61.0822
1         1   61.0663
1         1   61.0484
1         1   61.0332
1         1   61.0177
1         1   60.9996
1         1   60.9845
1         1   60.9639
1         1   60.9501
1         1   60.9319
1         1   60.9159
1         1   60.8978
1         1   60.8818
1         1   60.8658
1         1   60.8482
1         1   60.8315
1         1   60.8142
1         1   60.7976
1         1   60.7812
1         1   60.7634
1         1   60.7478
1         1   60.7302
1         1   60.7144
1         1   60.6958
1         1   60.6804
1         1    60.663
1         1   60.6476
1         1   60.6295
1         1   60.6126
1         1   60.5962
1         1   60.5794
1         1   60.5629
1         1   60.5471
1         1   60.5282
1         1   60.5135
1         1   60.4955
1         1   60.4803
1         1   60.4638
1         1   60.4482
1         1   60.4306
1         1   60.4133
1         1   60.3957
1         1   60.3794
1         1   60.3616
1         1   60.3465
1         1   60.3285
1         1   60.3136
1         1   60.2968
1         1   60.2814
1         1    60.264
1         1   60.2476
1         1   60.2314
1         1   60.2138
1         1   60.1978
1         1   60.1802
1         1   60.1635
1         1   60.1458
1         1   60.1287
1         1   60.1128
1         1    60.096
1         1   60.0793
1         1   60.0628
1         1    60.045
1         1   60.0275
1         1     60.01
1         1   59.9941
1         1    59.977
1         1   59.9611
1         1   59.9436
1         1   59.9274
1         1     59.91
1         1   59.8944
1         1   59.8759
1         1   59.8609
1         1   59.8428
1         1   59.8266
1         1   59.8086
1         1   59.7921
1         1   59.7762
1         1   59.7583
1         1   59.7412
1         1   59.7255
1         1   59.7077
1         1   59.6914
1         1   59.6745
1         1   59.6567
1         1    59.642
1         1   59.6245
1         1   59.6068
1         1   59.5921
1         1   59.5752
1         1   59.5589
1         1   59.5414
1         1   59.5247
1         1   59.5079
1         1   59.4907
1         1   59.4759
1         1   59.4543
1         1   59.4405
1         1   59.4229
1         1   59.4062
1         1   59.3889
1         1   59.3731
1         1   59.3545
1         1   59.3392
1         1   59.3219
1         1   59.3062
1         1    59.288
1         1   59.2722
1         1   59.2559
1         1   59.2388
1         1   59.2227
1         1   59.2057
1         1   59.1877
1         1   59.1714
1         1   59.1535
1         1   59.1381
1         1   59.1179
1         1   59.1038
1         1   59.0862
1         1   59.0708
1         1   59.0546
1         1   59.0371
1         1    59.021
1         1   59.0025
1         1   58.9868
1         1   58.9693
1         1    58.952
1         1    58.936
1         1   58.9176
1         1   58.9026
1         1   58.8849
1         1   58.8668
1         1   58.8513
1         1   58.8342
1         1    58.816
1         1   58.8001
1         1   58.7828
1         1    58.767
1         1   58.7488
1         1   58.7317
1         1   58.7156
1         1   58.6996
1         1    58.683
1         1   58.6665
1         1   58.6491
1         1   58.6314
1         1   58.6154
1         1   58.5977
1         1   58.5801
1         1   58.5651
1         1   58.5472
1         1   58.5318
1         1   58.5142
1         1   58.4979
1         1   58.4802
1         1   58.4642
1         1   58.4478
1         1   58.4305
1         1   58.4141
1         1   58.3974
1         1   58.3812
1         1   58.3643
1         1    58.348
1         1   58.3296
1         1    58.314
1         1   58.2965
1         1   58.2808
1         1   58.2647
1         1   58.2478
1         1   58.2307
1         1   58.2135
1         1   58.1957
1         1   58.1805
1         1   58.1629
1         1   58.1472
1         1   58.1294
1         1   58.1137
1         1    58.097
1         1   58.0811
1         1   58.0647
1         1    58.048
1         1   58.0312
1         1   58.0144
1         1   57.9971
1         1    57.981
1         1   57.9639
1         1   57.9463
1         1   57.9301
1         1    57.913
1         1   57.8967
1         1   57.8787
1         1   57.8632
1         1    57.844
1         1   57.8276
1         1   57.8114
1         1   57.7943
1         1   57.7781
1         1   57.7609
1         1   57.7437
1         1   57.7275
1         1   57.7102
1         1   57.6931
1         1   57.6763
1         1    57.661
1         1   57.6418
1         1   57.6273
1         1   57.6091
1         1   57.5928
1         1   57.5756
1         1   57.5588
1         1   57.5391
1         1    57.525
1         1   57.5061
1         1   57.4912
1         1   57.4713
1         1   57.4572
1         1   57.4417
1         1   57.4249
1         1   57.4065
1         1   57.3902
1         1   57.3726
1         1   57.3563
1         1   57.3404
1         1   57.3233
1         1   57.3079
1         1   57.2888
1         1    57.274
1         1    57.256
1         1   57.2389
1         1   57.2226
1         1   57.2073
1         1   57.1903
1         1   57.1719
1         1   57.1548
1         1   57.1381
1         1   57.1219
1         1   57.1035
1         1   57.0878
1         1   57.0708
1         1   57.0532
1         1    57.035
1         1   57.0196
1         1   57.0036
1         1   56.9857
1         1   56.9701
1         1   56.9543
1         1   56.9353
1         1   56.9186
1         1   56.9021
1         1   56.8864
1         1   56.8707
1         1   56.8537
1         1   56.8374
1         1   56.8181
1         1    56.804
1         1   56.7867
1         1   56.7702
1         1   56.7542
1         1   56.7368
1         1   56.7198
1         1   56.7031
1         1   56.6859
1         1   56.6694
1         1   56.6506
1         1   56.6355
1         1    56.616
1         1   56.6011
1         1   56.5841
1         1   56.5692
1         1   56.5503
1         1   56.5357
1         1    56.519
1         1   56.4993
1         1   56.4838
1         1   56.4658
1         1   56.4499
1         1   56.4334
1         1   56.4152
1         1   56.3998
1         1   56.3824
1         1   56.3655
1         1   56.3498
1         1   56.3282
1         1   56.3162
1         1   56.2993
1         1   56.2818
1         1    56.264
1         1   56.2496
1         1   56.2317
1         1   56.2155
1         1   56.1966
1         1   56.1813
1         1   56.1643
1         1   56.1467
1         1   56.1292
1         1   56.1129
1         1   56.0945
1         1   56.0788
1         1   56.0599
1         1   56.0456
1         1   56.0268
1         1   56.0104
1         1   55.9927
1         1   55.9766
1         1   55.9587
1         1   55.9426
1         1   55.9248
1         1   55.9099
1         1   55.8913
1         1   55.8758
1         1   55.8588
1         1   55.8426
1         1   55.8245
1         1   55.8075
1         1   55.7923
1         1   55.7758
1         1   55.7575
1         1   55.7421
1         1   55.7252
1         1   55.7082
1         1   55.6925
1         1   55.6746
1         1    55.656
1         1   55.6422
1         1   55.6233
1         1   55.6074
1         1   55.5911
1         1   55.5747
1         1   55.5587
1         1     55.54
1         1   55.5246
1         1   55.5046
1         1   55.4908
1         1   55.4734
1         1   55.4559
1         1   55.4399
1         1   55.4239
1         1   55.4083
1         1   55.3908
1         1   55.3729
1         1   55.3557
1         1   55.3392
1         1   55.3217
1         1   55.3057
1         1   55.2891
1         1   55.2735
1         1   55.2569
1         1    55.239
1         1    55.223
1         1   55.2047
1         1   55.1883
1         1   55.1696
1         1   55.1545
1         1   55.1378
1         1   55.1205
1         1   55.1018
1         1   55.0835
1         1   55.0651
1         1   55.0518
1         1   55.0366
1         1   55.0201
1         1   55.0036
1         1   54.9867
1         1   54.9674
1         1   54.9507
1         1    54.935
1         1    54.919
1         1   54.9008
1         1   54.8852
1         1   54.8662
1         1   54.8521
1         1   54.8344
1         1   54.8197
1         1    54.802
1         1   54.7863
1         1   54.7689
1         1   54.7532
1         1   54.7343
1         1   54.7182
1         1      54.7
1         1   54.6837
1         1   54.6682
1         1   54.6507
1         1   54.6333
1         1   54.6159
1         1   54.5991
1         1    54.583
1         1   54.5671
1         1   54.5469
1         1   54.5326
1         1   54.5152
1         1   54.5009
1         1    54.483
1         1   54.4674
1         1   54.4504
1         1   54.4348
1         1   54.4176
1         1   54.4018
1         1   54.3839
1         1   54.3677
1         1   54.3498
1         1   54.3338
1         1   54.3159
1         1   54.2991
1         1    54.282
1         1   54.2647
1         1   54.2482
1         1    54.231
1         1   54.2144
1         1   54.1984
1         1   54.1824
1         1   54.1645
1         1   54.1479
1         1     54.13
1         1   54.1143
1         1   54.0962
1         1   54.0806
1         1   54.0622
1         1   54.0474
1         1   54.0299
1         1   54.0147
1         1   53.9955
1         1   53.9818
1         1   53.9617
1         1   53.9489
1         1   53.9317
1         1   53.9155
1         1   53.8971
1         1   53.8824
1         1   53.8647
1         1   53.8463
1         1   53.8305
1         1   53.8131
1         1   53.7974
1         1   53.7778
1         1   53.7646
1         1   53.7471
1         1   53.7298
1         1   53.7123
1         1   53.6965
1         1   53.6773
1         1   53.6632
1         1   53.6421
1         1   53.6301
1         1   53.6124
1         1   53.5967
1         1   53.5779
1         1   53.5634
1         1   53.5446
1         1   53.5299
1         1   53.5119
1         1   53.4961
1         1   53.4781
1         1   53.4621
1         1   53.4436
1         1   53.4264
1         1   53.4086
1         1   53.3886
1         1   53.3769
1         1   53.3589
1         1   53.3435
1         1   53.3267
1         1   53.3099
1         1    53.293
1         1    53.276
1         1   53.2603
1         1   53.2419
1         1   53.2246
1         1   53.2065
1         1   53.1931
1         1   53.1744
1         1   53.1596
1         1    53.141
1         1   53.1241
1         1   53.1083
1         1   53.0907
1         1   53.0737
1         1   53.0572
1         1   53.0413
1         1   53.0224
1         1   53.0078
1         1   52.9917
1         1   52.9736
1         1   52.9567
1         1   52.9394
1         1   52.9221
1         1   52.9046
1         1   52.8875
1         1   52.8718
1         1   52.8541
1         1   52.8396
1         1   52.8209
1         1   52.8053
1         1    52.787
1         1   52.7714
1         1   52.7541
1         1   52.7344
1         1   52.7186
1         1    52.704
1         1   52.6848
1         1   52.6706
1         1   52.6501
1         1   52.6365
1         1   52.6197
1         1   52.6044
1         1   52.5869
1         1   52.5695
1         1   52.5521
1         1   52.5353
1         1   52.5205
1         1   52.5048
1         1   52.4875
1         1   52.4711
1         1   52.4544
1         1   52.4382
1         1   52.4216
1         1   52.4033
1         1   52.3877
1         1   52.3715
1         1   52.3562
1         1    52.339
1         1   52.3204
1         1   52.3034
1         1   52.2886
1         1   52.2724
1         1   52.2535
1         1   52.2384
1         1   52.2209
1         1   52.2041
1         1   52.1835
1         1   52.1704
1         1   52.1542
1         1   52.1378
1         1   52.1193
1         1   52.1026
1         1   52.0868
1         1   52.0695
1         1    52.054
1         1    52.038
1         1   52.0218
1         1   52.0057
1         1   51.9887
1         1   51.9729
1         1   51.9563
1         1   51.9378
1         1   51.9223
1         1   51.9052
1         1   51.8882
1         1    51.873
1         1   51.8554
1         1   51.8383
1         1    51.822
1         1    51.805
1         1   51.7875
1         1   51.7719
1         1   51.7544
1         1   51.7374
1         1   51.7209
1         1   51.7032
1         1   51.6859
1         1    51.669
1         1   51.6528
1         1   51.6352
1         1   51.6192
1         1   51.6024
1         1   51.5864
1         1   51.5687
1         1   51.5527
1         1   51.5347
1         1   51.5191
1         1   51.5022
1         1   51.4857
1         1   51.4693
1         1   51.4536
1         1   51.4349
1         1   51.4205
1         1   51.4024
1         1   51.3864
1         1   51.3694
1         1   51.3523
1         1   51.3348
1         1   51.3179
1         1   51.3014
1         1   51.2857
1         1   51.2679
1         1   51.2519
1         1   51.2342
1         1   51.2181
1         1   51.2012
1         1   51.1844
1         1   51.1677
1         1   51.1506
1         1   51.1322
1         1   51.1175
1         1   51.1006
1         1   51.0838
1         1   51.0667
1         1   51.0501
1         1   51.0328
1         1   51.0156
1         1   50.9991
1         1   50.9825
1         1   50.9648
1         1   50.9485
1         1   50.9311
1         1   50.9128
1         1   50.8985
1         1   50.8801
1         1   50.8639
1         1   50.8478
1         1   50.8301
1         1   50.8118
1         1   50.7968
1         1   50.7802
1         1   50.7645
1         1   50.7463
1         1   50.7306
1         1   50.7133
1         1   50.6974
1         1   50.6774
1         1   50.6635
1         1   50.6448
1         1   50.6305
1         1   50.6127
1         1   50.5966
1         1   50.5794
1         1   50.5644
1         1   50.5451
1         1   50.5298
1         1   50.5121
1         1   50.4948
1         1   50.4788
1         1   50.4618
1         1   50.4425
1         1   50.4282
1         1   50.4096
1         1   50.3937
1         1    50.377
1         1   50.3614
1         1   50.3442
1         1   50.3283
1         1   50.3113
1         1   50.2942
1         1   50.2781
1         1   50.2619
1         1   50.2454
1         1   50.2281
1         1   50.2118
1         1   50.1949
1         1    50.179
1         1   50.1623
1         1   50.1453
1         1   50.1279
1         1   50.1115
1         1   50.0956
1         1   50.0787
1         1   50.0608
1         1   50.0441
1         1    50.027
1         1   50.0095
1         1    49.993
1         1   49.9764
1         1   49.9585
1         1   49.9425
1         1   49.9246
1         1   49.9083
1         1   49.8904
1         1    49.876
1         1   49.8578
1         1   49.8412
1         1   49.8225
1         1   49.8076
1         1   49.7892
1         1   49.7745
1         1   49.7555
1         1   49.7394
1         1   49.7227
1         1   49.7082
1         1   49.6893
1         1   49.6744
1         1   49.6562
1         1   49.6403
1         1   49.6223
1         1   49.6071
1         1   49.5899
1         1   49.5735
1         1   49.5568
1         1   49.5397
1         1   49.5229
1         1   49.5063
1         1   49.4891
1         1   49.4731
1         1   49.4554
1         1    49.439
1         1   49.4209
1         1   49.4033
1         1    49.387
1         1   49.3707
1         1   49.3538
1         1   49.3357
1         1   49.3194
1         1   49.3025
1         1   49.2861
1         1   49.2688
1         1   49.2502
1         1   49.2348
1         1   49.2175
1         1   49.2018
1         1   49.1831
1         1   49.1675
1         1   49.1479
1         1   49.1336
1         1   49.1174
1         1   49.0996
1         1   49.0826
1         1   49.0661
1         1   49.0501
1         1   49.0331
1         1   49.0171
1         1   49.0001
1         1   48.9846
1         1   48.9674
1         1   48.9511
1         1   48.9336
1         1   48.9177
1         1   48.9008
1         1   48.8826
1         1   48.8655
1         1   48.8494
1         1   48.8303
1         1   48.8141
1         1   48.7997
1         1   48.7848
1         1    48.767
1         1   48.7519
1         1   48.7328
1         1   48.7189
1         1   48.7019
1         1   48.6856
1         1   48.6653
1         1   48.6512
1         1   48.6357
1         1   48.6197
1         1   48.5996
1         1   48.5864
1         1   48.5696
1         1   48.5535
1         1   48.5363
1         1   48.5188
1         1   48.5032
1         1   48.4873
1         1   48.4711
1         1   48.4548
1         1   48.4373
1         1   48.4205
1         1   48.4055
1         1   48.3877
1         1   48.3703
1         1   48.3542
1         1   48.3381
1         1   48.3199
1         1   48.3039
1         1   48.2856
1         1   48.2702
1         1   48.2533
1         1   48.2372
1         1     48.22
1         1   48.2049
1         1   48.1861
1         1   48.1721
1         1   48.1547
1         1   48.1389
1         1   48.1219
1         1   48.1057
1         1   48.0893
1         1   48.0726
1         1   48.0557
1         1   48.0391
1         1    48.022
1         1    48.006
1         1   47.9884
1         1   47.9721
1         1   47.9559
1         1   47.9386
1         1   47.9209
1         1   47.9044
1         1   47.8877
1         1   47.8708
1         1   47.8537
1         1   47.8365
1         1   47.8195
1         1   47.8029
1         1   47.7869
1         1   47.7704
1         1   47.7541
1         1   47.7374
1         1   47.7201
1         1   47.7055
1         1   47.6881
1         1    47.671
1         1   47.6538
1         1   47.6375
1         1   47.6197
1         1   47.6038
1         1   47.5851
1         1   47.5695
1         1   47.5524
1         1   47.5354
1         1   47.5191
1         1   47.5023
1         1   47.4835
1         1   47.4682
1         1   47.4503
1         1   47.4343
1         1   47.4153
1         1   47.3992
1         1   47.3826
1         1   47.3664
1         1   47.3488
1         1   47.3332
1         1   47.3155
1         1   47.3004
1         1   47.2825
1         1   47.2666
1         1   47.2493
1         1    47.234
1         1   47.2143
1         1   47.2003
1         1   47.1822
1         1   47.1652
1         1   47.1472
1         1   47.1315
1         1   47.1148
1         1   47.0975
1         1   47.0805
1         1   47.0637
1         1   47.0474
1         1   47.0316
1         1   47.0144
1         1   46.9972
1         1   46.9807
1         1   46.9646
1         1   46.9483
1         1   46.9313
1         1   46.9149
1         1   46.8946
1         1   46.8823
1         1   46.8648
1         1   46.8483
1         1   46.8304
1         1   46.8139
1         1    46.795
1         1   46.7782
1         1   46.7617
1         1   46.7454
1         1   46.7268
1         1   46.7116
1         1   46.6946
1         1   46.6781
1         1   46.6602
1         1   46.6439
1         1   46.6266
1         1   46.6096
1         1   46.5923
1         1   46.5743
1         1   46.5575
1         1   46.5414
1         1   46.5244
1         1   46.5078
1         1   46.4903
1         1   46.4756
1         1   46.4558
1         1   46.4423
1         1   46.4219
1         1   46.4064
1         1   46.3909
1         1   46.3753
1         1   46.3558
1         1   46.3416
1         1    46.323
1         1    46.307
1         1    46.289
1         1   46.2738
1         1   46.2582
1         1   46.2414
1         1   46.2235
1         1   46.2074
1         1   46.1895
1         1   46.1744
1         1   46.1569
1         1     46.14
1         1    46.123
1         1   46.1058
1         1   46.0887
1         1    46.073
1         1   46.0536
1         1   46.0397
1         1   46.0239
1         1   46.0073
1         1   45.9909
1         1   45.9734
1         1   45.9586
1         1   45.9407
1         1   45.9242
1         1   45.9057
1         1   45.8911
1         1   45.8728
1         1   45.8577
1         1   45.8404
1         1    45.824
1         1   45.8071
1         1   45.7918
1         1   45.7706
1         1   45.7561
1         1   45.7374
1         1   45.7227
1         1   45.7043
1         1   45.6898
1         1    45.673
1         1   45.6552
1         1   45.6389
1         1   45.6215
1         1   45.6051
1         1   45.5894
1         1    45.569
1         1   45.5544
1         1   45.5342
1         1   45.5213
1         1   45.5044
1         1   45.4864
1         1   45.4704
1         1    45.451
1         1   45.4373
1         1   45.4187
1         1    45.403
1         1   45.3839
1         1   45.3695
1         1   45.3503
1         1   45.3368
1         1   45.3184
1         1   45.3023
1         1   45.2837
1         1   45.2689
1         1   45.2501
1         1   45.2369
1         1   45.2198
1         1   45.2042
1         1   45.1862
1         1   45.1697
1         1   45.1513
1         1    45.134
1         1   45.1171
1         1   45.1005
1         1   45.0835
1         1   45.0663
1         1   45.0486
1         1   45.0325
1         1   45.0154
1         1   44.9998
1         1   44.9828
1         1   44.9657
1         1   44.9486
1         1    44.933
1         1   44.9154
1         1   44.8991
1         1    44.881
1         1   44.8641
1         1   44.8486
1         1   44.8321
1         1   44.8158
1         1   44.7989
1         1   44.7823
1         1   44.7657
1         1   44.7483
1         1   44.7319
1         1   44.7157
1         1   44.6983
1         1   44.6819
1         1   44.6629
1         1   44.6471
1         1   44.6308
1         1   44.6139
1         1   44.5961
1         1   44.5809
1         1   44.5607
1         1   44.5459
1         1   44.5303
1         1   44.5146
1         1   44.4941
1         1   44.4806
1         1   44.4598
1         1   44.4465
1         1   44.4288
1         1   44.4129
1         1   44.3939
1         1     44.38
1         1     44.36
1         1   44.3456
1         1   44.3267
1         1   44.3127
1         1    44.295
1         1   44.2798
1         1    44.264
1         1   44.2475
1         1   44.2297
1         1   44.2129
1         1   44.1968
1         1   44.1798
1         1   44.1627
1         1   44.1469
1         1   44.1301
1         1   44.1122
1         1   44.0965
1         1   44.0788
1         1   44.0638
1         1    44.047
1         1   44.0304
1         1   44.0144
1         1   43.9965
1         1   43.9789
1         1   43.9639
1         1   43.9452
1         1   43.9294
1         1   43.9113
1         1   43.8955
1         1   43.8777
1         1    43.861
1         1   43.8406
1         1   43.8281
1         1   43.8109
1         1   43.7942
1         1   43.7753
1         1   43.7601
1         1   43.7421
1         1   43.7271
1         1   43.7069
1         1   43.6924
1         1   43.6744
1         1   43.6596
1         1   43.6428
1         1   43.6264
1         1   43.6104
1         1   43.5935
1         1    43.577
1         1   43.5599
1         1   43.5422
1         1    43.526
1         1   43.5083
1         1   43.4918
1         1   43.4755
1         1   43.4594
1         1   43.4423
1         1   43.4256
1         1   43.4091
1         1   43.3914
1         1   43.3757
1         1   43.3592
1         1   43.3423
1         1    43.325
1         1   43.3069
1         1   43.2909
1         1   43.2749
1         1    43.257
1         1   43.2418
1         1   43.2242
1         1   43.2084
1         1     43.19
1         1    43.175
1         1   43.1571
1         1   43.1413
1         1   43.1212
1         1    43.106
1         1   43.0873
1         1   43.0704
1         1   43.0516
1         1   43.0357
1         1   43.0177
1         1   43.0015
1         1   42.9855
1         1   42.9681
1         1   42.9491
1         1   42.9343
1         1   42.9165
1         1   42.9008
1         1   42.8838
1         1   42.8677
1         1   42.8497
1         1   42.8347
1         1   42.8168
1         1   42.8001
1         1   42.7827
1         1   42.7665
1         1   42.7499
1         1    42.733
1         1   42.7172
1         1      42.7
1         1   42.6831
1         1    42.667
1         1    42.649
1         1   42.6325
1         1   42.6147
1         1   42.5976
1         1   42.5814
1         1   42.5642
1         1   42.5468
1         1   42.5311
1         1   42.5142
1         1   42.4957
1         1   42.4798
1         1   42.4628
1         1   42.4469
1         1     42.42
1         1   42.4123
1         1   42.3956
1         1   42.3806
1         1   42.3632
1         1   42.3454
1         1   42.3276
1         1   42.3119
1         1   42.2947
1         1   42.2784
1         1   42.2599
1         1   42.2434
1         1   42.2268
1         1   42.2113
1         1   42.1924
1         1   42.1768
1         1   42.1597
1         1   42.1446
1         1   42.1276
1         1   42.1116
1         1   42.0929
1         1   42.0767
1         1   42.0577
1         1   42.0426
1         1   42.0247
1         1   42.0087
1         1    41.991
1         1   41.9754
1         1   41.9567
1         1   41.9415
1         1   41.9244
1         1   41.9077
1         1   41.8913
1         1   41.8744
1         1   41.8584
1         1   41.8421
1         1   41.8241
1         1   41.8082
1         1   41.7917
1         1   41.7752
1         1   41.7586
1         1   41.7428
1         1   41.7256
1         1   41.7082
1         1   41.6919
1         1   41.6752
1         1   41.6595
1         1   41.6416
1         1   41.6256
1         1   41.6094
1         1   41.5927
1         1   41.5757
1         1   41.5586
1         1    41.543
1         1   41.5273
1         1   41.5086
1         1   41.4923
1         1   41.4757
1         1    41.459
1         1    41.441
1         1   41.4234
1         1   41.4068
1         1   41.3905
1         1   41.3719
1         1   41.3558
1         1   41.3377
1         1   41.3214
1         1   41.3046
1         1    41.287
1         1   41.2701
1         1   41.2545
1         1   41.2372
1         1   41.2214
1         1   41.2035
1         1   41.1859
1         1   41.1698
1         1    41.154
1         1    41.137
1         1    41.121
1         1   41.1016
1         1   41.0867
1         1   41.0707
1         1   41.0548
1         1   41.0362
1         1   41.0209
1         1   41.0052
1         1   40.9897
1         1   40.9717
1         1   40.9561
1         1   40.9396
1         1   40.9225
1         1   40.9049
1         1   40.8903
1         1   40.8729
1         1   40.8559
1         1   40.8388
1         1   40.8217
1         1   40.8048
1         1   40.7884
1         1   40.7711
1         1   40.7549
1         1   40.7389
1         1   40.7212
1         1   40.7055
1         1   40.6888
1         1   40.6726
1         1   40.6542
1         1   40.6391
1         1   40.6202
1         1   40.6058
1         1   40.5883
1         1   40.5707
1         1   40.5518
1         1   40.5351
1         1   40.5203
1         1    40.504
1         1   40.4858
1         1   40.4705
1         1   40.4526
1         1    40.437
1         1   40.4185
1         1   40.4023
1         1    40.385
1         1     40.37
1         1    40.351
1         1   40.3357
1         1   40.3163
1         1   40.3009
1         1   40.2851
1         1   40.2684
1         1   40.2504
1         1   40.2347
1         1    40.217
1         1   40.2011
1         1    40.183
1         1   40.1669
1         1   40.1499
1         1   40.1328
1         1   40.1152
1         1   40.0976
1         1   40.0801
1         1   40.0637
1         1   40.0468
1         1   40.0299
1         1   40.0131
1         1   39.9966
1         1   39.9781
1         1   39.9614
1         1   39.9452
1         1   39.9282
1         1   39.9103
1         1   39.8933
1         1   39.8734
1         1     39.86
1         1   39.8434
1         1   39.8264
1         1   39.8094
1         1   39.7935
1         1   39.7757
1         1   39.7578
1         1   39.7428
1         1   39.7251
1         1   39.7097
1         1   39.6925
1         1   39.6753
1         1   39.6581
1         1   39.6413
1         1   39.6245
1         1   39.6088
1         1   39.5909
1         1   39.5753
1         1   39.5562
1         1   39.5415
1         1   39.5244
1         1   39.5066
1         1   39.4895
1         1    39.473
1         1    39.456
1         1   39.4379
1         1   39.4192
1         1   39.4043
1         1   39.3851
1         1   39.3687
1         1   39.3523
1         1   39.3365
1         1   39.3178
1         1   39.3028
1         1   39.2857
1         1   39.2683
1         1   39.2497
1         1   39.2332
1         1    39.212
1         1    39.199
1         1   39.1813
1         1   39.1655
1         1   39.1479
1         1   39.1308
1         1   39.1123
1         1   39.0964
1         1    39.078
1         1   39.0624
1         1   39.0448
1         1   39.0293
1         1   39.0093
1         1   38.9946
1         1    38.976
1         1   38.9608
1         1   38.9416
1         1    38.927
1         1   38.9084
1         1   38.8934
1         1   38.8752
1         1   38.8598
1         1   38.8417
1         1   38.8259
1         1   38.8067
1         1    38.792
1         1   38.7743
1         1   38.7585
1         1   38.7398
1         1   38.7247
1         1   38.7081
1         1   38.6924
1         1   38.6758
1         1   38.6588
1         1   38.6413
1         1   38.6254
1         1   38.6079
1         1   38.5914
1         1   38.5725
1         1   38.5581
1         1   38.5408
1         1   38.5241
1         1   38.5076
1         1   38.4913
1         1   38.4743
1         1   38.4574
1         1   38.4412
1         1   38.4233
1         1   38.4064
1         1   38.3899
1         1   38.3743
1         1   38.3577
1         1   38.3408
1         1   38.3238
1         1    38.308
1         1   38.2897
1         1   38.2735
1         1   38.2567
1         1   38.2404
1         1   38.2237
1         1   38.2065
1         1   38.1894
1         1   38.1721
1         1    38.155
1         1   38.1394
1         1   38.1225
1         1   38.1065
1         1    38.087
1         1   38.0718
1         1   38.0523
1         1   38.0377
1         1   38.0184
1         1   38.0026
1         1   37.9864
1         1    37.971
1         1   37.9526
1         1   37.9369
1         1   37.9184
1         1   37.9038
1         1   37.8829
1         1   37.8713
1         1   37.8526
1         1   37.8376
1         1   37.8192
1         1   37.8032
1         1   37.7867
1         1     37.77
1         1   37.7528
1         1   37.7369
1         1   37.7204
1         1   37.7031
1         1   37.6865
1         1   37.6702
1         1   37.6534
1         1   37.6385
1         1   37.6196
1         1   37.6043
1         1   37.5883
1         1   37.5717
1         1   37.5557
1         1   37.5383
1         1   37.5218
1         1   37.5057
1         1   37.4891
1         1    37.472
1         1   37.4552
1         1   37.4391
1         1   37.4202
1         1   37.4056
1         1   37.3882
1         1   37.3722
1         1   37.3534
1         1   37.3364
1         1     37.32
1         1   37.3044
1         1   37.2869
1         1   37.2715
1         1    37.253
1         1   37.2374
1         1   37.2217
1         1   37.2053
1         1   37.1873
1         1    37.172
1         1   37.1549
1         1   37.1392
1         1   37.1216
1         1   37.1051
1         1   37.0878
1         1   37.0709
1         1   37.0537
1         1    37.036
1         1   37.0196
1         1   37.0029
1         1   36.9861
1         1   36.9684
1         1   36.9522
1         1   36.9358
1         1   36.9192
1         1   36.9031
1         1   36.8853
1         1   36.8698
1         1    36.852
1         1   36.8349
1         1   36.8174
1         1   36.8011
1         1   36.7844
1         1   36.7681
1         1   36.7515
1         1   36.7336
1         1   36.7178
1         1   36.7013
1         1   36.6848
1         1   36.6673
1         1   36.6524
1         1   36.6346
1         1   36.6179
1         1   36.6016
1         1   36.5856
1         1   36.5682
1         1   36.5519
1         1   36.5335
1         1   36.5173
1         1   36.4999
1         1   36.4851
1         1   36.4675
1         1   36.4515
1         1    36.435
1         1   36.4183
1         1   36.4004
1         1   36.3844
1         1   36.3665
1         1   36.3506
1         1    36.334
1         1   36.3177
1         1   36.3005
1         1   36.2841
1         1   36.2676
1         1   36.2501
1         1   36.2331
1         1   36.2171
1         1   36.2001
1         1   36.1829
1         1    36.167
1         1   36.1496
1         1   36.1336
1         1   36.1171
1         1   36.0998
1         1   36.0836
1         1   36.0653
1         1   36.0496
1         1   36.0335
1         1   36.0168
1         1   35.9995
1         1   35.9829
1         1   35.9668
1         1   35.9487
1         1   35.9319
1         1   35.9142
1         1   35.8981
1         1   35.8793
1         1   35.8631
1         1   35.8469
1         1   35.8298
1         1   35.8124
1         1   35.7963
1         1   35.7802
1         1   35.7629
1         1   35.7449
1         1   35.7293
1         1   35.7114
1         1   35.6961
1         1   35.6769
1         1   35.6619
1         1   35.6442
1         1   35.6286
1         1   35.6106
1         1   35.5954
1         1   35.5757
1         1   35.5608
1         1   35.5442
1         1   35.5285
1         1   35.5099
1         1   35.4939
1         1   35.4764
1         1   35.4611
1         1   35.4422
1         1   35.4279
1         1   35.4097
1         1   35.3926
1         1   35.3737
1         1   35.3592
1         1   35.3422
1         1   35.3238
1         1   35.3079
1         1   35.2921
1         1   35.2738
1         1   35.2569
1         1   35.2413
1         1   35.2243
1         1   35.2048
1         1   35.1906
1         1   35.1734
1         1   35.1571
1         1   35.1383
1         1   35.1233
1         1   35.1068
1         1   35.0913
1         1    35.074
1         1    35.057
1         1   35.0407
1         1   35.0245
1         1   35.0084
1         1   34.9919
1         1   34.9743
1         1   34.9572
1         1   34.9412
1         1   34.9231
1         1   34.9065
1         1   34.8894
1         1    34.872
1         1   34.8547
1         1   34.8386
1         1   34.8203
1         1   34.8052
1         1   34.7873
1         1   34.7715
1         1   34.7538
1         1   34.7384
1         1   34.7198
1         1   34.7036
1         1   34.6873
1         1   34.6695
1         1   34.6527
1         1   34.6368
1         1    34.618
1         1   34.6029
1         1   34.5854
1         1   34.5692
1         1   34.5523
1         1   34.5348
1         1   34.5179
1         1   34.5017
1         1   34.4844
1         1   34.4681
1         1   34.4484
1         1   34.4348
1         1   34.4173
1         1   34.4011
1         1    34.382
1         1   34.3666
1         1   34.3499
1         1   34.3338
1         1   34.3147
1         1   34.3003
1         1   34.2836
1         1   34.2664
1         1   34.2474
1         1   34.2321
1         1   34.2148
1         1   34.1995
1         1   34.1814
1         1    34.166
1         1   34.1492
1         1   34.1323
1         1   34.1159
1         1   34.0995
1         1   34.0833
1         1   34.0673
1         1   34.0507
1         1   34.0345
1         1   34.0177
1         1   34.0011
1         1   33.9843
1         1   33.9679
1         1   33.9516
1         1    33.934
1         1    33.917
1         1    33.901
1         1   33.8851
1         1   33.8681
1         1   33.8512
1         1    33.834
1         1   33.8188
1         1   33.8012
1         1   33.7854
1         1   33.7663
1         1   33.7508
1         1   33.7319
1         1    33.717
1         1   33.6986
1         1   33.6821
1         1   33.6644
1         1   33.6479
1         1   33.6291
1         1   33.6146
1         1   33.5953
1         1   33.5821
1         1   33.5639
1         1   33.5479
1         1    33.529
1         1    33.513
1         1   33.4941
1         1   33.4808
1         1   33.4632
1         1   33.4465
1         1   33.4295
1         1   33.4139
1         1   33.3958
1         1   33.3807
1         1   33.3632
1         1   33.3468
1         1   33.3297
1         1   33.3139
1         1   33.2968
1         1     33.28
1         1   33.2627
1         1   33.2461
1         1   33.2279
1         1   33.2113
1         1   33.1945
1         1   33.1783
1         1   33.1614
1         1   33.1448
1         1   33.1278
1         1   33.1117
1         1   33.0962
1         1    33.078
1         1   33.0623
1         1   33.0449
1         1   33.0284
1         1   33.0106
1         1   32.9956
1         1   32.9784
1         1   32.9611
1         1   32.9458
1         1   32.9295
1         1   32.9112
1         1   32.8943
1         1   32.8775
1         1   32.8603
1         1   32.8423
1         1   32.8255
1         1   32.8086
1         1    32.793
1         1   32.7761
1         1   32.7587
1         1   32.7388
1         1   32.7248
1         1   32.7077
1         1   32.6911
1         1   32.6725
1         1   32.6565
1         1   32.6377
1         1   32.6216
1         1   32.6041
1         1   32.5874
1         1   32.5722
1         1   32.5544
1         1   32.5379
1         1   32.5212
1         1   32.5051
1         1   32.4891
1         1   32.4708
1         1   32.4554
1         1    32.439
1         1   32.4217
1         1    32.406
1         1   32.3892
1         1   32.3716
1         1   32.3557
1         1   32.3377
1         1   32.3213
1         1   32.3045
1         1   32.2874
1         1    32.272
1         1   32.2549
1         1   32.2381
1         1   32.2213
1         1   32.2047
1         1   32.1881
1         1   32.1704
1         1   32.1541
1         1   32.1374
1         1   32.1196
1         1   32.1048
1         1   32.0882
1         1   32.0718
1         1   32.0539
1         1   32.0376
1         1    32.021
1         1    32.005
1         1   31.9867
1         1   31.9721
1         1   31.9523
1         1   31.9378
1         1   31.9186
1         1   31.9038
1         1   31.8845
1         1   31.8704
1         1   31.8529
1         1   31.8375
1         1   31.8194
1         1   31.8044
1         1   31.7851
1         1   31.7692
1         1   31.7498
1         1   31.7345
1         1   31.7162
1         1   31.7008
1         1   31.6841
1         1   31.6669
1         1   31.6474
1         1   31.6336
1         1    31.615
1         1   31.5999
1         1   31.5801
1         1   31.5667
1         1   31.5497
1         1   31.5336
1         1    31.515
1         1   31.4993
1         1   31.4817
1         1   31.4654
1         1    31.446
1         1   31.4301
1         1   31.4123
1         1   31.3957
1         1   31.3802
1         1   31.3628
1         1   31.3467
1         1   31.3298
1         1   31.3132
1         1   31.2973
1         1   31.2798
1         1    31.262
1         1   31.2457
1         1   31.2295
1         1   31.2129
1         1   31.1967
1         1   31.1788
1         1   31.1613
1         1   31.1446
1         1   31.1276
1         1    31.111
1         1   31.0943
1         1   31.0774
1         1   31.0603
1         1   31.0432
1         1   31.0272
1         1   31.0098
1         1   30.9928
1         1   30.9766
1         1   30.9596
1         1   30.9428
1         1   30.9264
1         1   30.9103
1         1   30.8904
1         1   30.8763
1         1   30.8583
1         1   30.8433
1         1   30.8248
1         1   30.8095
1         1   30.7922
1         1   30.7775
1         1   30.7588
1         1    30.744
1         1   30.7279
1         1   30.7113
1         1   30.6937
1         1   30.6768
1         1    30.658
1         1   30.6428
1         1   30.6247
1         1   30.6097
1         1   30.5933
1         1   30.5769
1         1   30.5602
1         1   30.5434
1         1   30.5246
1         1   30.5102
1         1   30.4944
1         1   30.4769
1         1   30.4586
1         1   30.4424
1         1   30.4249
1         1   30.4077
1         1   30.3906
1         1   30.3727
1         1   30.3547
1         1   30.3395
1         1   30.3208
1         1    30.305
1         1   30.2877
1         1   30.2712
1         1   30.2535
1         1   30.2371
1         1    30.219
1         1   30.2027
1         1   30.1886
1         1   30.1687
1         1   30.1533
1         1   30.1362
1         1   30.1188
1         1   30.1035
1         1    30.088
1         1   30.0707
1         1   30.0546
1         1   30.0382
1         1   30.0213
1         1   30.0035
1         1   29.9862
1         1   29.9678
1         1   29.9524
1         1   29.9357
1         1   29.9182
1         1   29.9009
1         1   29.8846
1         1   29.8674
1         1   29.8511
1         1   29.8324
1         1    29.817
1         1   29.7975
1         1    29.783
1         1   29.7658
1         1   29.7492
1         1   29.7316
1         1   29.7162
1         1   29.6979
1         1   29.6826
1         1   29.6644
1         1   29.6488
1         1   29.6303
1         1   29.6144
1         1   29.5969
1         1   29.5814
1         1   29.5625
1         1   29.5469
1         1   29.5268
1         1   29.5127
1         1   29.4944
1         1   29.4799
1         1    29.462
1         1   29.4466
1         1   29.4279
1         1    29.412
1         1   29.3941
1         1   29.3783
1         1   29.3622
1         1   29.3445
1         1   29.3257
1         1   29.3105
1         1   29.2907
1         1   29.2777
1         1   29.2565
1         1   29.2436
1         1   29.2262
1         1   29.2102
1         1   29.1915
1         1   29.1764
1         1   29.1546
1         1   29.1419
1         1   29.1238
1         1   29.1074
1         1   29.0893
1         1   29.0741
1         1   29.0556
1         1   29.0401
1         1   29.0218
1         1   29.0064
1         1    28.987
1         1   28.9714
1         1   28.9531
1         1   28.9384
1         1    28.921
1         1   28.9038
1         1   28.8879
1         1   28.8719
1         1   28.8546
1         1   28.8378
1         1   28.8203
1         1   28.8049
1         1   28.7871
1         1   28.7706
1         1   28.7539
1         1   28.7366
1         1   28.7199
1         1   28.7033
1         1   28.6859
1         1   28.6688
1         1   28.6529
1         1   28.6364
1         1    28.619
1         1   28.6031
1         1   28.5844
1         1   28.5684
1         1   28.5518
1         1    28.535
1         1   28.5181
1         1   28.5015
1         1   28.4833
1         1   28.4667
1         1   28.4508
1         1   28.4348
1         1   28.4171
1         1   28.4002
1         1   28.3843
1         1   28.3668
1         1   28.3517
1         1   28.3338
1         1   28.3177
1         1   28.2992
1         1    28.283
1         1   28.2663
1         1   28.2501
1         1   28.2317
1         1   28.2159
1         1   28.1985
1         1   28.1815
1         1   28.1632
1         1   28.1469
1         1   28.1313
1         1   28.1149
1         1   28.0968
1         1   28.0813
1         1   28.0624
1         1   28.0469
1         1   28.0288
1         1   28.0136
1         1   27.9948
1         1   27.9787
1         1   27.9617
1         1   27.9457
1         1   27.9289
1         1   27.9139
1         1   27.8967
1         1   27.8801
1         1   27.8639
1         1    27.847
1         1   27.8292
1         1    27.813
1         1    27.795
1         1   27.7785
1         1   27.7612
1         1   27.7447
1         1   27.7264
1         1   27.7117
1         1   27.6954
1         1   27.6794
1         1   27.6632
1         1   27.6463
1         1   27.6291
1         1   27.6123
1         1   27.5964
1         1   27.5791
1         1   27.5621
1         1   27.5453
1         1   27.5299
1         1   27.5127
1         1   27.4967
1         1   27.4793
1         1   27.4629
1         1   27.4447
1         1    27.429
1         1   27.4114
1         1   27.3958
1         1   27.3788
1         1   27.3631
1         1   27.3449
1         1   27.3281
1         1   27.3103
1         1   27.2935
1         1   27.2759
1         1   27.2601
1         1    27.241
1         1   27.2257
1         1   27.2081
1         1   27.1912
1         1   27.1724
1         1   27.1575
1         1   27.1405
1         1   27.1241
1         1   27.1068
1         1   27.0895
1         1   27.0713
1         1   27.0541
1         1   27.0372
1         1   27.0203
1         1   27.0029
1         1   26.9867
1         1   26.9694
1         1   26.9529
1         1   26.9342
1         1   26.9201
1         1    26.902
1         1   26.8861
1         1   26.8687
1         1   26.8525
1         1   26.8333
1         1   26.8175
1         1   26.8004
1         1   26.7829
1         1   26.7668
1         1   26.7492
1         1   26.7315
1         1   26.7164
1         1   26.6999
1         1   26.6836
1         1   26.6667
1         1   26.6507
1         1    26.634
1         1   26.6183
1         1   26.6024
1         1   26.5845
1         1    26.568
1         1   26.5524
1         1   26.5351
1         1   26.5153
1         1   26.5005
1         1   26.4847
1         1    26.468
1         1   26.4502
1         1   26.4344
1         1   26.4165
1         1   26.4007
1         1   26.3842
1         1   26.3684
1         1   26.3516
1         1    26.334
1         1   26.3183
1         1   26.3008
1         1   26.2823
1         1   26.2668
1         1   26.2476
1         1   26.2324
1         1   26.2162
1         1   26.2003
1         1   26.1808
1         1   26.1667
1         1   26.1481
1         1   26.1328
1         1   26.1148
1         1   26.1001
1         1   26.0826
1         1   26.0667
1         1   26.0488
1         1   26.0337
1         1   26.0151
1         1   25.9999
1         1   25.9832
1         1   25.9661
1         1   25.9508
1         1   25.9334
1         1   25.9166
1         1   25.8998
1         1   25.8813
1         1   25.8653
1         1   25.8467
1         1    25.831
1         1   25.8147
1         1   25.7982
1         1   25.7795
1         1   25.7633
1         1    25.747
1         1   25.7309
1         1   25.7141
1         1   25.6984
1         1   25.6802
1         1   25.6644
1         1   25.6471
1         1   25.6306
1         1   25.6151
1         1   25.5984
1         1   25.5818
1         1   25.5653
1         1   25.5475
1         1   25.5309
1         1   25.5143
1         1   25.4966
1         1   25.4805
1         1   25.4631
1         1   25.4467
1         1   25.4295
1         1    25.414
1         1    25.395
1         1   25.3806
1         1   25.3626
1         1    25.346
1         1    25.328
1         1   25.3122
1         1    25.295
1         1   25.2775
1         1   25.2614
1         1   25.2443
1         1   25.2272
1         1   25.2103
1         1   25.1929
1         1   25.1749
1         1   25.1582
1         1   25.1412
1         1   25.1231
1         1   25.1072
1         1     25.09
1         1   25.0734
1         1    25.055
1         1     25.04
1         1   25.0219
1         1   25.0042
1         1   24.9882
1         1    24.972
1         1   24.9539
1         1   24.9381
1         1   24.9224
1         1   24.9063
1         1   24.8887
1         1   24.8729
1         1   24.8548
1         1    24.839
1         1   24.8223
1         1   24.8064
1         1   24.7879
1         1   24.7721
1         1   24.7536
1         1   24.7381
1         1    24.721
1         1   24.7056
1         1   24.6865
1         1   24.6702
1         1   24.6547
1         1   24.6382
1         1   24.6208
1         1   24.6041
1         1   24.5859
1         1   24.5699
1         1   24.5518
1         1   24.5359
1         1   24.5184
1         1   24.5011
1         1   24.4858
1         1   24.4696
1         1   24.4514
1         1   24.4349
1         1   24.4183
1         1   24.4014
1         1   24.3841
1         1   24.3685
1         1   24.3517
1         1   24.3354
1         1   24.3174
1         1   24.3006
1         1    24.283
1         1   24.2662
1         1   24.2447
1         1   24.2314
1         1   24.2139
1         1   24.1975
1         1   24.1794
1         1   24.1631
1         1   24.1469
1         1   24.1306
1         1   24.1133
1         1   24.0962
1         1   24.0812
1         1   24.0641
1         1   24.0462
1         1   24.0302
1         1   24.0142
1         1   23.9968
1         1   23.9821
1         1   23.9632
1         1   23.9477
1         1   23.9317
1         1   23.9153
1         1   23.8973
1         1   23.8816
1         1   23.8631
1         1   23.8473
1         1   23.8296
1         1   23.8141
1         1    23.797
1         1    23.781
1         1   23.7631
1         1   23.7465
1         1   23.7296
1         1   23.7132
1         1   23.6957
1         1   23.6785
1         1   23.6619
1         1    23.645
1         1   23.6272
1         1   23.6124
1         1   23.5943
1         1   23.5782
1         1   23.5601
1         1   23.5443
1         1   23.5278
1         1    23.512
1         1   23.4958
1         1   23.4801
1         1   23.4629
1         1   23.4456
1         1   23.4278
1         1   23.4126
1         1   23.3953
1         1   23.3795
1         1   23.3619
1         1   23.3465
1         1   23.3301
1         1   23.3141
1         1   23.2957
1         1   23.2785
1         1   23.2614
1         1   23.2451
1         1   23.2273
1         1   23.2119
1         1   23.1953
1         1   23.1785
1         1   23.1614
1         1   23.1451
1         1   23.1273
1         1    23.111
1         1   23.0938
1         1   23.0785
1         1   23.0612
1         1   23.0451
1         1   23.0276
1         1   23.0111
1         1   22.9949
1         1   22.9737
1         1   22.9613
1         1   22.9413
1         1   22.9269
1         1    22.909
1         1   22.8925
1         1   22.8743
1         1     22.86
1         1   22.8422
1         1   22.8257
1         1   22.8079
1         1   22.7931
1         1   22.7759
1         1   22.7592
1         1    22.743
1         1   22.7268
1         1   22.7093
1         1   22.6933
1         1   22.6741
1         1   22.6597
1         1   22.6417
1         1   22.6261
1         1   22.6088
1         1   22.5928
1         1   22.5749
1         1   22.5597
1         1   22.5428
1         1   22.5257
1         1   22.5082
1         1   22.4901
1         1   22.4731
1         1   22.4575
1         1   22.4409
1         1    22.424
1         1   22.4068
1         1   22.3907
1         1   22.3729
1         1    22.356
1         1   22.3394
1         1    22.323
1         1   22.3058
1         1   22.2889
1         1   22.2726
1         1   22.2561
1         1   22.2386
1         1   22.2223
1         1   22.2051
1         1   22.1882
1         1   22.1718
1         1   22.1539
1         1   22.1375
1         1   22.1192
1         1   22.1026
1         1   22.0852
1         1   22.0697
1         1   22.0518
1         1   22.0366
1         1   22.0183
1         1   22.0026
1         1   21.9863
1         1   21.9693
1         1    21.952
1         1   21.9341
1         1    21.918
1         1   21.9008
1         1   21.8835
1         1   21.8687
1         1   21.8516
1         1    21.835
1         1   21.8184
1         1   21.8029
1         1   21.7848
1         1   21.7693
1         1   21.7527
1         1   21.7362
1         1   21.7187
1         1   21.7012
1         1   21.6849
1         1   21.6665
1         1   21.6497
1         1   21.6334
1         1   21.6167
1         1   21.6013
1         1   21.5855
1         1    21.568
1         1   21.5488
1         1   21.5327
1         1    21.517
1         1   21.4984
1         1   21.4832
1         1   21.4644
1         1   21.4484
1         1   21.4297
1         1   21.4167
1         1   21.3995
1         1   21.3837
1         1   21.3673
1         1   21.3504
1         1   21.3336
1         1   21.3165
1         1   21.2994
1         1   21.2833
1         1   21.2653
1         1   21.2488
1         1   21.2318
1         1    21.216
1         1   21.1986
1         1   21.1814
1         1   21.1633
1         1   21.1481
1         1   21.1282
1         1   21.1145
1         1   21.0965
1         1   21.0819
1         1   21.0643
1         1    21.049
1         1   21.0308
1         1   21.0149
1         1   20.9972
1         1   20.9817
1         1   20.9651
1         1    20.948
1         1   20.9311
1         1   20.9125
1         1   20.8966
1         1    20.878
1         1   20.8634
1         1   20.8454
1         1   20.8287
1         1   20.8119
1         1   20.7957
1         1   20.7781
1         1   20.7612
1         1   20.7426
1         1   20.7249
1         1   20.7081
1         1   20.6932
1         1   20.6753
1         1   20.6614
1         1   20.6418
1         1   20.6288
1         1   20.6097
1         1   20.5947
1         1   20.5743
1         1   20.5618
1         1   20.5448
1         1   20.5283
1         1   20.5087
1         1    20.491
1         1   20.4727
1         1    20.456
1         1   20.4402
1         1    20.424
1         1   20.4051
1         1     20.39
1         1     20.37
1         1   20.3566
1         1   20.3389
1         1   20.3229
1         1   20.3068
1         1   20.2905
1         1    20.271
1         1   20.2562
1         1   20.2391
1         1    20.223
1         1   20.2062
1         1   20.1902
1         1   20.1732
1         1   20.1567
1         1    20.139
1         1   20.1228
1         1   20.1066
1         1   20.0904
1         1   20.0732
1         1   20.0568
1         1   20.0402
1         1   20.0229
1         1    20.003
1         1   19.9888
1         1   19.9719
1         1   19.9566
1         1   19.9395
1         1   19.9217
1         1   19.9071
1         1   19.8889
1         1   19.8722
1         1   19.8559
1         1   19.8391
1         1   19.8206
1         1   19.8049
1         1   19.7867
1         1   19.7706
1         1   19.7542
1         1   19.7383
1         1   19.7184
1         1   19.7042
1         1   19.6857
1         1   19.6704
1         1   19.6511
1         1   19.6372
1         1   19.6203
1         1   19.6036
1         1   19.5864
1         1   19.5705
1         1   19.5517
1         1   19.5359
1         1   19.5165
1         1   19.5012
1         1   19.4837
1         1   19.4683
1         1   19.4513
1         1   19.4355
1         1   19.4192
1         1   19.4025
1         1   19.3863
1         1   19.3694
1         1   19.3519
1         1   19.3345
1         1   19.3173
1         1   19.2994
1         1   19.2834
1         1   19.2656
1         1   19.2501
1         1    19.233
1         1    19.217
1         1   19.1985
1         1   19.1849
1         1   19.1664
1         1   19.1507
1         1   19.1329
1         1   19.1174
1         1   19.0998
1         1   19.0842
1         1   19.0657
1         1   19.0508
1         1   19.0343
1         1   19.0178
1         1   19.0006
1         1   18.9828
1         1   18.9667
1         1   18.9505
1         1   18.9338
1         1   18.9169
1         1   18.8991
1         1   18.8827
1         1   18.8665
1         1   18.8493
1         1   18.8324
1         1   18.8162
1         1   18.7986
1         1   18.7833
1         1   18.7672
1         1   18.7504
1         1   18.7331
1         1   18.7141
1         1   18.6973
1         1   18.6813
1         1   18.6651
1         1   18.6482
1         1   18.6315
1         1   18.6139
1         1   18.5976
1         1    18.579
1         1   18.5629
1         1   18.5444
1         1   18.5287
1         1   18.5119
1         1   18.4935
1         1   18.4777
1         1   18.4612
1         1    18.444
1         1   18.4273
1         1   18.4098
1         1   18.3935
1         1   18.3757
1         1   18.3573
1         1   18.3409
1         1   18.3248
1         1   18.3065
1         1   18.2936
1         1   18.2766
1         1   18.2602
1         1   18.2427
1         1   18.2264
1         1   18.2095
1         1   18.1938
1         1   18.1756
1         1   18.1605
1         1   18.1429
1         1   18.1262
1         1   18.1075
1         1   18.0933
1         1   18.0756
1         1   18.0587
1         1   18.0402
1         1   18.0244
1         1   18.0078
1         1   17.9919
1         1   17.9748
1         1   17.9583
1         1   17.9417
1         1   17.9252
1         1   17.9074
1         1   17.8915
1         1   17.8748
1         1   17.8578
1         1   17.8421
1         1   17.8252
1         1    17.808
1         1    17.792
1         1   17.7756
1         1   17.7581
1         1   17.7411
1         1   17.7247
1         1   17.7074
1         1   17.6918
1         1   17.6753
1         1   17.6569
1         1   17.6413
1         1   17.6233
1         1   17.6081
1         1   17.5884
1         1   17.5746
1         1   17.5553
1         1   17.5411
1         1   17.5221
1         1   17.5065
1         1   17.4893
1         1   17.4729
1         1   17.4551
1         1   17.4384
1         1   17.4225
1         1   17.4057
1         1   17.3883
1         1   17.3723
1         1   17.3553
1         1    17.339
1         1   17.3223
1         1   17.3053
1         1    17.287
1         1   17.2707
1         1   17.2536
1         1   17.2368
1         1   17.2209
1         1   17.2042
1         1   17.1869
1         1   17.1707
1         1   17.1539
1         1   17.1373
1         1   17.1215
1         1   17.1041
1         1   17.0867
1         1     17.07
1         1    17.052
1         1   17.0354
1         1   17.0184
1         1   17.0013
1         1   16.9854
1         1   16.9676
1         1   16.9515
1         1   16.9336
1         1   16.9183
1         1   16.8998
1         1   16.8838
1         1   16.8667
1         1   16.8501
1         1   16.8315
1         1   16.8156
1         1    16.796
1         1   16.7796
1         1   16.7617
1         1   16.7466
1         1   16.7297
1         1   16.7135
1         1   16.6944
1         1   16.6792
1         1   16.6613
1         1   16.6455
1         1   16.6292
1         1   16.6139
1         1   16.5976
1         1   16.5814
1         1   16.5651
1         1   16.5479
1         1   16.5311
1         1   16.5144
1         1   16.4974
1         1   16.4818
1         1   16.4647
1         1   16.4466
1         1   16.4303
1         1   16.4139
1         1   16.3969
1         1   16.3811
1         1   16.3636
1         1   16.3468
1         1   16.3298
1         1   16.3139
1         1   16.2973
1         1   16.2805
1         1   16.2633
1         1   16.2468
1         1   16.2296
1         1   16.2127
1         1   16.1968
1         1   16.1793
1         1   16.1625
1         1   16.1441
1         1   16.1279
1         1   16.1111
1         1   16.0954
1         1   16.0774
1         1   16.0608
1         1   16.0434
1         1   16.0279
1         1   16.0096
1         1   15.9933
1         1   15.9752
1         1     15.96
1         1   15.9417
1         1   15.9259
1         1   15.9078
1         1   15.8913
1         1   15.8728
1         1   15.8571
1         1   15.8397
1         1   15.8246
1         1   15.8071
1         1   15.7906
1         1   15.7694
1         1   15.7558
1         1    15.738
1         1    15.722
1         1   15.7052
1         1   15.6891
1         1     15.67
1         1   15.6533
1         1   15.6376
1         1   15.6213
1         1   15.6032
1         1   15.5858
1         1   15.5698
1         1   15.5532
1         1   15.5343
1         1   15.5193
1         1   15.5013
1         1   15.4863
1         1   15.4685
1         1   15.4525
1         1   15.4341
1         1   15.4183
1         1   15.4011
1         1   15.3847
1         1   15.3657
1         1   15.3512
1         1    15.334
1         1   15.3175
1         1   15.3001
1         1   15.2844
1         1   15.2681
1         1   15.2509
1         1   15.2339
1         1   15.2172
1         1    15.201
1         1   15.1856
1         1   15.1695
1         1   15.1504
1         1   15.1349
1         1   15.1186
1         1   15.1007
1         1   15.0834
1         1   15.0667
1         1   15.0502
1         1   15.0326
1         1   15.0152
1         1   14.9991
1         1   14.9818
1         1   14.9666
1         1   14.9489
1         1   14.9336
1         1   14.9165
1         1   14.9005
1         1   14.8833
1         1   14.8666
1         1   14.8516
1         1   14.8351
1         1   14.8185
1         1   14.8014
1         1   14.7844
1         1   14.7684
1         1    14.752
1         1   14.7336
1         1   14.7178
1         1   14.7021
1         1   14.6855
1         1   14.6676
1         1   14.6521
1         1   14.6344
1         1   14.6189
1         1   14.6037
1         1   14.5869
1         1   14.5703
1         1   14.5527
1         1   14.5359
1         1   14.5185
1         1    14.503
1         1   14.4828
1         1   14.4695
1         1   14.4488
1         1   14.4366
1         1   14.4176
1         1   14.4004
1         1   14.3838
1         1    14.367
1         1     14.35
1         1   14.3358
1         1    14.316
1         1   14.3026
1         1   14.2855
1         1   14.2694
1         1   14.2532
1         1   14.2362
1         1   14.2185
1         1   14.2029
1         1    14.186
1         1   14.1682
1         1   14.1517
1         1   14.1348
1         1   14.1197
1         1   14.1037
1         1   14.0868
1         1   14.0687
1         1   14.0515
1         1   14.0353
1         1   14.0189
1         1   14.0016
1         1   13.9846
1         1   13.9661
1         1   13.9516
1         1   13.9325
1         1   13.9186
1         1   13.8997
1         1   13.8836
1         1   13.8673
1         1    13.851
1         1   13.8335
1         1   13.8175
1         1   13.8004
1         1   13.7845
1         1    13.765
1         1   13.7505
1         1    13.732
1         1   13.7163
1         1    13.698
1         1    13.682
1         1   13.6642
1         1   13.6482
1         1   13.6299
1         1   13.6125
1         1   13.5951
1         1   13.5775
1         1   13.5595
1         1   13.5437
1         1   13.5235
1         1   13.5112
1         1   13.4918
1         1   13.4769
1         1   13.4568
1         1   13.4439
1         1   13.4228
1         1   13.4092
1         1   13.3917
1         1   13.3765
1         1   13.3595
1         1   13.3431
1         1   13.3257
1         1   13.3087
1         1   13.2903
1         1    13.274
1         1   13.2564
1         1   13.2399
1         1   13.2198
1         1   13.2062
1         1   13.1874
1         1   13.1718
1         1   13.1531
1         1   13.1391
1         1   13.1195
1         1   13.1054
1         1   13.0875
1         1   13.0703
1         1   13.0519
1         1   13.0365
1         1   13.0196
1         1   13.0039
1         1   12.9875
1         1   12.9702
1         1   12.9504
1         1   12.9359
1         1   12.9192
1         1   12.9031
1         1   12.8857
1         1   12.8691
1         1   12.8528
1         1   12.8368
1         1   12.8193
1         1   12.8028
1         1   12.7855
1         1   12.7679
1         1   12.7519
1         1   12.7344
1         1   12.7188
1         1   12.7017
1         1   12.6835
1         1   12.6685
1         1   12.6511
1         1   12.6337
1         1   12.6163
1         1   12.5989
1         1   12.5816
1         1    12.566
1         1   12.5472
1         1    12.533
1         1    12.516
1         1   12.4985
1         1   12.4821
1         1   12.4624
1         1   12.4468
1         1   12.4286
1         1   12.4133
1         1   12.3966
1         1   12.3797
1         1   12.3601
1         1   12.3452
1         1   12.3271
1         1   12.3138
1         1   12.2936
1         1   12.2807
1         1   12.2608
1         1   12.2447
1         1   12.2269
1         1   12.2111
1         1   12.1937
1         1   12.1764
1         1   12.1557
1         1   12.1427
1         1   12.1238
1         1   12.1066
1         1   12.0885
1         1   12.0737
1         1   12.0565
1         1   12.0412
1         1   12.0221
1         1   12.0059
1         1   11.9876
1         1   11.9732
1         1   11.9529
1         1    11.939
1         1   11.9207
1         1   11.9061
1         1   11.8887
1         1   11.8735
1         1   11.8559
1         1   11.8394
1         1   11.8206
1         1   11.8056
1         1   11.7891
1         1   11.7729
1         1   11.7551
1         1   11.7384
1         1   11.7213
1         1   11.7036
1         1   11.6868
1         1   11.6702
1         1   11.6536
1         1   11.6379
1         1   11.6206
1         1   11.6041
1         1   11.5873
1         1   11.5709
1         1   11.5535
1         1   11.5372
1         1   11.5199
1         1   11.5022
1         1   11.4865
1         1   11.4699
1         1   11.4523
1         1   11.4361
1         1   11.4192
1         1   11.4013
1         1   11.3858
1         1    11.368
1         1   11.3517
1         1   11.3334
1         1   11.3181
1         1   11.3007
1         1   11.2846
1         1   11.2669
1         1   11.2509
1         1   11.2322
1         1   11.2172
1         1   11.2002
1         1   11.1832
1         1   11.1662
1         1   11.1503
1         1   11.1325
1         1   11.1159
1         1   11.0975
1         1   11.0826
1         1   11.0648
1         1    11.049
1         1   11.0298
1         1   11.0146
1         1   10.9949
1         1   10.9796
1         1   10.9633
1         1   10.9472
1         1   10.9287
1         1   10.9124
1         1   10.8932
1         1   10.8785
1         1   10.8623
1         1   10.8457
1         1   10.8274
1         1    10.812
1         1   10.7949
1         1   10.7797
1         1    10.763
1         1   10.7459
1         1   10.7304
1         1   10.7137
1         1   10.6972
1         1   10.6811
1         1   10.6636
1         1   10.6469
1         1   10.6294
1         1   10.6126
1         1    10.596
1         1   10.5794
1         1   10.5631
1         1   10.5459
1         1   10.5305
1         1    10.513
1         1   10.4972
1         1   10.4787
1         1   10.4631
1         1   10.4449
1         1   10.4292
1         1   10.4113
1         1   10.3959
1         1   10.3789
1         1   10.3619
1         1   10.3445
1         1    10.328
1         1     10.31
1         1   10.2931
1         1   10.2766
1         1   10.2605
1         1   10.2433
1         1   10.2279
1         1   10.2108
1         1   10.1954
1         1    10.177
1         1   10.1612
1         1   10.1434
1         1   10.1269
1         1   10.1096
1         1   10.0935
1         1   10.0751
1         1   10.0591
1         1   10.0395
1         1   10.0254
1         1   10.0071
1         1   9.99135
1         1   9.97393
1         1   9.95748
1         1   9.93958
1         1   9.92355
1         1   9.90659
1         1   9.89042
1         1   9.87099
1         1   9.85531
1         1     9.838
1         1   9.82195
1         1   9.80423
1         1   9.78895
1         1   9.77035
1         1   9.75493
1         1   9.73876
1         1   9.72216
1         1   9.70442
1         1     9.687
1         1   9.67067
1         1   9.65362
1         1   9.63667
1         1   9.61904
1         1   9.60322
1         1   9.58581
1         1   9.57022
1         1   9.55347
1         1   9.53669
1         1   9.52013
1         1   9.50323
1         1    9.4872
1         1   9.46995
1         1   9.45356
1         1   9.43597
1         1   9.41973
1         1   9.40367
1         1   9.38587
1         1   9.37076
1         1   9.35334
1         1   9.33626
1         1   9.31982
1         1   9.30418
1         1   9.28662
1         1   9.27074
1         1   9.25197
1         1   9.23687
1         1   9.21626
1         1   9.20091
1         1   9.18403
1         1   9.16819
1         1   9.15028
1         1   9.13477
1         1   9.11696
1         1   9.10118
1         1    9.0833
1         1   9.06699
1         1   9.05115
1         1   9.03607
1         1   9.01915
1         1   9.00304
1         1   8.98401
1         1   8.96938
1         1   8.95252
1         1   8.93542
1         1    8.9186
1         1   8.90035
1         1   8.88363
1         1   8.86804
1         1   8.85256
1         1   8.83563
1         1   8.81941
1         1   8.80195
1         1   8.78485
1         1   8.76759
1         1   8.75128
1         1   8.73299
1         1    8.7175
1         1   8.70103
1         1   8.68386
1         1   8.66573
1         1   8.64911
1         1   8.63268
1         1   8.61658
1         1   8.59812
1         1   8.58259
1         1    8.5653
1         1   8.54917
1         1   8.53119
1         1   8.51566
1         1   8.49873
1         1   8.48258
1         1   8.46529
1         1   8.44829
1         1   8.42824
1         1   8.41468
1         1   8.39751
1         1    8.3806
1         1   8.36072
1         1   8.34602
1         1   8.32931
1         1   8.31447
1         1   8.29651
1         1   8.27905
1         1   8.26221
1         1   8.24534
1         1   8.22701
1         1   8.21004
1         1   8.18972
1         1   8.17492
1         1   8.15695
1         1   8.14098
1         1   8.12251
1         1   8.10763
1         1   8.09057
1         1   8.07384
1         1   8.05754
1         1   8.04118
1         1   8.02341
1         1   8.00711
1         1   7.98983
1         1   7.97298
1         1   7.95599
1         1    7.9396
1         1   7.92292
1         1   7.90439
1         1   7.88987
1         1   7.87299
1         1   7.85736
1         1   7.83955
1         1   7.82189
1         1   7.80623
1         1   7.78873
1         1   7.77197
1         1   7.75564
1         1   7.73941
1         1   7.72327
1         1   7.70634
1         1    7.6891
1         1   7.67416
1         1   7.65706
1         1   7.63963
1         1   7.62322
1         1   7.60627
1         1   7.59034
1         1   7.57113
1         1   7.55567
1         1   7.53777
1         1   7.52145
1         1   7.50188
1         1   7.48654
1         1   7.46902
1         1   7.45256
1         1   7.43403
1         1   7.41881
1         1   7.40139
1         1   7.38449
1         1   7.36669
1         1   7.35058
1         1   7.33387
1         1   7.31684
1         1   7.29682
1         1   7.28258
1         1   7.26179
1         1   7.24832
1         1   7.23005
1         1   7.21395
1         1   7.19697
1         1   7.18167
1         1    7.1621
1         1   7.14695
1         1   7.12919
1         1   7.11351
1         1   7.09533
1         1   7.07885
1         1   7.06103
1         1    7.0415
1         1   7.02856
1         1   7.01213
1         1   6.99251
1         1    6.9763
1         1   6.96172
1         1   6.94477
1         1    6.9266
1         1   6.91077
1         1   6.89349
1         1   6.87759
1         1   6.85927
1         1   6.84394
1         1   6.82581
1         1   6.80948
1         1   6.78793
1         1   6.77594
1         1   6.75827
1         1   6.74113
1         1   6.72246
1         1   6.70804
1         1   6.68838
1         1   6.67288
1         1   6.65546
1         1   6.63862
1         1      6.62
1         1   6.60518
1         1   6.58625
1         1    6.5715
1         1   6.55369
1         1   6.53751
1         1   6.51775
1         1    6.5015
1         1   6.48327
1         1   6.46893
1         1   6.45003
1         1   6.43455
1         1   6.41576
1         1   6.40126
1         1   6.38415
1         1   6.36754
1         1   6.34522
1         1   6.33306
1         1   6.31583
1         1    6.3005
1         1   6.28335
1         1   6.26741
1         1   6.25039
1         1   6.23206
1         1   6.21665
1         1   6.19969
1         1   6.18245
1         1   6.16526
1         1   6.14769
1         1   6.13285
1         1   6.11611
1         1   6.09845
1         1   6.08221
1         1   6.06639
1         1   6.05056
1         1   6.03432
1         1   6.01697
1         1   6.00071
1         1   5.98473
1         1   5.96807
1         1    5.9521
1         1   5.93384
1         1   5.91838
1         1   5.90207
1         1   5.88556
1         1   5.86802
1         1   5.85167
1         1    5.8346
1         1   5.81799
1         1   5.80081
1         1   5.78536
1         1   5.76788
1         1   5.75151
1         1   5.73417
1         1   5.71744
1         1   5.70102
1         1   5.68208
1         1   5.66675
1         1   5.64953
1         1   5.63306
1         1   5.61621
1         1   5.59852
1         1   5.58321
1         1   5.56469
1         1   5.54921
1         1   5.53183
1         1   5.51489
1         1   5.49884
1         1   5.48222
1         1   5.46552
1         1   5.44974
1         1   5.43272
1         1    5.4161
1         1   5.39893
1         1   5.38262
1         1   5.36552
1         1   5.34717
1         1   5.33125
1         1   5.31354
1         1   5.29859
1         1   5.28163
1         1    5.2658
1         1   5.24829
1         1   5.23171
1         1   5.21269
1         1   5.19899
1         1   5.18001
1         1   5.16509
1         1   5.14635
1         1   5.13071
1         1   5.11473
1         1   5.09909
1         1   5.08062
1         1   5.06401
1         1    5.0469
1         1   5.03143
1         1   5.01134
1         1   4.99708
1         1   4.98066
1         1   4.96497
1         1   4.94614
1         1   4.93064
1         1   4.91412
1         1     4.896
1         1   4.87958
1         1   4.86322
1         1   4.84656
1         1   4.83002
1         1   4.81291
0         0       120
0         0   119.782
0         0   119.734
0         0   119.719
0         0   119.702
0         0   119.685
0         0   119.667
0         0   119.652
0         0   119.634
0         0   119.617
0         0   119.599
0         0   119.582
0         0   119.565
0         0   119.549
0         0   119.532
0         0   119.515
0         0   119.498
0         0   119.482
0         0   119.465
0         0   119.448
0         0    119.43
0         0   119.415
0         0   119.397
0         0   119.382
0         0   119.365
0         0    119.35
0         0   119.333
0         0   119.317
0         0     119.3
0         0   119.284
0         0   119.268
0         0   119.249
0         0   119.235
0         0   119.216
0         0     119.2
0         0   119.184
0         0   119.168
0         0   119.151
0         0   119.136
0         0   119.118
0         0   119.102
0         0   119.086
0         0    119.07
0         0   119.054
0         0   119.037
0         0   119.019
0         0   119.002
0         0   118.985
0         0   118.969
0         0   118.952
0         0   118.934
0         0   118.919
0         0     118.9
0         0   118.883
0         0   118.868
0         0   118.852
0         0   118.833
0         0   118.818
0         0     118.8
0         0   118.785
0         0   118.767
0         0    118.75
0         0   118.733
0         0   118.717
0         0   118.698
0         0   118.684
0         0   118.664
0         0    118.65
0         0    118.63
0         0   118.615
0         0   118.596
0         0   118.579
0         0   118.564
0         0   118.548
0         0    118.53
0         0   118.515
0         0   118.497
0         0   118.482
0         0   118.465
0         0   118.448
0         0   118.429
0         0   118.414
0         0   118.397
0         0   118.381
0         0   118.364
0         0   118.347
0         0   118.329
0         0   118.312
0         0   118.296
0         0   118.279
0         0   118.261
0         0   118.245
0         0   118.229
0         0   118.212
0         0   118.196
0         0   118.178
0         0   118.159
0         0   118.144
0         0   118.126
0         0    118.11
0         0   118.092
0         0   118.076
0         0    118.06
0         0   118.042
0         0   118.025
0         0   118.009
0         0   117.992
0         0   117.975
0         0   117.957
0         0   117.939
0         0   117.925
0         0   117.907
0         0   117.891
0         0   117.872
0         0   117.858
0         0    117.84
0         0   117.824
0         0   117.806
0         0   117.791
0         0   117.771
0         0   117.756
0         0   117.738
0         0   117.722
0         0   117.702
0         0   117.688
0         0   117.669
0         0   117.653
0         0   117.636
0         0   117.619
0         0   117.603
0         0   117.586
0         0   117.569
0         0   117.552
0         0   117.535
0         0   117.519
0         0   117.502
0         0   117.486
0         0   117.468
0         0   117.451
0         0   117.436
0         0   117.419
0         0   117.403
0         0   117.386
0         0   117.369
0         0   117.351
0         0   117.335
0         0   117.318
0         0   117.301
0         0   117.284
0         0   117.268
0         0   117.249
0         0   117.233
0         0   117.214
0         0     117.2
0         0   117.183
0         0   117.167
0         0    117.15
0         0   117.133
0         0   117.114
0         0   117.098
0         0   117.081
0         0   117.066
0         0   117.047
0         0   117.032
0         0   117.012
0         0   116.998
0         0    116.98
0         0   116.964
0         0   116.946
0         0    116.93
0         0   116.913
0         0   116.897
0         0   116.881
0         0   116.864
0         0   116.847
0         0   116.831
0         0   116.814
0         0   116.798
0         0   116.781
0         0   116.764
0         0   116.747
0         0    116.73
0         0   116.713
0         0   116.697
0         0   116.679
0         0   116.663
0         0   116.646
0         0   116.631
0         0   116.614
0         0   116.597
0         0   116.579
0         0   116.563
0         0   116.546
0         0   116.529
0         0   116.512
0         0   116.496
0         0    116.48
0         0   116.464
0         0   116.446
0         0   116.429
0         0   116.412
0         0   116.395
0         0   116.379
0         0   116.362
0         0   116.345
0         0   116.328
0         0   116.312
0         0   116.295
0         0   116.278
0         0   116.258
0         0   116.244
0         0   116.226
0         0   116.211
0         0   116.191
0         0   116.177
0         0    116.16
0         0   116.143
0         0   116.123
0         0   116.109
0         0   116.091
0         0   116.075
0         0   116.059
0         0   116.042
0         0   116.025
0         0    116.01
0         0   115.992
0         0   115.976
0         0   115.959
0         0   115.942
0         0   115.925
0         0   115.908
0         0   115.891
0         0   115.874
0         0   115.858
0         0   115.841
0         0   115.822
0         0   115.806
0         0    115.79
0         0   115.773
0         0   115.756
0         0    115.74
0         0   115.723
0         0   115.706
0         0    115.69
0         0   115.672
0         0   115.656
0         0   115.639
0         0   115.622
0         0   115.605
0         0   115.588
0         0   115.572
0         0   115.556
0         0   115.538
0         0   115.521
0         0   115.503
0         0   115.487
0         0   115.471
0         0   115.454
0         0   115.438
0         0    115.42
0         0   115.403
0         0   115.387
0         0    115.37
0         0   115.353
0         0   115.338
0         0   115.321
0         0   115.305
0         0   115.289
0         0   115.272
0         0   115.256
0         0   115.239
0         0   115.223
0         0   115.206
0         0   115.188
0         0   115.173
0         0   115.154
0         0    115.14
0         0   115.121
0         0   115.106
0         0   115.089
0         0   115.072
0         0   115.056
0         0   115.039
0         0   115.022
0         0   115.005
0         0   114.988
0         0    114.97
0         0   114.954
0         0   114.939
0         0   114.921
0         0   114.903
0         0   114.888
0         0    114.87
0         0   114.854
0         0   114.837
0         0    114.82
0         0   114.802
0         0   114.786
0         0   114.767
0         0   114.753
0         0   114.735
0         0   114.719
0         0     114.7
0         0   114.685
0         0   114.667
0         0    114.65
0         0   114.634
0         0   114.617
0         0   114.601
0         0   114.584
0         0   114.568
0         0    114.55
0         0   114.533
0         0   114.515
0         0     114.5
0         0   114.484
0         0   114.468
0         0   114.451
0         0   114.433
0         0   114.418
0         0     114.4
0         0   114.385
0         0   114.366
0         0   114.351
0         0   114.333
0         0   114.318
0         0   114.301
0         0   114.285
0         0   114.267
0         0   114.251
0         0   114.234
0         0   114.218
0         0   114.201
0         0   114.184
0         0   114.166
0         0    114.15
0         0   114.134
0         0   114.118
0         0   114.101
0         0   114.084
0         0   114.068
0         0    114.05
0         0   114.034
0         0   114.017
0         0   114.001
0         0   113.983
0         0   113.967
0         0   113.951
0         0   113.933
0         0   113.917
0         0   113.901
0         0   113.884
0         0   113.868
0         0    113.85
0         0   113.834
0         0   113.816
0         0   113.802
0         0   113.784
0         0   113.768
0         0    113.75
0         0   113.733
0         0   113.716
0         0     113.7
0         0   113.683
0         0   113.667
0         0   113.649
0         0   113.632
0         0   113.614
0         0   113.599
0         0   113.582
0         0   113.566
0         0    113.55
0         0   113.532
0         0   113.516
0         0   113.498
0         0   113.482
0         0   113.465
0         0   113.447
0         0    113.43
0         0   113.413
0         0   113.395
0         0   113.378
0         0   113.362
0         0   113.344
0         0   113.329
0         0    113.31
0         0   113.294
0         0   113.278
0         0    113.26
0         0   113.244
0         0   113.226
0         0   113.211
0         0   113.195
0         0   113.177
0         0   113.161
0         0   113.145
0         0   113.128
0         0   113.111
0         0   113.091
0         0   113.079
0         0   113.061
0         0   113.044
0         0   113.028
0         0   113.011
0         0   112.995
0         0   112.975
0         0    112.96
0         0   112.943
0         0   112.926
0         0    112.91
0         0   112.892
0         0   112.876
0         0   112.858
0         0   112.843
0         0   112.825
0         0   112.807
0         0   112.791
0         0   112.775
0         0   112.758
0         0   112.742
0         0   112.723
0         0   112.707
0         0   112.692
0         0   112.675
0         0   112.659
0         0   112.642
0         0   112.625
0         0   112.607
0         0   112.593
0         0   112.573
0         0   112.559
0         0   112.542
0         0   112.526
0         0   112.508
0         0   112.492
0         0   112.475
0         0   112.458
0         0   112.442
0         0   112.426
0         0   112.407
0         0   112.393
0         0   112.374
0         0   112.359
0         0   112.341
0         0   112.325
0         0   112.308
0         0   112.292
0         0   112.275
0         0   112.258
0         0   112.242
0         0   112.226
0         0   112.207
0         0   112.192
0         0   112.174
0         0   112.158
0         0    112.14
0         0   112.125
0         0   112.108
0         0   112.092
0         0   112.076
0         0   112.059
0         0   112.043
0         0   112.027
0         0   112.009
0         0    111.99
0         0   111.974
0         0   111.959
0         0   111.942
0         0   111.924
0         0   111.907
0         0   111.889
0         0   111.875
0         0   111.858
0         0   111.841
0         0   111.825
0         0   111.808
0         0   111.792
0         0   111.774
0         0   111.758
0         0   111.741
0         0   111.725
0         0   111.708
0         0    111.69
0         0   111.675
0         0   111.658
0         0   111.642
0         0   111.624
0         0   111.609
0         0    111.59
0         0   111.575
0         0   111.556
0         0   111.541
0         0   111.524
0         0   111.508
0         0    111.49
0         0   111.474
0         0   111.457
0         0    111.44
0         0   111.424
0         0   111.407
0         0   111.391
0         0   111.375
0         0   111.358
0         0   111.341
0         0   111.323
0         0   111.307
0         0    111.29
0         0   111.273
0         0   111.255
0         0   111.239
0         0   111.223
0         0   111.205
0         0   111.187
0         0   111.171
0         0   111.154
0         0   111.137
0         0    111.12
0         0   111.102
0         0   111.086
0         0   111.068
0         0   111.049
0         0   111.035
0         0   111.016
0         0   111.001
0         0   110.983
0         0   110.967
0         0    110.95
0         0   110.934
0         0   110.918
0         0   110.901
0         0   110.881
0         0   110.865
0         0   110.849
0         0   110.831
0         0   110.815
0         0     110.8
0         0   110.782
0         0   110.766
0         0   110.749
0         0   110.732
0         0   110.716
0         0   110.699
0         0   110.683
0         0   110.665
0         0   110.647
0         0   110.629
0         0   110.613
0         0   110.593
0         0    110.58
0         0   110.561
0         0   110.547
0         0   110.528
0         0   110.513
0         0   110.495
0         0   110.479
0         0    110.46
0         0   110.444
0         0   110.425
0         0   110.409
0         0   110.391
0         0   110.375
0         0   110.358
0         0   110.342
0         0   110.325
0         0   110.308
0         0   110.291
0         0   110.275
0         0   110.259
0         0   110.241
0         0   110.225
0         0   110.208
0         0   110.188
0         0   110.174
0         0   110.156
0         0   110.139
0         0   110.122
0         0   110.106
0         0   110.089
0         0   110.072
0         0   110.054
0         0   110.038
0         0   110.021
0         0   110.004
0         0   109.987
0         0    109.97
0         0   109.953
0         0   109.936
0         0    109.92
0         0   109.904
0         0   109.886
0         0    109.87
0         0   109.851
0         0   109.836
0         0   109.818
0         0   109.802
0         0   109.786
0         0   109.767
0         0   109.751
0         0   109.734
0         0   109.718
0         0     109.7
0         0   109.685
0         0   109.668
0         0   109.651
0         0   109.634
0         0   109.618
0         0   109.599
0         0   109.582
0         0   109.567
0         0    109.55
0         0   109.532
0         0   109.516
0         0     109.5
0         0   109.484
0         0   109.465
0         0   109.448
0         0   109.432
0         0   109.416
0         0   109.399
0         0   109.384
0         0   109.366
0         0    109.35
0         0   109.332
0         0   109.317
0         0   109.298
0         0   109.284
0         0   109.267
0         0    109.25
0         0   109.232
0         0   109.217
0         0   109.199
0         0   109.184
0         0   109.165
0         0   109.149
0         0   109.131
0         0   109.114
0         0   109.097
0         0   109.079
0         0   109.062
0         0   109.044
0         0   109.028
0         0   109.011
0         0   108.995
0         0   108.978
0         0   108.961
0         0   108.944
0         0   108.926
0         0   108.909
0         0   108.893
0         0   108.875
0         0   108.857
0         0   108.841
0         0   108.824
0         0   108.809
0         0   108.792
0         0   108.775
0         0   108.757
0         0   108.741
0         0   108.724
0         0   108.708
0         0    108.69
0         0   108.674
0         0   108.656
0         0   108.641
0         0   108.625
0         0   108.609
0         0   108.592
0         0   108.575
0         0   108.558
0         0   108.541
0         0   108.523
0         0   108.506
0         0   108.491
0         0   108.473
0         0   108.458
0         0    108.44
0         0   108.422
0         0   108.406
0         0    108.39
0         0   108.372
0         0   108.356
0         0   108.339
0         0   108.322
0         0   108.304
0         0    108.29
0         0   108.271
0         0   108.256
0         0   108.238
0         0   108.221
0         0   108.205
0         0   108.188
0         0   108.173
0         0   108.157
0         0   108.139
0         0   108.124
0         0   108.106
0         0    108.09
0         0   108.073
0         0   108.056
0         0   108.039
0         0   108.023
0         0   108.006
0         0    107.99
0         0   107.974
0         0   107.954
0         0    107.94
0         0   107.921
0         0   107.905
0         0   107.888
0         0   107.872
0         0   107.855
0         0   107.837
0         0   107.822
0         0   107.804
0         0   107.787
0         0   107.773
0         0   107.755
0         0   107.739
0         0   107.721
0         0   107.706
0         0   107.687
0         0   107.673
0         0   107.654
0         0    107.64
0         0   107.619
0         0   107.605
0         0   107.587
0         0    107.57
0         0   107.554
0         0   107.538
0         0   107.521
0         0   107.505
0         0   107.487
0         0    107.47
0         0   107.454
0         0   107.436
0         0   107.418
0         0   107.402
0         0   107.385
0         0   107.369
0         0    107.35
0         0   107.334
0         0   107.318
0         0   107.301
0         0   107.283
0         0   107.267
0         0    107.25
0         0   107.233
0         0   107.216
0         0   107.199
0         0   107.182
0         0   107.167
0         0   107.149
0         0   107.133
0         0   107.115
0         0     107.1
0         0   107.082
0         0   107.066
0         0   107.048
0         0   107.032
0         0   107.014
0         0   106.998
0         0   106.979
0         0   106.964
0         0   106.947
0         0   106.929
0         0    106.91
0         0   106.895
0         0   106.877
0         0   106.861
0         0   106.843
0         0   106.828
0         0    106.81
0         0   106.794
0         0   106.777
0         0   106.761
0         0   106.744
0         0   106.727
0         0   106.709
0         0   106.694
0         0   106.676
0         0    106.66
0         0   106.644
0         0   106.626
0         0    106.61
0         0   106.594
0         0   106.578
0         0    106.56
0         0   106.544
0         0   106.525
0         0    106.51
0         0   106.492
0         0   106.477
0         0   106.459
0         0   106.444
0         0   106.426
0         0    106.41
0         0   106.391
0         0   106.376
0         0   106.357
0         0   106.339
0         0   106.324
0         0   106.307
0         0   106.291
0         0   106.275
0         0   106.258
0         0   106.242
0         0   106.225
0         0   106.209
0         0   106.192
0         0   106.175
0         0   106.158
0         0   106.141
0         0   106.124
0         0   106.106
0         0    106.09
0         0   106.072
0         0   106.056
0         0   106.038
0         0   106.022
0         0   106.005
0         0   105.988
0         0   105.972
0         0   105.955
0         0   105.936
0         0    105.92
0         0   105.904
0         0   105.886
0         0    105.87
0         0   105.854
0         0   105.834
0         0    105.82
0         0   105.803
0         0   105.787
0         0   105.768
0         0   105.753
0         0   105.736
0         0    105.72
0         0   105.701
0         0   105.686
0         0   105.667
0         0   105.652
0         0   105.635
0         0   105.619
0         0   105.601
0         0   105.586
0         0   105.569
0         0   105.553
0         0   105.536
0         0   105.519
0         0   105.501
0         0   105.485
0         0   105.466
0         0   105.451
0         0   105.435
0         0   105.418
0         0   105.401
0         0   105.384
0         0   105.367
0         0    105.35
0         0   105.334
0         0   105.318
0         0   105.301
0         0   105.285
0         0   105.267
0         0    105.25
0         0   105.234
0         0   105.218
0         0   105.201
0         0   105.185
0         0   105.169
0         0   105.152
0         0   105.134
0         0   105.119
0         0   105.101
0         0   105.083
0         0   105.068
0         0   105.049
0         0   105.035
0         0   105.018
0         0   105.001
0         0   104.982
0         0   104.969
0         0   104.952
0         0   104.936
0         0   104.915
0         0     104.9
0         0   104.884
0         0   104.866
0         0   104.849
0         0   104.833
0         0   104.817
0         0   104.801
0         0   104.783
0         0   104.768
0         0   104.752
0         0   104.735
0         0   104.718
0         0   104.701
0         0   104.682
0         0   104.666
0         0   104.649
0         0   104.631
0         0   104.614
0         0   104.598
0         0   104.579
0         0   104.564
0         0   104.547
0         0   104.531
0         0   104.512
0         0   104.496
0         0   104.479
0         0   104.463
0         0   104.446
0         0   104.428
0         0   104.412
0         0   104.395
0         0   104.378
0         0    104.36
0         0   104.343
0         0   104.325
0         0   104.309
0         0   104.293
0         0   104.276
0         0   104.259
0         0   104.242
0         0   104.225
0         0   104.209
0         0   104.189
0         0   104.174
0         0   104.156
0         0   104.142
0         0   104.124
0         0   104.108
0         0   104.091
0         0   104.076
0         0   104.058
0         0   104.043
0         0   104.025
0         0   104.009
0         0   103.992
0         0   103.975
0         0   103.958
0         0   103.941
0         0   103.924
0         0   103.908
0         0   103.889
0         0   103.873
0         0   103.855
0         0   103.838
0         0    103.82
0         0   103.804
0         0   103.787
0         0   103.771
0         0   103.754
0         0   103.737
0         0   103.721
0         0   103.704
0         0   103.688
0         0    103.67
0         0   103.653
0         0   103.637
0         0   103.621
0         0   103.604
0         0   103.588
0         0   103.569
0         0   103.554
0         0   103.538
0         0   103.522
0         0   103.504
0         0   103.487
0         0    103.47
0         0   103.454
0         0   103.435
0         0   103.419
0         0   103.402
0         0   103.386
0         0    103.37
0         0   103.352
0         0   103.335
0         0   103.319
0         0   103.302
0         0   103.286
0         0   103.265
0         0   103.251
0         0   103.232
0         0   103.217
0         0   103.199
0         0   103.183
0         0   103.164
0         0   103.147
0         0   103.131
0         0   103.115
0         0   103.097
0         0   103.081
0         0   103.063
0         0   103.048
0         0    103.03
0         0   103.013
0         0   102.994
0         0   102.978
0         0   102.959
0         0   102.946
0         0   102.927
0         0   102.912
0         0   102.891
0         0   102.877
0         0   102.855
0         0   102.844
0         0   102.825
0         0    102.81
0         0    102.79
0         0   102.776
0         0   102.758
0         0   102.742
0         0   102.724
0         0   102.709
0         0   102.691
0         0   102.677
0         0    102.66
0         0   102.642
0         0   102.626
0         0   102.609
0         0   102.592
0         0   102.576
0         0    102.56
0         0   102.544
0         0   102.526
0         0    102.51
0         0   102.493
0         0   102.475
0         0    102.46
0         0   102.442
0         0   102.426
0         0    102.41
0         0   102.394
0         0   102.375
0         0   102.361
0         0   102.342
0         0   102.328
0         0   102.309
0         0   102.293
0         0   102.275
0         0   102.261
0         0   102.243
0         0   102.227
0         0   102.206
0         0   102.194
0         0   102.174
0         0    102.16
0         0   102.141
0         0   102.126
0         0   102.109
0         0   102.091
0         0   102.075
0         0   102.058
0         0   102.041
0         0   102.026
0         0   102.009
0         0   101.992
0         0   101.975
0         0   101.959
0         0   101.942
0         0   101.926
0         0   101.908
0         0   101.892
0         0   101.875
0         0   101.858
0         0   101.842
0         0   101.825
0         0   101.808
0         0   101.792
0         0   101.776
0         0   101.758
0         0   101.742
0         0   101.726
0         0   101.709
0         0   101.692
0         0   101.675
0         0   101.658
0         0   101.641
0         0   101.625
0         0   101.607
0         0    101.59
0         0   101.572
0         0   101.557
0         0    101.54
0         0   101.522
0         0   101.507
0         0   101.489
0         0   101.474
0         0   101.456
0         0    101.44
0         0   101.423
0         0   101.408
0         0   101.389
0         0   101.375
0         0   101.357
0         0   101.341
0         0   101.322
0         0   101.307
0         0   101.289
0         0   101.272
0         0   101.256
0         0    101.24
0         0   101.221
0         0   101.206
0         0   101.187
0         0   101.172
0         0   101.154
0         0   101.138
0         0   101.119
0         0   101.104
0         0   101.087
0         0    101.07
0         0   101.051
0         0   101.037
0         0   101.017
0         0   101.003
0         0   100.985
0         0   100.968
0         0   100.951
0         0   100.935
0         0   100.917
0         0   100.901
0         0   100.883
0         0   100.866
0         0   100.848
0         0   100.832
0         0   100.815
0         0     100.8
0         0   100.782
0         0   100.765
0         0   100.747
0         0   100.729
0         0   100.713
0         0   100.697
0         0    100.68
0         0   100.663
0         0   100.646
0         0   100.629
0         0   100.612
0         0   100.595
0         0   100.579
0         0   100.562
0         0   100.544
0         0   100.528
0         0   100.512
0         0   100.492
0         0   100.477
0         0   100.461
0         0   100.444
0         0   100.426
0         0   100.412
0         0   100.392
0         0   100.377
0         0   100.357
0         0   100.343
0         0   100.324
0         0   100.307
0         0   100.291
0         0   100.276
0         0   100.257
0         0   100.241
0         0   100.223
0         0   100.209
0         0   100.192
0         0   100.176
0         0    100.16
0         0   100.142
0         0   100.125
0         0    100.11
0         0   100.092
0         0   100.077
0         0    100.06
0         0   100.042
0         0   100.024
0         0   100.009
0         0    99.991
0         0   99.9746
0         0   99.9572
0         0   99.9389
0         0   99.9224
0         0   99.9057
0         0   99.8875
0         0   99.8726
0         0   99.8559
0         0   99.8394
0         0   99.8218
0         0   99.8055
0         0   99.7881
0         0   99.7714
0         0   99.7553
0         0    99.739
0         0   99.7208
0         0   99.7043
0         0   99.6875
0         0   99.6694
0         0   99.6525
0         0   99.6361
0         0    99.619
0         0   99.6027
0         0   99.5861
0         0   99.5693
0         0   99.5527
0         0   99.5351
0         0   99.5174
0         0   99.5006
0         0   99.4837
0         0   99.4668
0         0   99.4494
0         0   99.4307
0         0   99.4165
0         0   99.3984
0         0    99.383
0         0   99.3664
0         0   99.3502
0         0   99.3309
0         0   99.3154
0         0   99.2985
0         0   99.2824
0         0   99.2655
0         0   99.2485
0         0    99.232
0         0   99.2153
0         0   99.1966
0         0   99.1816
0         0   99.1626
0         0   99.1462
0         0   99.1268
0         0   99.1133
0         0   99.0948
0         0   99.0791
0         0   99.0607
0         0   99.0455
0         0   99.0255
0         0    99.012
0         0   98.9947
0         0   98.9788
0         0   98.9614
0         0    98.945
0         0   98.9274
0         0   98.9105
0         0   98.8924
0         0   98.8768
0         0     98.86
0         0   98.8436
0         0   98.8265
0         0   98.8101
0         0    98.794
0         0   98.7779
0         0   98.7606
0         0   98.7449
0         0   98.7269
0         0   98.7107
0         0   98.6935
0         0   98.6773
0         0   98.6605
0         0   98.6431
0         0   98.6273
0         0   98.6106
0         0   98.5941
0         0   98.5772
0         0     98.56
0         0   98.5422
0         0   98.5258
0         0   98.5089
0         0   98.4913
0         0   98.4755
0         0   98.4593
0         0   98.4427
0         0   98.4266
0         0   98.4101
0         0   98.3934
0         0    98.376
0         0   98.3595
0         0   98.3423
0         0   98.3257
0         0   98.3081
0         0   98.2907
0         0   98.2723
0         0   98.2558
0         0   98.2386
0         0    98.223
0         0   98.2067
0         0   98.1894
0         0   98.1706
0         0   98.1554
0         0   98.1372
0         0   98.1207
0         0   98.1025
0         0    98.087
0         0   98.0692
0         0   98.0538
0         0   98.0354
0         0   98.0192
0         0   98.0018
0         0   97.9861
0         0   97.9678
0         0   97.9525
0         0   97.9357
0         0   97.9195
0         0   97.9006
0         0   97.8854
0         0   97.8666
0         0   97.8509
0         0   97.8318
0         0   97.8176
0         0   97.7985
0         0    97.783
0         0   97.7629
0         0   97.7486
0         0   97.7315
0         0    97.715
0         0   97.6969
0         0   97.6828
0         0   97.6646
0         0   97.6486
0         0   97.6304
0         0   97.6159
0         0    97.597
0         0    97.582
0         0   97.5649
0         0   97.5502
0         0   97.5331
0         0   97.5164
0         0   97.4989
0         0   97.4834
0         0   97.4666
0         0    97.451
0         0   97.4339
0         0   97.4184
0         0   97.4017
0         0   97.3847
0         0   97.3675
0         0   97.3489
0         0   97.3335
0         0   97.3174
0         0   97.2997
0         0   97.2834
0         0   97.2673
0         0   97.2494
0         0   97.2321
0         0   97.2161
0         0   97.1995
0         0   97.1818
0         0   97.1655
0         0   97.1482
0         0   97.1315
0         0   97.1134
0         0   97.0978
0         0   97.0813
0         0   97.0643
0         0    97.048
0         0   97.0301
0         0   97.0128
0         0   96.9953
0         0   96.9792
0         0    96.963
0         0   96.9451
0         0   96.9308
0         0   96.9127
0         0   96.8963
0         0    96.879
0         0   96.8626
0         0    96.845
0         0   96.8297
0         0    96.811
0         0   96.7959
0         0   96.7777
0         0   96.7619
0         0   96.7446
0         0   96.7288
0         0   96.7116
0         0   96.6951
0         0   96.6776
0         0   96.6602
0         0   96.6421
0         0   96.6267
0         0   96.6095
0         0   96.5939
0         0   96.5768
0         0   96.5612
0         0   96.5442
0         0   96.5283
0         0   96.5114
0         0   96.4946
0         0    96.478
0         0   96.4617
0         0    96.444
0         0   96.4277
0         0   96.4106
0         0   96.3946
0         0   96.3771
0         0   96.3606
0         0   96.3434
0         0   96.3274
0         0   96.3105
0         0   96.2925
0         0   96.2762
0         0   96.2597
0         0   96.2442
0         0   96.2275
0         0   96.2125
0         0   96.1952
0         0   96.1785
0         0   96.1594
0         0   96.1445
0         0   96.1267
0         0   96.1116
0         0   96.0913
0         0   96.0776
0         0    96.059
0         0   96.0444
0         0   96.0281
0         0   96.0115
0         0   95.9939
0         0   95.9762
0         0   95.9585
0         0   95.9419
0         0   95.9254
0         0   95.9091
0         0   95.8922
0         0   95.8756
0         0   95.8566
0         0   95.8418
0         0   95.8257
0         0   95.8089
0         0   95.7908
0         0   95.7745
0         0   95.7569
0         0   95.7407
0         0   95.7233
0         0   95.7078
0         0   95.6894
0         0   95.6741
0         0   95.6564
0         0   95.6397
0         0   95.6224
0         0   95.6067
0         0   95.5887
0         0   95.5729
0         0   95.5564
0         0   95.5394
0         0   95.5222
0         0   95.5061
0         0   95.4897
0         0   95.4721
0         0   95.4557
0         0   95.4366
0         0   95.4227
0         0   95.4047
0         0   95.3888
0         0   95.3713
0         0   95.3539
0         0   95.3367
0         0   95.3203
0         0   95.3026
0         0   95.2859
0         0   95.2685
0         0   95.2527
0         0   95.2359
0         0   95.2192
0         0   95.2028
0         0   95.1855
0         0   95.1688
0         0   95.1525
0         0   95.1356
0         0   95.1196
0         0   95.1018
0         0   95.0866
0         0   95.0696
0         0   95.0524
0         0   95.0349
0         0   95.0199
0         0   95.0027
0         0   94.9868
0         0   94.9697
0         0   94.9525
0         0   94.9363
0         0   94.9197
0         0   94.9026
0         0   94.8861
0         0   94.8684
0         0   94.8521
0         0   94.8343
0         0   94.8165
0         0   94.8013
0         0   94.7844
0         0   94.7678
0         0   94.7505
0         0    94.734
0         0   94.7163
0         0   94.7004
0         0   94.6835
0         0    94.667
0         0   94.6477
0         0   94.6331
0         0   94.6161
0         0   94.6004
0         0   94.5829
0         0   94.5668
0         0   94.5501
0         0   94.5324
0         0   94.5153
0         0   94.4988
0         0   94.4789
0         0   94.4652
0         0   94.4483
0         0   94.4316
0         0   94.4137
0         0   94.3974
0         0   94.3802
0         0   94.3639
0         0   94.3475
0         0   94.3301
0         0   94.3116
0         0   94.2956
0         0   94.2779
0         0   94.2608
0         0   94.2418
0         0   94.2262
0         0   94.2104
0         0   94.1929
0         0   94.1758
0         0   94.1598
0         0   94.1426
0         0    94.125
0         0   94.1082
0         0   94.0914
0         0   94.0739
0         0   94.0575
0         0   94.0396
0         0   94.0249
0         0   94.0077
0         0   93.9911
0         0   93.9743
0         0   93.9569
0         0   93.9404
0         0   93.9225
0         0   93.9062
0         0   93.8881
0         0   93.8729
0         0    93.853
0         0   93.8392
0         0     93.82
0         0   93.8051
0         0   93.7874
0         0   93.7721
0         0   93.7552
0         0   93.7372
0         0   93.7195
0         0   93.7045
0         0   93.6873
0         0   93.6707
0         0   93.6528
0         0   93.6367
0         0    93.618
0         0   93.6038
0         0   93.5861
0         0   93.5695
0         0   93.5514
0         0   93.5352
0         0   93.5167
0         0   93.5008
0         0   93.4839
0         0   93.4672
0         0   93.4494
0         0   93.4335
0         0   93.4162
0         0   93.3995
0         0   93.3833
0         0   93.3663
0         0   93.3481
0         0   93.3321
0         0    93.315
0         0   93.2988
0         0   93.2817
0         0   93.2663
0         0   93.2488
0         0   93.2322
0         0   93.2152
0         0    93.199
0         0   93.1798
0         0   93.1647
0         0   93.1479
0         0   93.1302
0         0   93.1138
0         0   93.0984
0         0    93.081
0         0   93.0639
0         0   93.0476
0         0   93.0309
0         0   93.0148
0         0   92.9964
0         0   92.9802
0         0   92.9612
0         0   92.9465
0         0     92.93
0         0   92.9138
0         0   92.8965
0         0   92.8807
0         0   92.8617
0         0    92.847
0         0   92.8288
0         0    92.812
0         0   92.7948
0         0   92.7797
0         0   92.7616
0         0   92.7454
0         0   92.7293
0         0   92.7118
0         0   92.6934
0         0   92.6775
0         0   92.6561
0         0   92.6435
0         0   92.6262
0         0   92.6105
0         0   92.5917
0         0   92.5763
0         0   92.5579
0         0   92.5427
0         0   92.5235
0         0   92.5086
0         0   92.4912
0         0   92.4734
0         0   92.4564
0         0   92.4407
0         0   92.4223
0         0   92.4069
0         0   92.3886
0         0   92.3734
0         0    92.354
0         0     92.34
0         0   92.3236
0         0   92.3073
0         0   92.2893
0         0   92.2727
0         0    92.257
0         0   92.2404
0         0   92.2237
0         0   92.2069
0         0   92.1907
0         0    92.175
0         0   92.1576
0         0   92.1408
0         0   92.1237
0         0   92.1063
0         0   92.0903
0         0   92.0736
0         0   92.0571
0         0   92.0384
0         0   92.0225
0         0   92.0041
0         0   91.9874
0         0   91.9703
0         0   91.9544
0         0   91.9376
0         0   91.9205
0         0   91.9034
0         0   91.8872
0         0   91.8689
0         0   91.8531
0         0   91.8349
0         0   91.8187
0         0   91.8025
0         0   91.7861
0         0   91.7688
0         0   91.7527
0         0   91.7341
0         0   91.7178
0         0   91.6986
0         0   91.6827
0         0   91.6657
0         0   91.6502
0         0   91.6327
0         0   91.6163
0         0   91.5996
0         0   91.5827
0         0   91.5664
0         0   91.5492
0         0   91.5313
0         0   91.5157
0         0   91.4974
0         0   91.4824
0         0   91.4648
0         0   91.4491
0         0   91.4316
0         0   91.4158
0         0   91.3996
0         0   91.3829
0         0    91.365
0         0   91.3493
0         0   91.3323
0         0   91.3163
0         0   91.2987
0         0   91.2831
0         0    91.265
0         0   91.2485
0         0   91.2307
0         0   91.2151
0         0   91.1983
0         0   91.1814
0         0   91.1643
0         0   91.1476
0         0     91.13
0         0   91.1139
0         0   91.0974
0         0   91.0797
0         0   91.0642
0         0   91.0461
0         0     91.03
0         0   91.0125
0         0   90.9964
0         0   90.9797
0         0    90.963
0         0   90.9443
0         0   90.9297
0         0   90.9113
0         0    90.896
0         0   90.8785
0         0   90.8633
0         0    90.846
0         0   90.8299
0         0   90.8109
0         0   90.7952
0         0   90.7755
0         0   90.7618
0         0   90.7427
0         0   90.7259
0         0   90.7081
0         0   90.6939
0         0   90.6768
0         0   90.6604
0         0   90.6437
0         0   90.6264
0         0   90.6079
0         0   90.5929
0         0   90.5759
0         0   90.5601
0         0   90.5422
0         0   90.5252
0         0   90.5081
0         0   90.4921
0         0    90.475
0         0   90.4573
0         0   90.4403
0         0   90.4239
0         0   90.4057
0         0   90.3902
0         0    90.372
0         0   90.3537
0         0   90.3376
0         0   90.3211
0         0   90.3038
0         0   90.2878
0         0   90.2717
0         0   90.2555
0         0   90.2384
0         0   90.2224
0         0    90.205
0         0   90.1877
0         0   90.1702
0         0   90.1527
0         0   90.1365
0         0   90.1196
0         0   90.1038
0         0   90.0865
0         0   90.0682
0         0   90.0511
0         0    90.037
0         0   90.0195
0         0   90.0027
0         0   89.9855
0         0   89.9692
0         0   89.9531
0         0   89.9371
0         0   89.9206
0         0   89.9028
0         0   89.8856
0         0   89.8693
0         0   89.8515
0         0   89.8358
0         0   89.8184
0         0   89.8036
0         0   89.7869
0         0   89.7711
0         0   89.7544
0         0   89.7382
0         0   89.7213
0         0   89.7052
0         0   89.6874
0         0   89.6701
0         0   89.6522
0         0   89.6365
0         0   89.6178
0         0   89.6028
0         0   89.5866
0         0   89.5702
0         0   89.5521
0         0   89.5361
0         0   89.5183
0         0   89.5015
0         0   89.4829
0         0   89.4676
0         0   89.4511
0         0   89.4359
0         0   89.4182
0         0   89.4012
0         0   89.3846
0         0   89.3677
0         0   89.3509
0         0   89.3347
0         0    89.316
0         0   89.3019
0         0   89.2851
0         0   89.2694
0         0   89.2522
0         0   89.2355
0         0   89.2195
0         0   89.2019
0         0   89.1865
0         0   89.1674
0         0   89.1528
0         0   89.1342
0         0   89.1195
0         0   89.1015
0         0   89.0868
0         0   89.0689
0         0   89.0537
0         0   89.0356
0         0   89.0194
0         0    89.003
0         0    88.987
0         0   88.9703
0         0   88.9539
0         0   88.9374
0         0   88.9212
0         0   88.9034
0         0   88.8879
0         0   88.8698
0         0   88.8533
0         0   88.8355
0         0   88.8189
0         0   88.8004
0         0   88.7856
0         0   88.7682
0         0   88.7519
0         0   88.7354
0         0   88.7186
0         0   88.7008
0         0   88.6855
0         0   88.6593
0         0   88.6519
0         0   88.6365
0         0   88.6199
0         0   88.6036
0         0   88.5863
0         0   88.5699
0         0    88.553
0         0   88.5369
0         0   88.5203
0         0   88.5043
0         0   88.4872
0         0   88.4711
0         0    88.453
0         0   88.4373
0         0   88.4188
0         0   88.4022
0         0   88.3835
0         0   88.3684
0         0    88.349
0         0   88.3347
0         0   88.3181
0         0   88.3008
0         0    88.282
0         0   88.2677
0         0     88.25
0         0   88.2334
0         0    88.217
0         0   88.2009
0         0   88.1838
0         0   88.1667
0         0   88.1496
0         0   88.1331
0         0   88.1162
0         0   88.0983
0         0   88.0807
0         0   88.0652
0         0   88.0485
0         0   88.0315
0         0   88.0154
0         0   87.9977
0         0   87.9809
0         0   87.9634
0         0   87.9484
0         0   87.9308
0         0    87.916
0         0   87.8982
0         0   87.8837
0         0   87.8668
0         0   87.8495
0         0   87.8332
0         0   87.8169
0         0   87.7994
0         0   87.7827
0         0   87.7661
0         0   87.7484
0         0   87.7311
0         0   87.7147
0         0   87.6991
0         0   87.6827
0         0    87.665
0         0   87.6493
0         0   87.6315
0         0   87.6159
0         0   87.5981
0         0    87.583
0         0    87.564
0         0   87.5486
0         0   87.5305
0         0   87.5154
0         0   87.4986
0         0   87.4819
0         0   87.4646
0         0   87.4472
0         0   87.4296
0         0   87.4128
0         0   87.3952
0         0   87.3795
0         0   87.3608
0         0   87.3453
0         0   87.3284
0         0   87.3127
0         0   87.2964
0         0   87.2791
0         0   87.2629
0         0   87.2464
0         0   87.2297
0         0   87.2101
0         0    87.196
0         0    87.177
0         0   87.1627
0         0   87.1431
0         0   87.1269
0         0   87.1096
0         0   87.0944
0         0   87.0753
0         0   87.0608
0         0   87.0409
0         0   87.0265
0         0   87.0083
0         0    86.992
0         0   86.9736
0         0   86.9578
0         0   86.9414
0         0   86.9246
0         0   86.9062
0         0   86.8907
0         0   86.8736
0         0   86.8575
0         0   86.8402
0         0   86.8244
0         0   86.8077
0         0   86.7899
0         0   86.7724
0         0   86.7564
0         0   86.7393
0         0   86.7217
0         0   86.7055
0         0   86.6898
0         0    86.672
0         0   86.6566
0         0   86.6391
0         0   86.6222
0         0   86.6059
0         0   86.5898
0         0   86.5723
0         0   86.5568
0         0    86.539
0         0   86.5227
0         0   86.5052
0         0   86.4884
0         0   86.4708
0         0   86.4541
0         0   86.4363
0         0    86.421
0         0   86.4041
0         0   86.3867
0         0   86.3699
0         0   86.3546
0         0   86.3383
0         0   86.3213
0         0   86.3056
0         0   86.2863
0         0   86.2718
0         0   86.2527
0         0    86.238
0         0   86.2207
0         0   86.2058
0         0   86.1882
0         0   86.1709
0         0   86.1543
0         0   86.1375
0         0     86.12
0         0   86.1038
0         0   86.0849
0         0    86.068
0         0   86.0509
0         0   86.0357
0         0   86.0142
0         0   86.0007
0         0   85.9823
0         0   85.9665
0         0   85.9491
0         0   85.9324
0         0    85.916
0         0   85.8967
0         0   85.8817
0         0   85.8666
0         0   85.8503
0         0   85.8346
0         0   85.8159
0         0   85.8001
0         0   85.7835
0         0   85.7672
0         0   85.7499
0         0   85.7343
0         0   85.7167
0         0    85.699
0         0   85.6839
0         0   85.6676
0         0   85.6515
0         0   85.6335
0         0   85.6181
0         0   85.6021
0         0   85.5854
0         0    85.568
0         0   85.5519
0         0   85.5358
0         0   85.5188
0         0   85.5023
0         0   85.4848
0         0    85.469
0         0   85.4518
0         0    85.434
0         0   85.4176
0         0   85.4007
0         0   85.3849
0         0   85.3676
0         0   85.3517
0         0   85.3346
0         0   85.3182
0         0   85.3006
0         0   85.2836
0         0   85.2665
0         0   85.2505
0         0   85.2346
0         0   85.2174
0         0   85.1996
0         0   85.1838
0         0   85.1648
0         0    85.149
0         0   85.1324
0         0   85.1149
0         0   85.0986
0         0   85.0812
0         0   85.0648
0         0   85.0479
0         0   85.0283
0         0   85.0117
0         0   84.9954
0         0    84.979
0         0   84.9633
0         0   84.9465
0         0   84.9296
0         0   84.9129
0         0   84.8967
0         0   84.8798
0         0    84.863
0         0   84.8466
0         0   84.8283
0         0   84.8123
0         0   84.7943
0         0   84.7785
0         0   84.7609
0         0   84.7458
0         0   84.7273
0         0   84.7117
0         0   84.6945
0         0    84.678
0         0   84.6602
0         0   84.6435
0         0   84.6274
0         0   84.6092
0         0    84.593
0         0   84.5763
0         0   84.5595
0         0   84.5431
0         0   84.5254
0         0   84.5095
0         0    84.492
0         0   84.4753
0         0   84.4588
0         0   84.4421
0         0   84.4253
0         0   84.4093
0         0   84.3914
0         0   84.3754
0         0   84.3596
0         0   84.3426
0         0   84.3235
0         0   84.3065
0         0   84.2897
0         0   84.2726
0         0   84.2567
0         0   84.2404
0         0    84.223
0         0   84.2067
0         0   84.1904
0         0   84.1738
0         0   84.1568
0         0   84.1404
0         0   84.1232
0         0   84.1047
0         0   84.0903
0         0   84.0729
0         0   84.0576
0         0   84.0388
0         0   84.0222
0         0   84.0047
0         0   83.9894
0         0   83.9704
0         0   83.9559
0         0   83.9381
0         0   83.9228
0         0   83.9034
0         0   83.8872
0         0   83.8688
0         0   83.8532
0         0   83.8339
0         0   83.8185
0         0      83.8
0         0   83.7833
0         0    83.764
0         0   83.7501
0         0   83.7312
0         0   83.7152
0         0   83.6965
0         0     83.68
0         0   83.6626
0         0   83.6476
0         0   83.6298
0         0    83.613
0         0   83.5946
0         0   83.5798
0         0   83.5617
0         0   83.5446
0         0    83.528
0         0   83.5125
0         0   83.4954
0         0   83.4788
0         0   83.4612
0         0   83.4448
0         0   83.4273
0         0   83.4109
0         0   83.3947
0         0   83.3778
0         0   83.3594
0         0    83.344
0         0   83.3265
0         0   83.3094
0         0   83.2919
0         0   83.2754
0         0   83.2589
0         0   83.2422
0         0   83.2245
0         0   83.2072
0         0   83.1901
0         0   83.1741
0         0   83.1561
0         0   83.1395
0         0   83.1222
0         0   83.1067
0         0   83.0899
0         0    83.073
0         0   83.0571
0         0   83.0399
0         0   83.0229
0         0   83.0032
0         0   82.9871
0         0   82.9708
0         0   82.9545
0         0    82.936
0         0     82.92
0         0    82.903
0         0   82.8878
0         0   82.8694
0         0   82.8544
0         0   82.8346
0         0    82.821
0         0   82.8023
0         0   82.7877
0         0   82.7686
0         0   82.7521
0         0   82.7357
0         0   82.7185
0         0    82.702
0         0   82.6839
0         0   82.6663
0         0   82.6509
0         0    82.633
0         0   82.6173
0         0   82.5996
0         0   82.5839
0         0   82.5649
0         0     82.55
0         0   82.5318
0         0   82.5159
0         0   82.4957
0         0   82.4827
0         0   82.4662
0         0   82.4491
0         0   82.4318
0         0   82.4157
0         0   82.3981
0         0   82.3827
0         0   82.3661
0         0   82.3481
0         0   82.3313
0         0   82.3155
0         0   82.2977
0         0   82.2819
0         0   82.2642
0         0   82.2477
0         0   82.2317
0         0    82.216
0         0   82.1984
0         0   82.1826
0         0   82.1651
0         0   82.1475
0         0   82.1317
0         0   82.1148
0         0   82.0979
0         0   82.0791
0         0   82.0642
0         0   82.0454
0         0   82.0304
0         0   82.0139
0         0   81.9977
0         0   81.9794
0         0   81.9639
0         0   81.9457
0         0   81.9309
0         0   81.9131
0         0   81.8972
0         0   81.8784
0         0   81.8638
0         0   81.8447
0         0    81.829
0         0   81.8127
0         0   81.7965
0         0   81.7782
0         0   81.7628
0         0   81.7437
0         0   81.7281
0         0   81.7094
0         0   81.6951
0         0   81.6779
0         0   81.6606
0         0   81.6429
0         0   81.6278
0         0   81.6113
0         0   81.5955
0         0   81.5777
0         0    81.561
0         0   81.5454
0         0   81.5272
0         0    81.511
0         0   81.4938
0         0   81.4777
0         0   81.4602
0         0   81.4437
0         0   81.4277
0         0   81.4106
0         0   81.3941
0         0   81.3767
0         0   81.3583
0         0   81.3431
0         0   81.3246
0         0   81.3093
0         0   81.2918
0         0   81.2761
0         0   81.2587
0         0    81.241
0         0    81.225
0         0   81.2075
0         0   81.1909
0         0   81.1744
0         0   81.1562
0         0   81.1407
0         0   81.1214
0         0   81.1047
0         0   81.0879
0         0   81.0722
0         0   81.0535
0         0   81.0363
0         0   81.0209
0         0   81.0046
0         0   80.9862
0         0   80.9702
0         0   80.9511
0         0   80.9366
0         0   80.9193
0         0   80.9032
0         0   80.8842
0         0   80.8692
0         0   80.8517
0         0   80.8365
0         0   80.8178
0         0   80.8021
0         0   80.7839
0         0    80.768
0         0   80.7516
0         0   80.7357
0         0    80.717
0         0   80.7024
0         0   80.6824
0         0   80.6691
0         0    80.652
0         0   80.6365
0         0   80.6184
0         0   80.6031
0         0   80.5858
0         0   80.5696
0         0   80.5525
0         0    80.536
0         0   80.5181
0         0   80.5027
0         0   80.4862
0         0   80.4692
0         0   80.4528
0         0   80.4364
0         0   80.4202
0         0   80.4041
0         0   80.3883
0         0    80.371
0         0   80.3547
0         0   80.3358
0         0   80.3194
0         0   80.3043
0         0    80.287
0         0   80.2689
0         0   80.2525
0         0   80.2347
0         0   80.2194
0         0   80.2017
0         0   80.1856
0         0   80.1688
0         0   80.1527
0         0   80.1353
0         0   80.1188
0         0   80.1002
0         0   80.0852
0         0   80.0676
0         0   80.0511
0         0    80.033
0         0   80.0163
0         0   79.9976
0         0   79.9831
0         0   79.9665
0         0    79.951
0         0   79.9332
0         0   79.9175
0         0   79.8985
0         0   79.8823
0         0   79.8647
0         0   79.8496
0         0   79.8333
0         0   79.8177
0         0   79.8003
0         0   79.7842
0         0   79.7667
0         0   79.7501
0         0   79.7331
0         0   79.7172
0         0   79.7011
0         0   79.6843
0         0    79.668
0         0   79.6506
0         0   79.6331
0         0    79.617
0         0   79.6006
0         0   79.5827
0         0   79.5671
0         0   79.5492
0         0   79.5334
0         0   79.5167
0         0   79.5003
0         0   79.4833
0         0   79.4663
0         0   79.4513
0         0   79.4345
0         0   79.4188
0         0   79.4013
0         0   79.3821
0         0   79.3673
0         0    79.349
0         0   79.3335
0         0   79.3157
0         0   79.3007
0         0   79.2821
0         0   79.2662
0         0   79.2477
0         0   79.2317
0         0   79.2143
0         0   79.1987
0         0   79.1805
0         0   79.1665
0         0   79.1492
0         0   79.1327
0         0   79.1154
0         0   79.0987
0         0   79.0795
0         0   79.0657
0         0   79.0481
0         0   79.0332
0         0   79.0166
0         0   78.9992
0         0   78.9829
0         0   78.9661
0         0   78.9491
0         0   78.9315
0         0    78.914
0         0   78.8967
0         0   78.8785
0         0   78.8633
0         0   78.8465
0         0   78.8284
0         0   78.8137
0         0   78.7971
0         0   78.7809
0         0   78.7629
0         0   78.7475
0         0   78.7311
0         0   78.7146
0         0   78.6958
0         0   78.6792
0         0   78.6625
0         0   78.6464
0         0   78.6289
0         0   78.6129
0         0   78.5942
0         0   78.5779
0         0   78.5595
0         0   78.5438
0         0   78.5259
0         0   78.5096
0         0   78.4918
0         0   78.4748
0         0   78.4585
0         0   78.4425
0         0   78.4248
0         0   78.4088
0         0    78.391
0         0   78.3757
0         0   78.3578
0         0   78.3432
0         0   78.3237
0         0   78.3081
0         0   78.2898
0         0    78.275
0         0   78.2567
0         0   78.2404
0         0   78.2227
0         0   78.2063
0         0   78.1901
0         0   78.1737
0         0    78.156
0         0   78.1397
0         0   78.1201
0         0   78.1061
0         0   78.0886
0         0   78.0717
0         0   78.0538
0         0   78.0376
0         0   78.0208
0         0   78.0045
0         0    77.987
0         0   77.9708
0         0   77.9539
0         0   77.9371
0         0   77.9206
0         0   77.9027
0         0   77.8866
0         0   77.8698
0         0   77.8524
0         0    77.837
0         0   77.8195
0         0   77.8027
0         0   77.7859
0         0   77.7685
0         0   77.7509
0         0   77.7357
0         0   77.7176
0         0   77.7013
0         0   77.6834
0         0   77.6675
0         0   77.6506
0         0   77.6343
0         0   77.6173
0         0   77.6003
0         0   77.5825
0         0    77.565
0         0   77.5489
0         0   77.5321
0         0   77.5155
0         0   77.4988
0         0   77.4821
0         0   77.4657
0         0   77.4479
0         0   77.4309
0         0   77.4141
0         0   77.3972
0         0   77.3811
0         0   77.3648
0         0   77.3476
0         0   77.3304
0         0    77.314
0         0   77.2966
0         0   77.2784
0         0   77.2623
0         0   77.2458
0         0   77.2288
0         0   77.2125
0         0   77.1948
0         0   77.1788
0         0   77.1605
0         0   77.1439
0         0    77.127
0         0    77.112
0         0    77.093
0         0   77.0785
0         0   77.0597
0         0   77.0456
0         0   77.0277
0         0   77.0125
0         0   76.9942
0         0   76.9782
0         0   76.9624
0         0   76.9456
0         0   76.9294
0         0   76.9112
0         0   76.8956
0         0   76.8783
0         0    76.862
0         0   76.8435
0         0   76.8284
0         0   76.8106
0         0   76.7959
0         0   76.7756
0         0   76.7608
0         0   76.7434
0         0    76.728
0         0   76.7082
0         0   76.6927
0         0   76.6753
0         0   76.6602
0         0   76.6426
0         0   76.6265
0         0   76.6092
0         0   76.5917
0         0   76.5767
0         0   76.5597
0         0   76.5425
0         0   76.5261
0         0   76.5091
0         0   76.4918
0         0   76.4748
0         0   76.4594
0         0   76.4426
0         0   76.4254
0         0   76.4087
0         0    76.393
0         0   76.3748
0         0   76.3591
0         0    76.343
0         0   76.3259
0         0   76.3103
0         0   76.2911
0         0   76.2755
0         0   76.2591
0         0   76.2397
0         0   76.2243
0         0   76.2079
0         0   76.1902
0         0   76.1739
0         0   76.1568
0         0   76.1413
0         0   76.1234
0         0   76.1082
0         0   76.0911
0         0   76.0757
0         0   76.0573
0         0   76.0419
0         0   76.0253
0         0   76.0093
0         0   75.9917
0         0   75.9745
0         0   75.9581
0         0   75.9426
0         0   75.9246
0         0   75.9085
0         0   75.8909
0         0   75.8752
0         0   75.8585
0         0   75.8405
0         0   75.8247
0         0   75.8087
0         0   75.7925
0         0   75.7764
0         0   75.7604
0         0   75.7429
0         0    75.726
0         0   75.7094
0         0   75.6925
0         0   75.6755
0         0    75.659
0         0   75.6427
0         0   75.6242
0         0   75.6079
0         0   75.5914
0         0    75.573
0         0   75.5575
0         0   75.5414
0         0   75.5243
0         0   75.5081
0         0    75.491
0         0   75.4745
0         0   75.4582
0         0   75.4396
0         0    75.425
0         0   75.4072
0         0   75.3912
0         0   75.3736
0         0   75.3584
0         0   75.3413
0         0   75.3256
0         0   75.3096
0         0   75.2934
0         0   75.2769
0         0     75.26
0         0   75.2416
0         0   75.2259
0         0    75.208
0         0   75.1919
0         0   75.1754
0         0   75.1573
0         0   75.1408
0         0   75.1245
0         0   75.1065
0         0   75.0895
0         0   75.0721
0         0    75.055
0         0   75.0374
0         0   75.0217
0         0   75.0035
0         0   74.9879
0         0   74.9704
0         0   74.9528
0         0   74.9366
0         0   74.9186
0         0   74.9032
0         0   74.8862
0         0   74.8697
0         0   74.8538
0         0   74.8362
0         0   74.8188
0         0   74.8018
0         0   74.7833
0         0   74.7668
0         0   74.7504
0         0   74.7348
0         0   74.7178
0         0   74.7005
0         0   74.6821
0         0   74.6672
0         0   74.6485
0         0   74.6331
0         0   74.6158
0         0   74.5991
0         0   74.5795
0         0   74.5645
0         0   74.5461
0         0    74.531
0         0   74.5127
0         0   74.4977
0         0   74.4795
0         0   74.4623
0         0   74.4451
0         0   74.4287
0         0   74.4111
0         0   74.3957
0         0   74.3763
0         0   74.3603
0         0   74.3425
0         0   74.3272
0         0   74.3081
0         0    74.294
0         0   74.2776
0         0   74.2613
0         0   74.2409
0         0   74.2281
0         0   74.2104
0         0   74.1943
0         0   74.1744
0         0   74.1597
0         0   74.1424
0         0    74.126
0         0   74.1088
0         0   74.0925
0         0   74.0756
0         0   74.0597
0         0    74.042
0         0   74.0261
0         0   74.0092
0         0    73.992
0         0   73.9759
0         0   73.9594
0         0   73.9428
0         0   73.9261
0         0   73.9078
0         0   73.8916
0         0   73.8756
0         0    73.859
0         0   73.8417
0         0   73.8255
0         0   73.8072
0         0   73.7908
0         0   73.7745
0         0   73.7578
0         0   73.7414
0         0    73.724
0         0   73.7084
0         0   73.6916
0         0   73.6743
0         0    73.658
0         0   73.6421
0         0   73.6236
0         0   73.6068
0         0    73.591
0         0   73.5747
0         0   73.5542
0         0   73.5397
0         0   73.5215
0         0   73.5056
0         0   73.4886
0         0   73.4714
0         0    73.454
0         0   73.4383
0         0   73.4216
0         0   73.4048
0         0   73.3867
0         0   73.3708
0         0   73.3531
0         0   73.3373
0         0   73.3204
0         0   73.3052
0         0   73.2884
0         0   73.2724
0         0   73.2552
0         0   73.2388
0         0   73.2206
0         0   73.2047
0         0    73.187
0         0   73.1708
0         0   73.1533
0         0   73.1377
0         0     73.12
0         0   73.1043
0         0   73.0872
0         0   73.0703
0         0   73.0528
0         0   73.0367
0         0   73.0207
0         0   73.0031
0         0   72.9865
0         0   72.9705
0         0   72.9534
0         0   72.9358
0         0   72.9187
0         0   72.9017
0         0   72.8854
0         0   72.8654
0         0   72.8506
0         0   72.8328
0         0   72.8179
0         0   72.7989
0         0   72.7842
0         0   72.7672
0         0   72.7513
0         0   72.7347
0         0   72.7182
0         0   72.7013
0         0    72.684
0         0    72.668
0         0   72.6523
0         0   72.6351
0         0   72.6184
0         0    72.602
0         0   72.5839
0         0   72.5681
0         0    72.552
0         0   72.5345
0         0   72.5183
0         0   72.5004
0         0    72.484
0         0   72.4665
0         0   72.4498
0         0   72.4321
0         0   72.4164
0         0   72.3979
0         0   72.3821
0         0   72.3647
0         0   72.3491
0         0   72.3324
0         0   72.3161
0         0   72.2987
0         0   72.2822
0         0   72.2655
0         0   72.2502
0         0   72.2341
0         0   72.2164
0         0   72.1999
0         0   72.1834
0         0   72.1669
0         0   72.1484
0         0   72.1329
0         0   72.1143
0         0   72.0986
0         0    72.082
0         0   72.0651
0         0   72.0468
0         0   72.0307
0         0   72.0133
0         0   71.9985
0         0   71.9787
0         0   71.9624
0         0   71.9468
0         0   71.9312
0         0   71.9136
0         0    71.898
0         0   71.8812
0         0   71.8648
0         0   71.8447
0         0   71.8298
0         0    71.812
0         0   71.7957
0         0   71.7774
0         0   71.7606
0         0   71.7434
0         0   71.7266
0         0   71.7079
0         0   71.6916
0         0   71.6767
0         0   71.6608
0         0   71.6443
0         0   71.6278
0         0   71.6095
0         0   71.5934
0         0   71.5766
0         0   71.5595
0         0   71.5425
0         0   71.5238
0         0   71.5087
0         0   71.4912
0         0   71.4735
0         0   71.4578
0         0   71.4409
0         0    71.425
0         0   71.4073
0         0   71.3907
0         0   71.3739
0         0   71.3581
0         0    71.341
0         0    71.324
0         0   71.3065
0         0   71.2905
0         0    71.272
0         0   71.2553
0         0   71.2381
0         0   71.2202
0         0   71.2038
0         0   71.1881
0         0   71.1705
0         0   71.1541
0         0    71.137
0         0    71.121
0         0   71.1037
0         0   71.0881
0         0   71.0712
0         0    71.055
0         0   71.0377
0         0   71.0203
0         0   71.0044
0         0   70.9873
0         0   70.9704
0         0   70.9543
0         0   70.9375
0         0   70.9184
0         0   70.9001
0         0   70.8866
0         0   70.8705
0         0   70.8513
0         0   70.8362
0         0   70.8177
0         0   70.8027
0         0   70.7849
0         0   70.7688
0         0   70.7514
0         0   70.7351
0         0   70.7186
0         0   70.7017
0         0   70.6838
0         0    70.667
0         0   70.6503
0         0   70.6352
0         0   70.6168
0         0    70.601
0         0   70.5823
0         0   70.5664
0         0   70.5484
0         0   70.5324
0         0   70.5133
0         0   70.4985
0         0    70.481
0         0   70.4649
0         0   70.4467
0         0   70.4308
0         0   70.4135
0         0   70.3973
0         0   70.3809
0         0   70.3645
0         0    70.347
0         0   70.3299
0         0   70.3117
0         0   70.2955
0         0   70.2778
0         0   70.2612
0         0   70.2442
0         0    70.228
0         0   70.2113
0         0   70.1948
0         0   70.1777
0         0   70.1621
0         0   70.1455
0         0    70.128
0         0   70.1111
0         0    70.095
0         0    70.077
0         0   70.0607
0         0   70.0424
0         0    70.026
0         0   70.0088
0         0    69.993
0         0   69.9757
0         0   69.9604
0         0   69.9438
0         0   69.9266
0         0   69.9095
0         0   69.8929
0         0   69.8758
0         0    69.859
0         0   69.8425
0         0   69.8258
0         0   69.8089
0         0    69.793
0         0   69.7753
0         0   69.7574
0         0   69.7399
0         0   69.7239
0         0   69.7068
0         0   69.6891
0         0   69.6736
0         0   69.6573
0         0   69.6403
0         0   69.6234
0         0    69.607
0         0   69.5901
0         0   69.5729
0         0   69.5567
0         0   69.5402
0         0   69.5216
0         0   69.5042
0         0   69.4879
0         0   69.4727
0         0   69.4555
0         0   69.4387
0         0   69.4213
0         0   69.4057
0         0   69.3883
0         0   69.3725
0         0   69.3555
0         0   69.3394
0         0    69.322
0         0   69.3054
0         0   69.2885
0         0   69.2714
0         0   69.2545
0         0    69.237
0         0   69.2212
0         0   69.2038
0         0   69.1869
0         0   69.1698
0         0   69.1512
0         0   69.1364
0         0   69.1193
0         0    69.104
0         0   69.0857
0         0   69.0718
0         0    69.054
0         0   69.0382
0         0   69.0208
0         0   69.0056
0         0   68.9883
0         0   68.9705
0         0   68.9543
0         0   68.9385
0         0   68.9223
0         0   68.9052
0         0   68.8884
0         0   68.8726
0         0   68.8549
0         0   68.8381
0         0   68.8195
0         0   68.8048
0         0   68.7865
0         0   68.7706
0         0   68.7546
0         0    68.738
0         0   68.7214
0         0   68.7046
0         0   68.6885
0         0   68.6725
0         0   68.6561
0         0   68.6393
0         0    68.623
0         0   68.6044
0         0   68.5884
0         0   68.5723
0         0   68.5563
0         0   68.5379
0         0    68.523
0         0   68.5044
0         0   68.4879
0         0   68.4693
0         0   68.4544
0         0   68.4363
0         0   68.4202
0         0   68.4026
0         0   68.3871
0         0   68.3691
0         0   68.3528
0         0   68.3344
0         0   68.3195
0         0   68.3007
0         0   68.2857
0         0   68.2674
0         0   68.2509
0         0   68.2343
0         0   68.2185
0         0   68.2012
0         0   68.1855
0         0   68.1684
0         0   68.1522
0         0   68.1345
0         0   68.1185
0         0   68.0999
0         0   68.0836
0         0   68.0659
0         0   68.0485
0         0   68.0307
0         0    68.016
0         0   67.9993
0         0   67.9818
0         0   67.9648
0         0   67.9494
0         0   67.9324
0         0   67.9157
0         0   67.8992
0         0   67.8829
0         0   67.8655
0         0   67.8495
0         0   67.8322
0         0   67.8158
0         0   67.7986
0         0   67.7823
0         0   67.7654
0         0   67.7475
0         0   67.7311
0         0   67.7147
0         0   67.6978
0         0   67.6787
0         0   67.6644
0         0   67.6456
0         0   67.6289
0         0   67.6122
0         0   67.5959
0         0   67.5779
0         0   67.5621
0         0   67.5445
0         0    67.529
0         0   67.5114
0         0   67.4968
0         0   67.4795
0         0   67.4626
0         0   67.4435
0         0   67.4279
0         0   67.4118
0         0   67.3959
0         0   67.3798
0         0   67.3627
0         0   67.3436
0         0   67.3294
0         0     67.31
0         0   67.2949
0         0   67.2769
0         0   67.2608
0         0   67.2435
0         0   67.2274
0         0   67.2093
0         0   67.1936
0         0   67.1777
0         0   67.1603
0         0   67.1433
0         0   67.1269
0         0   67.1089
0         0   67.0928
0         0   67.0757
0         0   67.0584
0         0   67.0421
0         0   67.0264
0         0   67.0088
0         0   66.9914
0         0   66.9752
0         0   66.9586
0         0    66.942
0         0   66.9257
0         0   66.9088
0         0   66.8924
0         0   66.8751
0         0   66.8567
0         0   66.8412
0         0   66.8233
0         0   66.8085
0         0   66.7903
0         0   66.7728
0         0   66.7558
0         0   66.7401
0         0   66.7224
0         0   66.7059
0         0   66.6882
0         0   66.6728
0         0   66.6559
0         0   66.6395
0         0   66.6209
0         0   66.6044
0         0   66.5862
0         0   66.5694
0         0   66.5543
0         0   66.5374
0         0   66.5189
0         0   66.5028
0         0   66.4846
0         0   66.4697
0         0   66.4513
0         0   66.4366
0         0   66.4189
0         0   66.4026
0         0   66.3846
0         0   66.3692
0         0   66.3522
0         0   66.3358
0         0   66.3177
0         0   66.3021
0         0   66.2828
0         0   66.2681
0         0    66.251
0         0   66.2359
0         0   66.2183
0         0   66.2022
0         0   66.1841
0         0   66.1687
0         0   66.1513
0         0    66.136
0         0   66.1193
0         0   66.1027
0         0    66.084
0         0   66.0684
0         0   66.0505
0         0   66.0345
0         0   66.0181
0         0   66.0003
0         0   65.9839
0         0   65.9679
0         0   65.9517
0         0   65.9362
0         0   65.9195
0         0   65.9001
0         0   65.8861
0         0   65.8693
0         0   65.8526
0         0   65.8355
0         0   65.8189
0         0   65.8008
0         0   65.7858
0         0   65.7677
0         0   65.7507
0         0   65.7343
0         0   65.7176
0         0   65.7012
0         0   65.6848
0         0   65.6668
0         0   65.6495
0         0   65.6324
0         0   65.6163
0         0   65.5991
0         0   65.5838
0         0   65.5658
0         0   65.5493
0         0   65.5327
0         0   65.5172
0         0   65.4982
0         0   65.4831
0         0   65.4668
0         0   65.4518
0         0   65.4348
0         0   65.4184
0         0   65.4016
0         0   65.3849
0         0   65.3668
0         0   65.3504
0         0   65.3339
0         0   65.3168
0         0   65.2993
0         0   65.2822
0         0   65.2638
0         0   65.2489
0         0   65.2316
0         0    65.216
0         0   65.1983
0         0   65.1829
0         0   65.1655
0         0   65.1484
0         0   65.1314
0         0   65.1158
0         0   65.0995
0         0   65.0821
0         0   65.0662
0         0   65.0499
0         0   65.0322
0         0   65.0146
0         0   64.9968
0         0   64.9803
0         0   64.9626
0         0   64.9469
0         0   64.9299
0         0   64.9107
0         0   64.8976
0         0   64.8795
0         0    64.864
0         0   64.8439
0         0   64.8315
0         0    64.813
0         0   64.7981
0         0   64.7796
0         0   64.7644
0         0   64.7459
0         0   64.7313
0         0   64.7136
0         0    64.698
0         0   64.6812
0         0   64.6657
0         0   64.6481
0         0   64.6315
0         0   64.6154
0         0   64.5989
0         0   64.5816
0         0   64.5642
0         0   64.5479
0         0   64.5315
0         0   64.5137
0         0   64.4973
0         0    64.481
0         0   64.4638
0         0    64.448
0         0   64.4316
0         0   64.4139
0         0   64.3969
0         0   64.3806
0         0   64.3627
0         0   64.3444
0         0   64.3282
0         0   64.3127
0         0    64.295
0         0   64.2787
0         0   64.2618
0         0   64.2456
0         0    64.228
0         0   64.2114
0         0   64.1947
0         0   64.1777
0         0   64.1589
0         0   64.1441
0         0   64.1244
0         0   64.1096
0         0   64.0918
0         0   64.0761
0         0   64.0577
0         0    64.043
0         0   64.0239
0         0   64.0094
0         0   63.9911
0         0   63.9766
0         0   63.9599
0         0   63.9439
0         0   63.9258
0         0   63.9112
0         0   63.8935
0         0   63.8772
0         0   63.8597
0         0   63.8442
0         0   63.8277
0         0   63.8115
0         0   63.7949
0         0    63.779
0         0   63.7624
0         0   63.7457
0         0   63.7289
0         0   63.7124
0         0   63.6958
0         0   63.6787
0         0   63.6619
0         0   63.6453
0         0   63.6295
0         0   63.6129
0         0   63.5963
0         0   63.5805
0         0   63.5633
0         0   63.5452
0         0     63.53
0         0   63.5121
0         0   63.4965
0         0    63.479
0         0   63.4626
0         0   63.4437
0         0   63.4278
0         0   63.4107
0         0   63.3948
0         0   63.3767
0         0    63.361
0         0   63.3399
0         0    63.328
0         0   63.3111
0         0   63.2959
0         0   63.2776
0         0   63.2616
0         0   63.2438
0         0   63.2275
0         0   63.2107
0         0   63.1947
0         0   63.1772
0         0    63.161
0         0   63.1427
0         0   63.1261
0         0   63.1088
0         0   63.0931
0         0   63.0754
0         0   63.0603
0         0   63.0436
0         0   63.0274
0         0   63.0104
0         0   62.9939
0         0   62.9773
0         0   62.9609
0         0   62.9441
0         0   62.9274
0         0   62.9109
0         0   62.8942
0         0   62.8766
0         0   62.8583
0         0   62.8414
0         0   62.8246
0         0   62.8086
0         0   62.7906
0         0   62.7736
0         0   62.7571
0         0   62.7406
0         0   62.7215
0         0   62.7075
0         0   62.6913
0         0   62.6756
0         0   62.6567
0         0   62.6418
0         0   62.6226
0         0   62.6073
0         0   62.5881
0         0   62.5737
0         0   62.5573
0         0    62.541
0         0   62.5222
0         0   62.5071
0         0   62.4911
0         0   62.4745
0         0   62.4573
0         0   62.4397
0         0   62.4216
0         0   62.4061
0         0   62.3888
0         0    62.371
0         0    62.354
0         0   62.3382
0         0   62.3208
0         0   62.3032
0         0   62.2856
0         0   62.2688
0         0   62.2512
0         0   62.2347
0         0   62.2177
0         0   62.2008
0         0    62.184
0         0   62.1683
0         0    62.151
0         0   62.1345
0         0   62.1165
0         0   62.1019
0         0   62.0845
0         0   62.0682
0         0   62.0515
0         0   62.0355
0         0   62.0181
0         0   62.0005
0         0   61.9843
0         0   61.9673
0         0   61.9504
0         0   61.9344
0         0   61.9178
0         0   61.9002
0         0    61.883
0         0   61.8668
0         0   61.8506
0         0   61.8335
0         0   61.8177
0         0      61.8
0         0    61.784
0         0   61.7667
0         0   61.7502
0         0   61.7332
0         0   61.7169
0         0   61.6986
0         0   61.6825
0         0   61.6654
0         0    61.649
0         0   61.6315
0         0   61.6159
0         0   61.5978
0         0   61.5811
0         0   61.5653
0         0   61.5496
0         0    61.531
0         0    61.516
0         0   61.4959
0         0   61.4816
0         0   61.4644
0         0   61.4474
0         0   61.4291
0         0   61.4138
0         0   61.3963
0         0   61.3805
0         0   61.3607
0         0   61.3458
0         0   61.3267
0         0   61.3121
0         0   61.2926
0         0   61.2757
0         0   61.2623
0         0   61.2453
0         0    61.226
0         0   61.2092
0         0   61.1941
0         0   61.1765
0         0   61.1598
0         0   61.1416
0         0   61.1245
0         0   61.1087
0         0   61.0892
0         0   61.0733
0         0    61.057
0         0   61.0406
0         0   61.0241
0         0   61.0079
0         0   60.9882
0         0    60.973
0         0   60.9544
0         0   60.9389
0         0   60.9216
0         0   60.9057
0         0   60.8881
0         0   60.8727
0         0   60.8552
0         0   60.8389
0         0   60.8226
0         0   60.8051
0         0   60.7868
0         0   60.7695
0         0   60.7536
0         0   60.7373
0         0   60.7209
0         0   60.7042
0         0   60.6872
0         0   60.6723
0         0   60.6555
0         0   60.6393
0         0   60.6225
0         0   60.6055
0         0   60.5898
0         0   60.5726
0         0   60.5559
0         0   60.5379
0         0   60.5227
0         0   60.5045
0         0    60.489
0         0    60.471
0         0   60.4559
0         0   60.4387
0         0   60.4229
0         0   60.4042
0         0   60.3893
0         0   60.3715
0         0   60.3561
0         0   60.3397
0         0   60.3239
0         0    60.307
0         0   60.2902
0         0   60.2723
0         0    60.256
0         0   60.2382
0         0   60.2215
0         0   60.2054
0         0   60.1887
0         0   60.1727
0         0   60.1565
0         0   60.1407
0         0   60.1237
0         0   60.1081
0         0   60.0897
0         0   60.0752
0         0   60.0572
0         0    60.041
0         0   60.0236
0         0   60.0078
0         0   59.9874
0         0   59.9744
0         0   59.9575
0         0   59.9412
0         0   59.9244
0         0   59.9071
0         0   59.8899
0         0   59.8734
0         0    59.855
0         0   59.8399
0         0   59.8236
0         0   59.8069
0         0   59.7894
0         0   59.7728
0         0    59.756
0         0   59.7392
0         0    59.722
0         0   59.7059
0         0   59.6877
0         0   59.6724
0         0   59.6554
0         0   59.6382
0         0   59.6215
0         0   59.6048
0         0   59.5885
0         0   59.5716
0         0   59.5547
0         0   59.5366
0         0   59.5218
0         0   59.5018
0         0   59.4878
0         0   59.4708
0         0   59.4533
0         0   59.4362
0         0   59.4191
0         0   59.4012
0         0   59.3861
0         0    59.367
0         0   59.3529
0         0   59.3351
0         0   59.3178
0         0   59.2987
0         0   59.2858
0         0   59.2694
0         0   59.2527
0         0    59.231
0         0   59.2185
0         0   59.2013
0         0   59.1845
0         0    59.166
0         0   59.1498
0         0   59.1329
0         0    59.117
0         0    59.097
0         0   59.0831
0         0   59.0642
0         0   59.0483
0         0   59.0305
0         0   59.0146
0         0   58.9974
0         0   58.9815
0         0   58.9646
0         0   58.9484
0         0   58.9314
0         0    58.913
0         0    58.896
0         0   58.8797
0         0   58.8625
0         0   58.8469
0         0   58.8292
0         0    58.813
0         0   58.7957
0         0   58.7794
0         0   58.7597
0         0   58.7458
0         0   58.7287
0         0   58.7122
0         0    58.695
0         0   58.6783
0         0   58.6599
0         0   58.6445
0         0   58.6279
0         0   58.6116
0         0   58.5942
0         0   58.5764
0         0   58.5614
0         0   58.5437
0         0    58.527
0         0   58.5103
0         0    58.495
0         0   58.4777
0         0   58.4609
0         0    58.443
0         0    58.427
0         0   58.4108
0         0   58.3928
0         0    58.376
0         0   58.3602
0         0    58.342
0         0   58.3261
0         0   58.3067
0         0   58.2917
0         0   58.2751
0         0   58.2581
0         0   58.2403
0         0   58.2254
0         0   58.2083
0         0   58.1918
0         0   58.1739
0         0   58.1561
0         0   58.1396
0         0   58.1247
0         0    58.107
0         0   58.0916
0         0   58.0743
0         0   58.0574
0         0   58.0393
0         0   58.0244
0         0   58.0088
0         0   57.9913
0         0   57.9743
0         0   57.9588
0         0   57.9415
0         0   57.9245
0         0   57.9074
0         0   57.8915
0         0    57.874
0         0   57.8572
0         0   57.8416
0         0   57.8251
0         0   57.8075
0         0   57.7913
0         0   57.7745
0         0    57.758
0         0    57.741
0         0   57.7255
0         0   57.7092
0         0     57.69
0         0   57.6757
0         0   57.6588
0         0   57.6422
0         0   57.6252
0         0   57.6092
0         0   57.5909
0         0   57.5747
0         0   57.5563
0         0   57.5391
0         0   57.5241
0         0   57.5072
0         0   57.4914
0         0   57.4747
0         0    57.456
0         0   57.4401
0         0    57.423
0         0   57.4052
0         0    57.387
0         0   57.3713
0         0   57.3542
0         0   57.3383
0         0   57.3206
0         0   57.3049
0         0   57.2864
0         0   57.2703
0         0   57.2542
0         0   57.2375
0         0   57.2194
0         0   57.2039
0         0   57.1858
0         0   57.1701
0         0   57.1503
0         0   57.1346
0         0   57.1172
0         0   57.1005
0         0   57.0833
0         0    57.066
0         0     57.05
0         0    57.033
0         0   57.0139
0         0   56.9994
0         0   56.9785
0         0   56.9653
0         0   56.9441
0         0   56.9315
0         0   56.9121
0         0   56.8989
0         0   56.8799
0         0   56.8637
0         0   56.8476
0         0   56.8324
0         0   56.8134
0         0   56.7987
0         0   56.7811
0         0    56.765
0         0    56.747
0         0   56.7314
0         0    56.714
0         0   56.6974
0         0    56.681
0         0   56.6644
0         0   56.6462
0         0   56.6307
0         0   56.6151
0         0   56.5967
0         0   56.5812
0         0   56.5643
0         0   56.5469
0         0   56.5307
0         0   56.5142
0         0   56.4977
0         0   56.4812
0         0   56.4644
0         0   56.4478
0         0   56.4295
0         0   56.4139
0         0   56.3962
0         0   56.3801
0         0   56.3628
0         0   56.3473
0         0   56.3271
0         0    56.314
0         0   56.2969
0         0   56.2806
0         0   56.2624
0         0   56.2473
0         0   56.2281
0         0   56.2127
0         0   56.1957
0         0   56.1788
0         0    56.161
0         0   56.1458
0         0   56.1277
0         0   56.1125
0         0   56.0941
0         0    56.078
0         0   56.0623
0         0   56.0465
0         0   56.0282
0         0   56.0115
0         0   55.9942
0         0   55.9783
0         0   55.9604
0         0   55.9433
0         0   55.9267
0         0   55.9072
0         0   55.8912
0         0   55.8753
0         0   55.8581
0         0   55.8409
0         0   55.8232
0         0   55.8075
0         0   55.7911
0         0   55.7746
0         0   55.7577
0         0   55.7406
0         0   55.7252
0         0   55.7081
0         0   55.6908
0         0   55.6719
0         0   55.6563
0         0   55.6386
0         0   55.6209
0         0   55.6059
0         0   55.5896
0         0   55.5729
0         0   55.5565
0         0   55.5386
0         0   55.5226
0         0   55.5034
0         0   55.4892
0         0   55.4716
0         0   55.4554
0         0    55.437
0         0   55.4225
0         0   55.4022
0         0   55.3882
0         0     55.37
0         0   55.3544
0         0   55.3336
0         0   55.3195
0         0   55.3024
0         0   55.2862
0         0   55.2675
0         0   55.2519
0         0    55.234
0         0   55.2184
0         0   55.2022
0         0   55.1846
0         0   55.1681
0         0    55.152
0         0    55.135
0         0   55.1181
0         0   55.0997
0         0   55.0844
0         0    55.067
0         0   55.0493
0         0   55.0318
0         0   55.0161
0         0   54.9985
0         0    54.982
0         0   54.9638
0         0   54.9478
0         0     54.93
0         0   54.9128
0         0    54.897
0         0   54.8802
0         0    54.863
0         0   54.8467
0         0   54.8299
0         0   54.8123
0         0   54.7958
0         0   54.7789
0         0   54.7621
0         0   54.7467
0         0   54.7286
0         0   54.7116
0         0   54.6958
0         0   54.6783
0         0   54.6611
0         0   54.6457
0         0   54.6289
0         0   54.6125
0         0   54.5962
0         0   54.5801
0         0   54.5636
0         0   54.5475
0         0   54.5312
0         0   54.5146
0         0   54.4972
0         0   54.4805
0         0   54.4634
0         0   54.4474
0         0   54.4304
0         0    54.414
0         0   54.3975
0         0   54.3795
0         0   54.3638
0         0   54.3464
0         0   54.3311
0         0   54.3137
0         0   54.2979
0         0   54.2802
0         0   54.2637
0         0   54.2455
0         0   54.2307
0         0   54.2113
0         0   54.1961
0         0   54.1779
0         0   54.1624
0         0   54.1445
0         0   54.1289
0         0   54.1119
0         0   54.0948
0         0   54.0783
0         0   54.0619
0         0   54.0444
0         0   54.0285
0         0   54.0105
0         0   53.9939
0         0    53.978
0         0   53.9616
0         0   53.9447
0         0   53.9288
0         0   53.9127
0         0   53.8967
0         0   53.8797
0         0   53.8627
0         0   53.8456
0         0   53.8284
0         0   53.8119
0         0   53.7935
0         0   53.7781
0         0   53.7613
0         0   53.7462
0         0   53.7291
0         0    53.713
0         0   53.6933
0         0   53.6792
0         0   53.6606
0         0   53.6453
0         0   53.6277
0         0   53.6128
0         0    53.596
0         0   53.5804
0         0   53.5612
0         0   53.5452
0         0    53.529
0         0   53.5138
0         0   53.4975
0         0    53.481
0         0   53.4637
0         0   53.4466
0         0   53.4307
0         0   53.4133
0         0   53.3975
0         0   53.3797
0         0   53.3618
0         0   53.3456
0         0   53.3292
0         0   53.3126
0         0    53.295
0         0   53.2784
0         0   53.2616
0         0   53.2447
0         0   53.2274
0         0   53.2108
0         0   53.1935
0         0   53.1768
0         0   53.1597
0         0   53.1438
0         0   53.1263
0         0   53.1091
0         0   53.0919
0         0   53.0755
0         0   53.0592
0         0   53.0421
0         0   53.0262
0         0   53.0088
0         0   52.9907
0         0   52.9738
0         0   52.9572
0         0   52.9407
0         0   52.9243
0         0   52.9073
0         0   52.8904
0         0   52.8723
0         0   52.8557
0         0   52.8399
0         0   52.8229
0         0   52.8059
0         0   52.7878
0         0   52.7706
0         0   52.7541
0         0   52.7381
0         0   52.7213
0         0   52.7042
0         0   52.6877
0         0     52.67
0         0   52.6525
0         0   52.6361
0         0   52.6202
0         0   52.6005
0         0   52.5877
0         0   52.5703
0         0   52.5536
0         0   52.5333
0         0   52.5199
0         0   52.5031
0         0   52.4858
0         0   52.4685
0         0   52.4529
0         0   52.4342
0         0   52.4173
0         0   52.4002
0         0   52.3829
0         0   52.3659
0         0   52.3499
0         0   52.3315
0         0   52.3153
0         0   52.2979
0         0   52.2815
0         0   52.2637
0         0    52.249
0         0   52.2286
0         0   52.2152
0         0   52.1961
0         0   52.1818
0         0   52.1636
0         0    52.148
0         0   52.1264
0         0   52.1137
0         0   52.0956
0         0   52.0801
0         0   52.0622
0         0   52.0454
0         0   52.0289
0         0   52.0125
0         0   51.9929
0         0   51.9771
0         0   51.9606
0         0   51.9445
0         0   51.9243
0         0   51.9105
0         0   51.8914
0         0   51.8768
0         0   51.8599
0         0    51.843
0         0   51.8243
0         0    51.809
0         0   51.7914
0         0   51.7773
0         0   51.7605
0         0    51.744
0         0   51.7271
0         0     51.71
0         0   51.6925
0         0   51.6765
0         0   51.6594
0         0    51.643
0         0   51.6236
0         0   51.6077
0         0   51.5901
0         0   51.5748
0         0   51.5543
0         0   51.5412
0         0   51.5228
0         0   51.5063
0         0   51.4888
0         0   51.4732
0         0   51.4547
0         0   51.4399
0         0   51.4211
0         0    51.407
0         0   51.3907
0         0   51.3736
0         0   51.3572
0         0   51.3407
0         0   51.3239
0         0   51.3071
0         0   51.2896
0         0   51.2734
0         0   51.2567
0         0   51.2383
0         0   51.2231
0         0   51.2058
0         0   51.1893
0         0    51.172
0         0   51.1553
0         0   51.1382
0         0   51.1218
0         0    51.105
0         0   51.0876
0         0   51.0705
0         0   51.0526
0         0   51.0369
0         0   51.0198
0         0   51.0022
0         0   50.9859
0         0   50.9682
0         0   50.9517
0         0   50.9342
0         0   50.9176
0         0   50.8999
0         0   50.8843
0         0   50.8658
0         0   50.8502
0         0   50.8331
0         0    50.817
0         0   50.7965
0         0    50.783
0         0   50.7627
0         0   50.7495
0         0   50.7302
0         0   50.7146
0         0   50.6975
0         0   50.6828
0         0   50.6639
0         0   50.6489
0         0   50.6307
0         0   50.6156
0         0   50.5984
0         0   50.5805
0         0    50.563
0         0   50.5469
0         0   50.5295
0         0   50.5143
0         0   50.4969
0         0   50.4809
0         0   50.4608
0         0   50.4474
0         0   50.4284
0         0   50.4137
0         0   50.3976
0         0    50.381
0         0   50.3623
0         0   50.3478
0         0   50.3261
0         0   50.3141
0         0   50.2968
0         0   50.2796
0         0   50.2624
0         0   50.2457
0         0   50.2286
0         0   50.2115
0         0   50.1952
0         0   50.1787
0         0   50.1609
0         0   50.1447
0         0    50.127
0         0   50.1109
0         0   50.0949
0         0   50.0786
0         0   50.0611
0         0   50.0446
0         0   50.0284
0         0   50.0108
0         0    49.996
0         0   49.9783
0         0   49.9629
0         0   49.9457
0         0   49.9307
0         0   49.9111
0         0   49.8962
0         0    49.877
0         0   49.8635
0         0   49.8468
0         0     49.83
0         0   49.8107
0         0   49.7951
0         0   49.7766
0         0   49.7608
0         0   49.7445
0         0   49.7272
0         0   49.7102
0         0   49.6946
0         0   49.6778
0         0   49.6618
0         0   49.6446
0         0   49.6268
0         0   49.6107
0         0   49.5945
0         0   49.5771
0         0   49.5612
0         0   49.5434
0         0    49.528
0         0   49.5105
0         0   49.4936
0         0   49.4763
0         0   49.4596
0         0   49.4421
0         0   49.4256
0         0   49.4089
0         0   49.3929
0         0   49.3752
0         0   49.3584
0         0    49.341
0         0   49.3261
0         0    49.309
0         0   49.2905
0         0   49.2759
0         0   49.2581
0         0   49.2418
0         0    49.223
0         0   49.2079
0         0   49.1884
0         0    49.175
0         0   49.1566
0         0   49.1395
0         0    49.123
0         0    49.107
0         0   49.0887
0         0   49.0742
0         0   49.0557
0         0   49.0399
0         0   49.0248
0         0    49.009
0         0   48.9914
0         0   48.9738
0         0   48.9582
0         0   48.9417
0         0   48.9252
0         0   48.9077
0         0   48.8917
0         0   48.8756
0         0    48.859
0         0   48.8415
0         0   48.8253
0         0   48.8069
0         0   48.7905
0         0    48.775
0         0   48.7582
0         0   48.7398
0         0   48.7246
0         0   48.7086
0         0   48.6914
0         0   48.6741
0         0    48.658
0         0   48.6395
0         0   48.6236
0         0   48.6041
0         0   48.5911
0         0   48.5719
0         0   48.5586
0         0   48.5408
0         0   48.5257
0         0   48.5067
0         0   48.4914
0         0   48.4726
0         0   48.4583
0         0   48.4402
0         0   48.4233
0         0   48.4062
0         0   48.3875
0         0   48.3719
0         0    48.355
0         0   48.3364
0         0   48.3204
0         0   48.3028
0         0   48.2879
0         0   48.2692
0         0   48.2543
0         0   48.2378
0         0   48.2219
0         0   48.2026
0         0   48.1875
0         0   48.1699
0         0   48.1524
0         0   48.1371
0         0   48.1194
0         0   48.1041
0         0   48.0861
0         0     48.07
0         0   48.0515
0         0   48.0371
0         0   48.0167
0         0   48.0039
0         0   47.9836
0         0   47.9692
0         0   47.9507
0         0   47.9361
0         0   47.9186
0         0   47.9024
0         0   47.8852
0         0   47.8697
0         0   47.8505
0         0   47.8357
0         0   47.8168
0         0   47.8012
0         0   47.7853
0         0   47.7695
0         0   47.7511
0         0   47.7367
0         0   47.7175
0         0    47.702
0         0   47.6832
0         0   47.6675
0         0   47.6489
0         0   47.6335
0         0   47.6154
0         0   47.6002
0         0   47.5834
0         0   47.5669
0         0   47.5474
0         0   47.5325
0         0   47.5159
0         0    47.498
0         0   47.4824
0         0   47.4657
0         0   47.4482
0         0   47.4312
0         0    47.414
0         0   47.3964
0         0   47.3789
0         0   47.3618
0         0   47.3461
0         0   47.3296
0         0   47.3121
0         0   47.2961
0         0   47.2781
0         0   47.2611
0         0   47.2432
0         0   47.2276
0         0   47.2117
0         0   47.1937
0         0   47.1775
0         0   47.1607
0         0   47.1451
0         0   47.1279
0         0   47.1123
0         0   47.0943
0         0    47.079
0         0   47.0617
0         0   47.0455
0         0   47.0285
0         0   47.0115
0         0   46.9934
0         0   46.9768
0         0   46.9579
0         0   46.9438
0         0   46.9249
0         0   46.9102
0         0   46.8911
0         0   46.8766
0         0   46.8583
0         0    46.843
0         0   46.8244
0         0   46.8094
0         0   46.7912
0         0   46.7759
0         0   46.7575
0         0   46.7409
0         0   46.7234
0         0   46.7072
0         0   46.6896
0         0   46.6742
0         0   46.6573
0         0   46.6415
0         0   46.6256
0         0   46.6086
0         0   46.5898
0         0   46.5743
0         1   46.5572
0         1   46.5409
0         1   46.5234
0         1    46.507
0         1    46.489
0         1   46.4741
0         1   46.4551
0         1   46.4401
0         1    46.423
0         1   46.4055
0         1   46.3886
0         1   46.3725
0         1    46.356
0         1   46.3386
0         1    46.322
0         1    46.306
0         1   46.2889
0         1   46.2719
0         1   46.2555
0         1   46.2391
0         1   46.2226
0         1   46.2043
0         1   46.1877
0         1   46.1715
0         1   46.1545
0         1   46.1381
0         1   46.1204
0         1   46.1039
0         1   46.0867
0         1   46.0697
0         1   46.0539
0         1   46.0359
0         1     46.02
0         1    46.002
0         1   45.9873
0         1   45.9695
0         1   45.9534
0         1   45.9357
0         1     45.92
0         1   45.9016
0         1   45.8865
0         1   45.8686
0         1   45.8532
0         1   45.8341
0         1   45.8181
0         1   45.8009
0         1   45.7851
0         1   45.7668
0         1   45.7504
0         1    45.732
0         1   45.7155
0         1   45.6953
0         1    45.682
0         1   45.6643
0         1   45.6494
0         1   45.6299
0         1   45.6159
0         1   45.5987
0         1    45.582
0         1   45.5637
0         1   45.5477
0         1    45.528
0         1   45.5115
0         1   45.4949
0         1   45.4798
0         1   45.4608
0         1   45.4476
0         1   45.4303
0         1   45.4157
0         1   45.3973
0         1   45.3803
0         1   45.3637
0         1   45.3463
0         1   45.3295
0         1   45.3137
0         1   45.2964
0         1   45.2805
0         1    45.263
0         1   45.2455
0         1   45.2292
0         1   45.2122
0         1   45.1966
0         1   45.1791
0         1    45.163
0         1    45.147
0         1   45.1302
0         1   45.1117
0         1   45.0955
0         1   45.0766
0         1   45.0626
0         1   45.0437
0         1    45.028
0         1   45.0095
0         1    44.995
0         1   44.9767
0         1   44.9613
0         1   44.9433
0         1   44.9288
0         1   44.9102
0         1   44.8937
0         1   44.8746
0         1   44.8596
0         1   44.8374
0         1    44.827
0         1   44.8084
0         1   44.7929
0         1   44.7756
0         1   44.7604
0         1   44.7406
0         1   44.7259
0         1   44.7077
0         1   44.6906
0         1   44.6727
0         1   44.6595
0         1   44.6402
0         1   44.6259
0         1   44.6077
0         1   44.5919
0         1   44.5732
0         1   44.5586
0         1   44.5413
0         1   44.5247
0         1    44.507
0         1   44.4911
0         1   44.4744
0         1   44.4583
0         1   44.4409
0         1   44.4233
0         1   44.4068
0         1     44.39
0         1   44.3725
0         1   44.3559
0         1   44.3377
0         1   44.3223
0         1   44.3057
0         1   44.2882
0         1   44.2723
0         1   44.2555
0         1   44.2373
0         1   44.2215
0         1   44.2036
0         1   44.1871
0         1     44.17
0         1   44.1531
0         1    44.136
0         1   44.1201
0         1   44.1024
0         1   44.0861
0         1   44.0693
0         1   44.0527
0         1   44.0356
0         1     44.02
0         1   44.0029
0         1   43.9866
0         1     43.97
0         1   43.9528
0         1    43.936
0         1   43.9183
0         1   43.9025
0         1   43.8847
0         1   43.8691
0         1   43.8514
0         1   43.8355
0         1   43.8199
0         1   43.8021
0         1   43.7853
0         1   43.7684
0         1   43.7504
0         1   43.7362
0         1   43.7184
0         1   43.7023
0         1   43.6852
0         1   43.6686
0         1   43.6502
0         1   43.6346
0         1   43.6161
0         1   43.6003
0         1   43.5816
0         1   43.5663
0         1   43.5489
0         1   43.5327
0         1   43.5165
0         1   43.5002
0         1   43.4825
0         1   43.4663
0         1   43.4501
0         1   43.4322
0         1   43.4139
0         1   43.3987
0         1   43.3817
0         1   43.3656
0         1   43.3471
0         1    43.332
0         1   43.3153
0         1   43.2983
0         1   43.2817
0         1   43.2646
0         1   43.2483
0         1   43.2298
0         1   43.2149
0         1   43.1973
0         1   43.1814
0         1   43.1656
0         1   43.1475
0         1   43.1287
0         1   43.1143
0         1   43.0984
0         1   43.0809
0         1   43.0608
0         1   43.0481
0         1     43.03
0         1   43.0141
0         1   42.9961
0         1   42.9808
0         1   42.9602
0         1   42.9467
0         1   42.9278
0         1   42.9126
0         1   42.8943
0         1     42.88
0         1   42.8612
0         1   42.8456
0         1   42.8261
0         1   42.8109
0         1    42.795
0         1   42.7794
0         1   42.7616
0         1   42.7462
0         1   42.7295
0         1   42.7132
0         1   42.6954
0         1   42.6797
0         1   42.6618
0         1   42.6453
0         1   42.6286
0         1   42.6124
0         1   42.5951
0         1   42.5779
0         1   42.5613
0         1   42.5453
0         1   42.5284
0         1   42.5118
0         1    42.495
0         1    42.479
0         1   42.4622
0         1   42.4457
0         1   42.4276
0         1   42.4117
0         1   42.3958
0         1   42.3786
0         1   42.3617
0         1   42.3459
0         1   42.3294
0         1   42.3118
0         1   42.2948
0         1   42.2782
0         1   42.2604
0         1   42.2434
0         1   42.2293
0         1   42.2093
0         1   42.1953
0         1   42.1771
0         1   42.1626
0         1    42.146
0         1   42.1292
0         1   42.1104
0         1   42.0968
0         1   42.0797
0         1   42.0612
0         1   42.0462
0         1   42.0289
0         1   42.0127
0         1   41.9939
0         1   41.9769
0         1   41.9597
0         1   41.9426
0         1   41.9259
0         1   41.9084
0         1   41.8897
0         1   41.8737
0         1   41.8569
0         1   41.8391
0         1   41.8221
0         1   41.8045
0         1    41.789
0         1   41.7717
0         1   41.7538
0         1   41.7383
0         1   41.7217
0         1   41.7045
0         1   41.6877
0         1   41.6713
0         1   41.6529
0         1   41.6375
0         1   41.6221
0         1   41.6051
0         1   41.5864
0         1   41.5708
0         1   41.5537
0         1   41.5379
0         1   41.5188
0         1   41.5037
0         1   41.4865
0         1   41.4706
0         1   41.4515
0         1   41.4367
0         1   41.4191
0         1    41.404
0         1   41.3871
0         1   41.3697
0         1   41.3534
0         1   41.3371
0         1   41.3179
0         1   41.3036
0         1   41.2863
0         1   41.2706
0         1    41.254
0         1   41.2377
0         1   41.2201
0         1   41.2038
0         1   41.1869
0         1   41.1691
0         1    41.153
0         1   41.1363
0         1   41.1192
0         1   41.1039
0         1   41.0866
0         1   41.0686
0         1   41.0515
0         1   41.0348
0         1   41.0178
0         1    40.999
0         1   40.9841
0         1   40.9642
0         1   40.9512
0         1   40.9339
0         1   40.9168
0         1   40.9007
0         1    40.884
0         1   40.8674
0         1   40.8509
0         1   40.8316
0         1   40.8168
0         1   40.7987
0         1   40.7826
0         1   40.7638
0         1   40.7491
0         1   40.7302
0         1   40.7139
0         1   40.6975
0         1   40.6805
0         1   40.6635
0         1   40.6473
0         1   40.6301
0         1   40.6121
0         1   40.5962
0         1   40.5813
0         1   40.5612
0         1   40.5477
0         1   40.5272
0         1   40.5137
0         1   40.4965
0         1   40.4811
0         1   40.4615
0         1   40.4475
0         1   40.4293
0         1   40.4148
0         1   40.3975
0         1   40.3794
0         1   40.3637
0         1   40.3473
0         1   40.3297
0         1   40.3127
0         1   40.2962
0         1   40.2794
0         1   40.2611
0         1   40.2457
0         1   40.2283
0         1    40.212
0         1   40.1952
0         1    40.178
0         1   40.1618
0         1   40.1453
0         1   40.1283
0         1   40.1119
0         1   40.0955
0         1    40.079
0         1   40.0618
0         1   40.0465
0         1   40.0296
0         1   40.0126
0         1   39.9966
0         1   39.9778
0         1   39.9624
0         1   39.9452
0         1   39.9279
0         1   39.9105
0         1    39.893
0         1   39.8765
0         1   39.8592
0         1   39.8419
0         1   39.8261
0         1   39.8072
0         1   39.7914
0         1   39.7739
0         1   39.7587
0         1   39.7412
0         1   39.7266
0         1   39.7065
0         1   39.6926
0         1   39.6736
0         1   39.6593
0         1   39.6412
0         1   39.6263
0         1   39.6089
0         1    39.592
0         1   39.5742
0         1   39.5581
0         1     39.54
0         1   39.5241
0         1   39.5052
0         1   39.4909
0         1   39.4733
0         1   39.4573
0         1     39.44
0         1    39.423
0         1   39.4018
0         1    39.389
0         1   39.3722
0         1    39.354
0         1   39.3392
0         1   39.3221
0         1   39.3059
0         1   39.2893
0         1   39.2716
0         1   39.2562
0         1   39.2388
0         1   39.2239
0         1   39.2062
0         1   39.1914
0         1   39.1736
0         1   39.1563
0         1   39.1388
0         1   39.1238
0         1   39.1055
0         1   39.0896
0         1   39.0716
0         1   39.0563
0         1   39.0385
0         1   39.0219
0         1   39.0068
0         1   38.9893
0         1   38.9724
0         1   38.9558
0         1   38.9396
0         1   38.9216
0         1   38.9062
0         1   38.8898
0         1   38.8728
0         1   38.8544
0         1   38.8386
0         1   38.8213
0         1   38.8057
0         1    38.788
0         1   38.7718
0         1   38.7544
0         1    38.739
0         1   38.7195
0         1   38.7051
0         1   38.6861
0         1   38.6712
0         1    38.654
0         1   38.6384
0         1   38.6199
0         1   38.6032
0         1   38.5851
0         1   38.5718
0         1   38.5529
0         1   38.5361
0         1   38.5201
0         1   38.5038
0         1   38.4832
0         1   38.4691
0         1   38.4529
0         1   38.4366
0         1   38.4194
0         1   38.4024
0         1   38.3838
0         1   38.3691
0         1    38.352
0         1    38.336
0         1   38.3152
0         1   38.3008
0         1    38.283
0         1   38.2667
0         1   38.2488
0         1   38.2336
0         1    38.216
0         1   38.2011
0         1   38.1848
0         1   38.1675
0         1   38.1507
0         1   38.1343
0         1   38.1175
0         1   38.1011
0         1   38.0847
0         1   38.0674
0         1     38.05
0         1   38.0312
0         1   38.0154
0         1   37.9969
0         1   37.9812
0         1   37.9647
0         1   37.9476
0         1   37.9299
0         1   37.9135
0         1   37.8973
0         1   37.8801
0         1   37.8599
0         1   37.8471
0         1   37.8301
0         1   37.8143
0         1   37.7957
0         1   37.7797
0         1   37.7614
0         1   37.7456
0         1   37.7265
0         1   37.7103
0         1   37.6933
0         1    37.678
0         1   37.6587
0         1   37.6443
0         1   37.6252
0         1   37.6097
0         1   37.5915
0         1   37.5779
0         1   37.5613
0         1   37.5443
0         1   37.5271
0         1     37.51
0         1   37.4932
0         1   37.4775
0         1     37.46
0         1    37.444
0         1   37.4268
0         1   37.4114
0         1   37.3935
0         1   37.3786
0         1    37.362
0         1   37.3463
0         1   37.3288
0         1   37.3126
0         1   37.2949
0         1   37.2786
0         1   37.2616
0         1   37.2455
0         1   37.2276
0         1   37.2108
0         1   37.1936
0         1   37.1771
0         1   37.1585
0         1   37.1419
0         1   37.1263
0         1   37.1091
0         1   37.0914
0         1   37.0745
0         1   37.0567
0         1   37.0393
0         1   37.0234
0         1   37.0067
0         1   36.9893
0         1   36.9718
0         1    36.955
0         1   36.9379
0         1   36.9225
0         1   36.9066
0         1   36.8885
0         1   36.8722
0         1   36.8561
0         1   36.8388
0         1   36.8207
0         1   36.8056
0         1   36.7882
0         1   36.7725
0         1   36.7551
0         1   36.7377
0         1   36.7228
0         1   36.7041
0         1   36.6887
0         1   36.6709
0         1   36.6562
0         1   36.6374
0         1   36.6221
0         1   36.6043
0         1   36.5889
0         1   36.5711
0         1   36.5554
0         1   36.5365
0         1   36.5224
0         1   36.5024
0         1   36.4882
0         1   36.4691
0         1   36.4542
0         1   36.4344
0         1   36.4204
0         1   36.4019
0         1   36.3858
0         1   36.3666
0         1   36.3528
0         1   36.3341
0         1     36.32
0         1   36.3034
0         1   36.2865
0         1   36.2701
0         1   36.2526
0         1   36.2354
0         1   36.2189
0         1   36.2014
0         1   36.1851
0         1   36.1679
0         1    36.151
0         1   36.1346
0         1    36.117
0         1   36.1012
0         1   36.0837
0         1   36.0675
0         1    36.051
0         1   36.0346
0         1   36.0163
0         1   36.0012
0         1    35.984
0         1   35.9678
0         1   35.9514
0         1    35.934
0         1   35.9168
0         1   35.9001
0         1   35.8836
0         1   35.8677
0         1   35.8476
0         1    35.834
0         1   35.8166
0         1   35.8013
0         1   35.7834
0         1    35.769
0         1   35.7528
0         1   35.7366
0         1   35.7183
0         1    35.703
0         1   35.6849
0         1   35.6689
0         1   35.6521
0         1   35.6353
0         1   35.6202
0         1   35.6035
0         1   35.5873
0         1   35.5708
0         1   35.5531
0         1   35.5376
0         1   35.5209
0         1   35.5036
0         1   35.4883
0         1   35.4702
0         1    35.455
0         1    35.439
0         1   35.4226
0         1   35.4045
0         1   35.3896
0         1   35.3714
0         1   35.3548
0         1   35.3372
0         1   35.3215
0         1    35.303
0         1   35.2864
0         1   35.2706
0         1   35.2558
0         1   35.2374
0         1   35.2221
0         1   35.2034
0         1   35.1871
0         1    35.171
0         1   35.1535
0         1   35.1381
0         1   35.1211
0         1   35.1037
0         1   35.0865
0         1   35.0691
0         1   35.0541
0         1   35.0359
0         1   35.0205
0         1   35.0018
0         1   34.9872
0         1   34.9691
0         1   34.9534
0         1   34.9364
0         1   34.9204
0         1   34.9028
0         1   34.8856
0         1   34.8698
0         1   34.8502
0         1    34.837
0         1   34.8197
0         1   34.8031
0         1   34.7836
0         1    34.769
0         1   34.7505
0         1    34.734
0         1   34.7178
0         1   34.7017
0         1   34.6841
0         1   34.6686
0         1   34.6502
0         1    34.635
0         1   34.6178
0         1   34.6011
0         1   34.5832
0         1   34.5662
0         1   34.5497
0         1   34.5338
0         1   34.5159
0         1   34.4992
0         1   34.4818
0         1   34.4662
0         1   34.4478
0         1    34.432
0         1    34.413
0         1   34.3967
0         1    34.378
0         1   34.3629
0         1   34.3462
0         1   34.3285
0         1   34.3124
0         1   34.2957
0         1   34.2783
0         1   34.2609
0         1   34.2453
0         1   34.2289
0         1   34.2115
0         1   34.1958
0         1   34.1781
0         1   34.1628
0         1    34.147
0         1   34.1285
0         1   34.1127
0         1   34.0956
0         1   34.0792
0         1   34.0615
0         1   34.0455
0         1   34.0283
0         1   34.0115
0         1   33.9921
0         1   33.9777
0         1     33.96
0         1   33.9442
0         1   33.9259
0         1   33.9101
0         1   33.8918
0         1   33.8755
0         1   33.8583
0         1   33.8418
0         1    33.825
0         1    33.809
0         1   33.7884
0         1   33.7741
0         1   33.7566
0         1   33.7397
0         1   33.7234
0         1   33.7078
0         1   33.6899
0         1   33.6739
0         1   33.6563
0         1   33.6411
0         1   33.6232
0         1   33.6062
0         1   33.5913
0         1   33.5745
0         1   33.5573
0         1   33.5411
0         1   33.5245
0         1   33.5079
0         1   33.4918
0         1   33.4762
0         1   33.4591
0         1   33.4426
0         1   33.4255
0         1   33.4095
0         1   33.3922
0         1   33.3746
0         1   33.3595
0         1   33.3439
0         1   33.3268
0         1     33.31
0         1   33.2922
0         1   33.2763
0         1   33.2597
0         1   33.2425
0         1   33.2261
0         1   33.2096
0         1   33.1925
0         1    33.174
0         1   33.1574
0         1   33.1406
0         1    33.123
0         1   33.1065
0         1   33.0914
0         1   33.0719
0         1   33.0579
0         1   33.0392
0         1   33.0247
0         1   33.0056
0         1   32.9913
0         1   32.9724
0         1   32.9595
0         1   32.9419
0         1    32.927
0         1   32.9082
0         1   32.8928
0         1   32.8753
0         1   32.8604
0         1   32.8416
0         1   32.8238
0         1   32.8093
0         1   32.7917
0         1   32.7766
0         1   32.7581
0         1   32.7411
0         1    32.724
0         1   32.7079
0         1   32.6903
0         1   32.6728
0         1   32.6555
0         1   32.6403
0         1   32.6203
0         1   32.6047
0         1   32.5836
0         1   32.5711
0         1   32.5521
0         1   32.5367
0         1   32.5181
0         1   32.5025
0         1   32.4854
0         1   32.4689
0         1   32.4518
0         1    32.435
0         1   32.4185
0         1   32.4011
0         1   32.3847
0         1    32.367
0         1   32.3512
0         1   32.3345
0         1   32.3175
0         1    32.301
0         1   32.2836
0         1   32.2666
0         1   32.2483
0         1    32.233
0         1   32.2158
0         1   32.1993
0         1   32.1813
0         1   32.1666
0         1   32.1467
0         1   32.1322
0         1   32.1148
0         1   32.0983
0         1   32.0783
0         1   32.0635
0         1    32.047
0         1   32.0311
0         1    32.011
0         1   31.9955
0         1   31.9776
0         1   31.9625
0         1   31.9442
0         1   31.9287
0         1   31.9111
0         1   31.8945
0         1   31.8761
0         1   31.8603
0         1   31.8416
0         1   31.8261
0         1   31.8078
0         1   31.7929
0         1   31.7746
0         1    31.759
0         1   31.7417
0         1   31.7247
0         1    31.706
0         1   31.6913
0         1   31.6736
0         1   31.6578
0         1   31.6417
0         1   31.6242
0         1   31.6075
0         1   31.5901
0         1   31.5724
0         1    31.556
0         1   31.5395
0         1   31.5212
0         1   31.5037
0         1   31.4878
0         1   31.4702
0         1   31.4529
0         1   31.4355
0         1   31.4191
0         1   31.4025
0         1   31.3848
0         1    31.368
0         1   31.3497
0         1   31.3343
0         1   31.3163
0         1   31.2996
0         1   31.2824
0         1    31.266
0         1   31.2484
0         1   31.2313
0         1   31.2146
0         1    31.199
0         1   31.1838
0         1   31.1673
0         1   31.1489
0         1   31.1328
0         1   31.1145
0         1   31.1004
0         1   31.0813
0         1   31.0664
0         1   31.0506
0         1   31.0337
0         1   31.0151
0         1   31.0006
0         1   30.9814
0         1   30.9659
0         1   30.9481
0         1   30.9328
0         1   30.9165
0         1   30.8999
0         1    30.882
0         1   30.8669
0         1   30.8497
0         1   30.8322
0         1   30.8145
0         1   30.7982
0         1     30.78
0         1   30.7639
0         1   30.7456
0         1   30.7301
0         1   30.7114
0         1   30.6953
0         1   30.6786
0         1   30.6607
0         1   30.6452
0         1   30.6278
0         1   30.6116
0         1   30.5919
0         1   30.5775
0         1   30.5601
0         1   30.5445
0         1   30.5278
0         1   30.5122
0         1   30.4963
0         1   30.4792
0         1   30.4617
0         1   30.4445
0         1   30.4269
0         1   30.4119
0         1   30.3946
0         1    30.378
0         1   30.3601
0         1   30.3451
0         1   30.3273
0         1   30.3125
0         1   30.2947
0         1   30.2787
0         1   30.2606
0         1   30.2447
0         1   30.2285
0         1   30.2115
0         1   30.1944
0         1   30.1783
0         1   30.1613
0         1   30.1435
0         1   30.1266
0         1   30.1093
0         1   30.0927
0         1   30.0757
0         1   30.0594
0         1   30.0416
0         1   30.0263
0         1   30.0073
0         1   29.9934
0         1   29.9764
0         1   29.9607
0         1   29.9424
0         1   29.9276
0         1   29.9095
0         1   29.8946
0         1   29.8767
0         1    29.861
0         1   29.8427
0         1    29.827
0         1   29.8094
0         1   29.7919
0         1   29.7746
0         1   29.7593
0         1   29.7427
0         1   29.7263
0         1   29.7088
0         1   29.6913
0         1    29.676
0         1   29.6598
0         1   29.6418
0         1   29.6255
0         1   29.6076
0         1   29.5914
0         1   29.5754
0         1   29.5593
0         1   29.5429
0         1   29.5256
0         1   29.5099
0         1   29.4914
0         1   29.4758
0         1   29.4595
0         1    29.443
0         1   29.4242
0         1   29.4089
0         1   29.3903
0         1   29.3762
0         1   29.3584
0         1    29.343
0         1   29.3237
0         1   29.3088
0         1   29.2928
0         1   29.2764
0         1   29.2579
0         1   29.2423
0         1   29.2257
0         1   29.2098
0         1   29.1921
0         1   29.1763
0         1   29.1575
0         1   29.1429
0         1   29.1259
0         1   29.1084
0         1   29.0918
0         1   29.0747
0         1   29.0579
0         1   29.0416
0         1    29.025
0         1   29.0089
0         1    28.992
0         1   28.9755
0         1   28.9585
0         1   28.9423
0         1   28.9253
0         1   28.9078
0         1   28.8913
0         1   28.8744
0         1   28.8575
0         1   28.8407
0         1   28.8232
0         1   28.8067
0         1   28.7873
0         1   28.7715
0         1   28.7542
0         1   28.7366
0         1   28.7216
0         1   28.7034
0         1   28.6879
0         1   28.6693
0         1   28.6542
0         1   28.6365
0         1   28.6204
0         1   28.6025
0         1   28.5871
0         1   28.5686
0         1   28.5537
0         1   28.5357
0         1    28.521
0         1   28.5019
0         1   28.4872
0         1   28.4686
0         1    28.453
0         1   28.4345
0         1   28.4198
0         1   28.3988
0         1   28.3851
0         1   28.3681
0         1   28.3505
0         1   28.3311
0         1   28.3176
0         1   28.3004
0         1   28.2841
0         1   28.2666
0         1   28.2506
0         1   28.2345
0         1   28.2178
0         1   28.2007
0         1   28.1832
0         1   28.1675
0         1   28.1504
0         1   28.1337
0         1   28.1162
0         1   28.1005
0         1   28.0837
0         1   28.0669
0         1   28.0499
0         1   28.0342
0         1   28.0186
0         1   28.0016
0         1   27.9838
0         1   27.9667
0         1   27.9501
0         1   27.9353
0         1    27.918
0         1   27.9025
0         1   27.8851
0         1   27.8693
0         1   27.8513
0         1   27.8353
0         1   27.8188
0         1   27.8021
0         1   27.7839
0         1   27.7689
0         1    27.751
0         1   27.7349
0         1   27.7191
0         1   27.7027
0         1   27.6853
0         1   27.6686
0         1    27.651
0         1   27.6355
0         1   27.6186
0         1   27.6014
0         1   27.5847
0         1   27.5665
0         1   27.5505
0         1   27.5342
0         1   27.5176
0         1   27.5011
0         1   27.4849
0         1   27.4667
0         1    27.451
0         1   27.4331
0         1   27.4172
0         1   27.3991
0         1   27.3823
0         1   27.3647
0         1   27.3492
0         1   27.3314
0         1   27.3156
0         1   27.2969
0         1   27.2812
0         1   27.2642
0         1   27.2479
0         1   27.2288
0         1   27.2148
0         1   27.1987
0         1   27.1805
0         1   27.1637
0         1   27.1478
0         1    27.131
0         1   27.1143
0         1    27.094
0         1     27.08
0         1   27.0622
0         1   27.0456
0         1   27.0279
0         1   27.0103
0         1   26.9926
0         1   26.9772
0         1   26.9592
0         1   26.9425
0         1   26.9264
0         1   26.9098
0         1   26.8932
0         1   26.8771
0         1   26.8595
0         1    26.844
0         1   26.8272
0         1   26.8107
0         1   26.7936
0         1   26.7776
0         1   26.7597
0         1   26.7426
0         1   26.7238
0         1   26.7076
0         1   26.6897
0         1   26.6747
0         1   26.6578
0         1   26.6406
0         1   26.6238
0         1   26.6073
0         1   26.5908
0         1   26.5725
0         1   26.5558
0         1   26.5386
0         1   26.5216
0         1   26.5056
0         1   26.4886
0         1   26.4714
0         1   26.4559
0         1   26.4376
0         1   26.4215
0         1    26.404
0         1   26.3874
0         1   26.3693
0         1    26.354
0         1   26.3357
0         1   26.3204
0         1   26.3019
0         1   26.2865
0         1   26.2707
0         1   26.2542
0         1   26.2368
0         1   26.2204
0         1   26.2032
0         1   26.1879
0         1   26.1702
0         1   26.1544
0         1   26.1377
0         1   26.1214
0         1   26.1054
0         1   26.0887
0         1   26.0724
0         1   26.0569
0         1   26.0408
0         1   26.0235
0         1   26.0081
0         1   25.9911
0         1   25.9741
0         1   25.9569
0         1   25.9412
0         1   25.9234
0         1    25.908
0         1   25.8898
0         1   25.8735
0         1    25.857
0         1   25.8415
0         1    25.823
0         1   25.8075
0         1   25.7905
0         1   25.7739
0         1   25.7545
0         1   25.7397
0         1   25.7215
0         1   25.7061
0         1    25.688
0         1   25.6723
0         1   25.6548
0         1    25.638
0         1   25.6201
0         1   25.6031
0         1   25.5853
0         1   25.5695
0         1   25.5511
0         1   25.5355
0         1   25.5166
0         1    25.503
0         1   25.4841
0         1    25.469
0         1   25.4499
0         1   25.4362
0         1    25.418
0         1   25.4028
0         1   25.3858
0         1   25.3691
0         1   25.3515
0         1    25.336
0         1    25.315
0         1   25.3016
0         1   25.2846
0         1   25.2682
0         1   25.2509
0         1   25.2343
0         1   25.2182
0         1   25.2012
0         1   25.1854
0         1   25.1696
0         1   25.1528
0         1   25.1329
0         1   25.1188
0         1   25.1014
0         1    25.086
0         1   25.0675
0         1   25.0521
0         1   25.0344
0         1   25.0189
0         1   25.0003
0         1   24.9864
0         1   24.9679
0         1   24.9519
0         1   24.9353
0         1   24.9184
0         1   24.9005
0         1   24.8835
0         1   24.8674
0         1   24.8505
0         1   24.8331
0         1   24.8165
0         1   24.7993
0         1    24.784
0         1   24.7668
0         1   24.7503
0         1   24.7324
0         1   24.7161
0         1   24.6993
0         1   24.6818
0         1   24.6664
0         1   24.6507
0         1   24.6334
0         1   24.6162
0         1   24.6006
0         1   24.5828
0         1   24.5659
0         1   24.5481
0         1   24.5321
0         1   24.5146
0         1    24.498
0         1   24.4811
0         1   24.4651
0         1   24.4474
0         1   24.4318
0         1   24.4141
0         1   24.3985
0         1   24.3812
0         1   24.3655
0         1   24.3466
0         1   24.3307
0         1   24.3135
0         1   24.2977
0         1   24.2804
0         1   24.2656
0         1   24.2472
0         1   24.2327
0         1   24.2145
0         1   24.1997
0         1   24.1834
0         1   24.1668
0         1   24.1491
0         1   24.1321
0         1   24.1154
0         1    24.099
0         1   24.0809
0         1   24.0642
0         1   24.0456
0         1   24.0304
0         1   24.0094
0         1   23.9978
0         1   23.9803
0         1   23.9626
0         1   23.9442
0         1    23.929
0         1   23.9087
0         1   23.8938
0         1   23.8763
0         1   23.8587
0         1   23.8386
0         1   23.8229
0         1   23.8054
0         1   23.7905
0         1    23.771
0         1   23.7545
0         1   23.7363
0         1   23.7215
0         1   23.7029
0         1   23.6887
0         1    23.671
0         1   23.6545
0         1    23.639
0         1   23.6231
0         1    23.606
0         1   23.5898
0         1   23.5716
0         1   23.5544
0         1   23.5381
0         1    23.522
0         1   23.5048
0         1   23.4885
0         1   23.4704
0         1   23.4547
0         1   23.4381
0         1   23.4197
0         1   23.4043
0         1   23.3866
0         1   23.3702
0         1   23.3522
0         1   23.3379
0         1   23.3201
0         1   23.3049
0         1   23.2877
0         1   23.2725
0         1   23.2531
0         1   23.2388
0         1   23.2207
0         1   23.2069
0         1   23.1901
0         1   23.1727
0         1   23.1557
0         1   23.1396
0         1   23.1223
0         1   23.1058
0         1   23.0851
0         1   23.0703
0         1   23.0534
0         1   23.0367
0         1   23.0185
0         1   23.0029
0         1   22.9866
0         1   22.9697
0         1   22.9519
0         1   22.9364
0         1   22.9191
0         1   22.9026
0         1   22.8848
0         1   22.8685
0         1   22.8502
0         1   22.8347
0         1   22.8174
0         1   22.7998
0         1   22.7835
0         1   22.7669
0         1   22.7494
0         1   22.7326
0         1   22.7159
0         1   22.6997
0         1   22.6817
0         1   22.6649
0         1   22.6484
0         1   22.6306
0         1   22.6137
0         1   22.5969
0         1   22.5805
0         1   22.5632
0         1   22.5469
0         1   22.5305
0         1   22.5119
0         1   22.4968
0         1   22.4792
0         1   22.4624
0         1   22.4443
0         1   22.4286
0         1   22.4105
0         1    22.393
0         1    22.375
0         1   22.3591
0         1    22.341
0         1   22.3235
0         1   22.3061
0         1   22.2908
0         1   22.2744
0         1   22.2583
0         1   22.2411
0         1   22.2245
0         1   22.2071
0         1   22.1899
0         1   22.1741
0         1   22.1561
0         1   22.1404
0         1   22.1215
0         1   22.1071
0         1   22.0904
0         1   22.0728
0         1   22.0534
0         1   22.0382
0         1   22.0193
0         1   22.0042
0         1   21.9867
0         1   21.9689
0         1   21.9527
0         1    21.936
0         1   21.9176
0         1   21.9018
0         1   21.8837
0         1   21.8694
0         1    21.851
0         1   21.8359
0         1   21.8163
0         1   21.8009
0         1   21.7837
0         1   21.7662
0         1    21.748
0         1    21.732
0         1   21.7139
0         1   21.6969
0         1   21.6798
0         1   21.6638
0         1   21.6468
0         1   21.6311
0         1   21.6134
0         1   21.5983
0         1   21.5803
0         1   21.5651
0         1   21.5468
0         1   21.5323
0         1   21.5148
0         1   21.4989
0         1     21.48
0         1   21.4643
0         1   21.4487
0         1    21.431
0         1   21.4125
0         1   21.3974
0         1   21.3791
0         1   21.3623
0         1   21.3475
0         1   21.3302
0         1   21.3125
0         1   21.2977
0         1   21.2791
0         1   21.2633
0         1   21.2464
0         1   21.2304
0         1   21.2106
0         1   21.1955
0         1   21.1789
0         1   21.1625
0         1   21.1455
0         1   21.1281
0         1   21.1112
0         1   21.0945
0         1   21.0778
0         1   21.0615
0         1   21.0446
0         1   21.0278
0         1   21.0115
0         1   20.9948
0         1   20.9779
0         1   20.9598
0         1   20.9437
0         1   20.9256
0         1   20.9112
0         1   20.8936
0         1   20.8777
0         1   20.8589
0         1   20.8443
0         1   20.8279
0         1   20.8113
0         1   20.7948
0         1   20.7783
0         1    20.762
0         1   20.7457
0         1   20.7285
0         1   20.7094
0         1   20.6959
0         1   20.6791
0         1   20.6624
0         1   20.6454
0         1   20.6271
0         1   20.6115
0         1   20.5898
0         1   20.5766
0         1   20.5579
0         1   20.5436
0         1   20.5242
0         1   20.5102
0         1   20.4929
0         1   20.4762
0         1   20.4591
0         1    20.443
0         1   20.4243
0         1   20.4093
0         1   20.3906
0         1   20.3754
0         1   20.3567
0         1   20.3427
0         1   20.3235
0         1   20.3089
0         1   20.2908
0         1   20.2754
0         1   20.2568
0         1   20.2415
0         1   20.2222
0         1   20.2076
0         1   20.1906
0         1   20.1756
0         1   20.1562
0         1   20.1414
0         1   20.1231
0         1   20.1069
0         1   20.0887
0         1   20.0742
0         1   20.0569
0         1   20.0408
0         1   20.0242
0         1   20.0079
0         1   19.9892
0         1   19.9739
0         1    19.957
0         1     19.94
0         1   19.9221
0         1    19.906
0         1   19.8889
0         1   19.8723
0         1   19.8561
0         1   19.8391
0         1   19.8229
0         1   19.8059
0         1   19.7892
0         1   19.7721
0         1   19.7559
0         1   19.7395
0         1   19.7237
0         1   19.7048
0         1   19.6887
0         1   19.6716
0         1   19.6561
0         1   19.6367
0         1   19.6209
0         1   19.6023
0         1   19.5877
0         1    19.569
0         1   19.5527
0         1   19.5336
0         1   19.5181
0         1   19.4988
0         1   19.4846
0         1   19.4656
0         1   19.4503
0         1    19.433
0         1   19.4169
0         1   19.3986
0         1   19.3829
0         1   19.3639
0         1   19.3478
0         1   19.3312
0         1   19.3151
0         1   19.2965
0         1   19.2811
0         1   19.2622
0         1   19.2461
0         1    19.227
0         1   19.2115
0         1   19.1928
0         1   19.1783
0         1   19.1603
0         1   19.1432
0         1    19.126
0         1    19.108
0         1   19.0919
0         1   19.0753
0         1   19.0573
0         1   19.0417
0         1   19.0235
0         1   19.0071
0         1   18.9885
0         1   18.9742
0         1   18.9564
0         1    18.941
0         1   18.9235
0         1   18.9081
0         1   18.8911
0         1   18.8746
0         1   18.8583
0         1    18.841
0         1    18.824
0         1   18.8082
0         1   18.7897
0         1   18.7741
0         1   18.7585
0         1   18.7419
0         1   18.7239
0         1   18.7088
0         1   18.6915
0         1   18.6749
0         1   18.6578
0         1    18.641
0         1   18.6231
0         1   18.6069
0         1   18.5903
0         1   18.5744
0         1   18.5574
0         1   18.5404
0         1   18.5237
0         1   18.5073
0         1   18.4904
0         1   18.4728
0         1   18.4565
0         1   18.4366
0         1   18.4203
0         1   18.4059
0         1   18.3881
0         1   18.3713
0         1   18.3537
0         1   18.3378
0         1   18.3203
0         1    18.304
0         1   18.2867
0         1   18.2696
0         1   18.2522
0         1   18.2358
0         1   18.2183
0         1   18.2019
0         1   18.1847
0         1   18.1686
0         1   18.1513
0         1   18.1348
0         1   18.1184
0         1   18.1013
0         1   18.0832
0         1   18.0667
0         1   18.0508
0         1   18.0345
0         1   18.0179
0         1   17.9993
0         1    17.984
0         1   17.9669
0         1   17.9504
0         1   17.9328
0         1   17.9159
0         1   17.8983
0         1   17.8813
0         1   17.8649
0         1   17.8479
0         1   17.8302
0         1   17.8133
0         1   17.7974
0         1   17.7808
0         1   17.7634
0         1   17.7446
0         1   17.7278
0         1   17.7127
0         1   17.6953
0         1   17.6789
0         1   17.6602
0         1    17.645
0         1   17.6276
0         1   17.6115
0         1   17.5932
0         1   17.5773
0         1   17.5587
0         1   17.5436
0         1   17.5263
0         1   17.5109
0         1   17.4931
0         1   17.4779
0         1   17.4602
0         1   17.4441
0         1   17.4284
0         1   17.4127
0         1   17.3955
0         1   17.3799
0         1   17.3628
0         1   17.3458
0         1   17.3295
0         1   17.3128
0         1   17.2969
0         1   17.2795
0         1   17.2635
0         1   17.2472
0         1   17.2291
0         1   17.2117
0         1   17.1955
0         1   17.1796
0         1   17.1624
0         1   17.1463
0         1   17.1286
0         1   17.1122
0         1   17.0949
0         1   17.0782
0         1   17.0627
0         1   17.0443
0         1   17.0297
0         1   17.0124
0         1   16.9961
0         1   16.9776
0         1   16.9629
0         1   16.9463
0         1   16.9299
0         1   16.9113
0         1   16.8959
0         1   16.8774
0         1   16.8609
0         1   16.8436
0         1   16.8277
0         1   16.8091
0         1   16.7934
0         1   16.7752
0         1   16.7593
0         1   16.7401
0         1    16.727
0         1   16.7074
0         1   16.6924
0         1   16.6745
0         1   16.6576
0         1   16.6401
0         1   16.6252
0         1   16.6086
0         1   16.5909
0         1   16.5753
0         1   16.5585
0         1   16.5416
0         1   16.5263
0         1   16.5088
0         1    16.492
0         1   16.4735
0         1   16.4577
0         1   16.4386
0         1   16.4241
0         1   16.4075
0         1   16.3915
0         1   16.3723
0         1   16.3571
0         1   16.3402
0         1   16.3247
0         1   16.3068
0         1   16.2908
0         1   16.2742
0         1   16.2583
0         1   16.2422
0         1   16.2262
0         1   16.2089
0         1   16.1929
0         1   16.1763
0         1   16.1591
0         1   16.1422
0         1   16.1252
0         1   16.1086
0         1   16.0918
0         1   16.0744
0         1   16.0581
0         1   16.0425
0         1   16.0237
0         1   16.0081
0         1    15.991
0         1   15.9745
0         1   15.9559
0         1    15.941
0         1   15.9223
0         1   15.9078
0         1   15.8886
0         1   15.8741
0         1   15.8541
0         1   15.8406
0         1   15.8217
0         1   15.8076
0         1   15.7881
0         1   15.7745
0         1   15.7569
0         1    15.739
0         1   15.7249
0         1   15.7081
0         1   15.6889
0         1   15.6744
0         1   15.6578
0         1   15.6416
0         1   15.6233
0         1   15.6067
0         1   15.5904
0         1    15.575
0         1   15.5564
0         1    15.539
0         1   15.5236
0         1   15.5068
0         1   15.4896
0         1   15.4743
0         1   15.4566
0         1   15.4404
0         1   15.4244
0         1   15.4073
0         1   15.3913
0         1   15.3725
0         1    15.357
0         1   15.3399
0         1   15.3239
0         1   15.3073
0         1   15.2914
0         1   15.2733
0         1   15.2571
0         1   15.2375
0         1   15.2225
0         1   15.2044
0         1   15.1899
0         1   15.1716
0         1   15.1568
0         1   15.1398
0         1   15.1222
0         1   15.1062
0         1   15.0896
0         1    15.073
0         1   15.0569
0         1   15.0385
0         1    15.023
0         1   15.0034
0         1   14.9885
0         1   14.9715
0         1   14.9559
0         1   14.9393
0         1   14.9224
0         1   14.9061
0         1   14.8893
0         1    14.871
0         1   14.8541
0         1   14.8372
0         1   14.8212
0         1   14.8032
0         1   14.7863
0         1   14.7691
0         1   14.7528
0         1   14.7354
0         1   14.7198
0         1   14.7023
0         1   14.6859
0         1    14.668
0         1   14.6521
0         1   14.6344
0         1    14.618
0         1    14.601
0         1   14.5849
0         1   14.5684
0         1   14.5494
0         1    14.534
0         1   14.5172
0         1   14.5009
0         1   14.4824
0         1   14.4657
0         1   14.4486
0         1   14.4328
0         1    14.416
0         1   14.3988
0         1   14.3817
0         1   14.3669
0         1    14.347
0         1   14.3331
0         1   14.3126
0         1    14.298
0         1   14.2799
0         1   14.2652
0         1   14.2491
0         1   14.2326
0         1   14.2127
0         1   14.1977
0         1     14.18
0         1   14.1637
0         1   14.1453
0         1   14.1292
0         1   14.1112
0         1   14.0974
0         1   14.0786
0         1   14.0626
0         1   14.0462
0         1   14.0313
0         1   14.0142
0         1   13.9985
0         1   13.9808
0         1   13.9636
0         1   13.9466
0         1   13.9307
0         1   13.9142
0         1   13.8974
0         1   13.8794
0         1   13.8637
0         1   13.8468
0         1   13.8301
0         1    13.813
0         1   13.7975
0         1   13.7804
0         1   13.7634
0         1   13.7474
0         1   13.7313
0         1   13.7146
0         1   13.6978
0         1   13.6799
0         1   13.6631
0         1   13.6469
0         1   13.6287
0         1   13.6129
0         1   13.5969
0         1   13.5799
0         1   13.5608
0         1   13.5467
0         1   13.5282
0         1   13.5122
0         1   13.4954
0         1   13.4786
0         1   13.4596
0         1   13.4436
0         1   13.4273
0         1    13.411
0         1   13.3933
0         1   13.3758
0         1   13.3608
0         1   13.3434
0         1   13.3256
0         1   13.3105
0         1   13.2922
0         1   13.2775
0         1   13.2581
0         1   13.2435
0         1   13.2265
0         1   13.2103
0         1   13.1924
0         1   13.1768
0         1   13.1604
0         1   13.1438
0         1   13.1257
0         1   13.1095
0         1   13.0901
0         1   13.0755
0         1   13.0558
0         1   13.0402
0         1   13.0225
0         1   13.0066
0         1   12.9888
0         1   12.9718
0         1   12.9558
0         1   12.9388
0         1   12.9182
0         1   12.9049
0         1   12.8872
0         1   12.8706
0         1   12.8535
0         1   12.8363
0         1   12.8192
0         1   12.8027
0         1   12.7853
0         1   12.7695
0         1   12.7523
0         1   12.7357
0         1   12.7185
0         1   12.7013
0         1   12.6838
0         1    12.668
0         1   12.6499
0         1    12.633
0         1   12.6147
0         1   12.5986
0         1   12.5817
0         1   12.5655
0         1   12.5474
0         1   12.5324
0         1   12.5157
0         1   12.4983
0         1   12.4823
0         1   12.4644
0         1   12.4505
0         1   12.4325
0         1    12.417
0         1   12.3995
0         1   12.3836
0         1   12.3663
0         1   12.3496
0         1   12.3328
0         1   12.3158
0         1   12.2994
0         1   12.2821
0         1   12.2632
0         1   12.2478
0         1   12.2312
0         1   12.2157
0         1   12.1981
0         1   12.1824
0         1   12.1643
0         1   12.1493
0         1   12.1324
0         1   12.1164
0         1   12.0983
0         1   12.0818
0         1   12.0655
0         1    12.048
0         1   12.0325
0         1   12.0158
0         1   11.9994
0         1   11.9812
0         1   11.9649
0         1   11.9473
0         1   11.9304
0         1   11.9132
0         1    11.896
0         1     11.88
0         1   11.8629
0         1   11.8466
0         1   11.8297
0         1   11.8111
0         1   11.7951
0         1   11.7768
0         1   11.7613
0         1   11.7443
0         1   11.7277
0         1   11.7092
0         1    11.694
0         1   11.6769
0         1   11.6602
0         1   11.6431
0         1   11.6261
0         1     11.61
0         1   11.5929
0         1   11.5765
0         1   11.5582
0         1   11.5429
0         1   11.5247
0         1   11.5089
0         1   11.4924
0         1   11.4758
0         1   11.4581
0         1   11.4429
0         1   11.4239
0         1    11.409
0         1   11.3911
0         1   11.3761
0         1   11.3582
0         1   11.3426
0         1   11.3237
0         1   11.3091
0         1   11.2908
0         1   11.2743
0         1   11.2566
0         1    11.242
0         1   11.2236
0         1   11.2072
0         1   11.1906
0         1    11.174
0         1    11.157
0         1   11.1391
0         1   11.1229
0         1   11.1067
0         1   11.0891
0         1   11.0737
0         1   11.0551
1         1   11.0392
1         1   11.0205
1         1   11.0044
1         1   10.9868
1         1   10.9702
1         1    10.954
1         1   10.9376
1         1   10.9207
1         1   10.9038
1         1   10.8857
1         1   10.8703
1         1   10.8534
1         1   10.8367
1         1   10.8188
1         1    10.803
1         1   10.7858
1         1   10.7694
1         1   10.7518
1         1   10.7364
1         1   10.7189
1         1   10.7021
1         1   10.6857
1         1   10.6685
1         1   10.6525
1         1   10.6366
1         1   10.6201
1         1    10.599
1         1   10.5864
1         1   10.5703
1         1   10.5543
1         1   10.5366
1         1   10.5209
1         1   10.5021
1         1    10.487
1         1   10.4693
1         1   10.4539
1         1   10.4352
1         1   10.4189
1         1   10.4025
1         1   10.3873
1         1   10.3688
1         1   10.3541
1         1    10.335
1         1   10.3192
1         1   10.3016
1         1   10.2857
1         1   10.2663
1         1   10.2504
1         1   10.2322
1         1   10.2166
1         1   10.1986
1         1   10.1823
1         1   10.1635
1         1   10.1478
1         1   10.1289
1         1   10.1128
1         1   10.0927
1         1   10.0784
1         1   10.0619
1         1    10.046
1         1   10.0287
1         1   10.0121
1         1   9.99332
1         1   9.97845
1         1   9.96001
1         1   9.94409
1         1   9.92815
1         1   9.91239
1         1   9.89518
1         1   9.87776
1         1   9.86184
1         1   9.84566
1         1    9.8267
1         1   9.81274
1         1   9.79538
1         1   9.77942
1         1   9.76263
1         1   9.74645
1         1   9.72923
1         1    9.7126
1         1   9.69545
1         1   9.67815
1         1   9.66151
1         1   9.64584
1         1   9.62874
1         1   9.61255
1         1   9.59578
1         1    9.5764
1         1   9.55938
1         1   9.54264
1         1   9.52702
1         1   9.50838
1         1   9.49275
1         1   9.47478
1         1   9.45929
1         1    9.4417
1         1   9.42662
1         1   9.40641
1         1     9.392
1         1   9.37488
1         1   9.35759
1         1   9.33957
1         1   9.32316
1         1   9.30651
1         1   9.28866
1         1   9.27209
1         1   9.25579
1         1   9.23938
1         1   9.22201
1         1   9.20541
1         1   9.18976
1         1   9.16976
1         1   9.15579
1         1   9.13695
1         1   9.12012
1         1    9.0995
1         1   9.08721
1         1   9.06861
1         1   9.05285
1         1   9.03436
1         1   9.02026
1         1   9.00172
1         1   8.98546
1         1   8.96818
1         1   8.95222
1         1   8.93454
1         1   8.91879
1         1   8.90111
1         1    8.8842
1         1   8.86671
1         1   8.85147
1         1   8.83457
1         1   8.81814
1         1   8.80103
1         1   8.78504
1         1   8.76716
1         1   8.74938
1         1   8.73371
1         1    8.7159
1         1   8.69858
1         1   8.68373
1         1   8.66638
1         1   8.65004
1         1   8.63369
1         1   8.61677
1         1   8.59997
1         1   8.58363
1         1   8.56799
1         1    8.5497
1         1   8.53367
1         1   8.51448
1         1    8.4968
1         1   8.48218
1         1   8.46574
1         1   8.44869
1         1   8.43054
1         1   8.41568
1         1   8.39823
1         1   8.38222
1         1   8.36477
1         1    8.3466
1         1   8.33097
1         1   8.31356
1         1    8.2984
1         1   8.28016
1         1   8.26626
1         1   8.24556
1         1   8.23251
1         1     8.215
1         1   8.19904
1         1   8.18098
1         1   8.16603
1         1   8.14929
1         1   8.13212
1         1   8.11419
1         1   8.09862
1         1   8.08066
1         1   8.06555
1         1   8.04721
1         1   8.03092
1         1    8.0146
1         1   7.99687
1         1   7.97992
1         1    7.9622
1         1   7.94607
1         1   7.93056
1         1    7.9132
1         1   7.89647
1         1    7.8787
1         1   7.86142
1         1   7.84329
1         1   7.82609
1         1   7.81022
1         1   7.79363
1         1   7.77656
1         1   7.75927
1         1   7.74457
1         1    7.7268
1         1   7.71044
1         1   7.69278
1         1   7.67657
1         1   7.65937
1         1   7.64269
1         1   7.62602
1         1   7.60993
1         1   7.59043
1         1   7.57662
1         1   7.55888
1         1   7.54304
1         1   7.52478
1         1   7.50762
1         1   7.49095
1         1   7.47342
1         1   7.45674
1         1   7.43883
1         1    7.4229
1         1    7.4065
1         1   7.38773
1         1   7.37188
1         1   7.35352
1         1    7.3384
1         1   7.31813
1         1    7.3058
1         1   7.28566
1         1   7.27215
1         1   7.25264
1         1   7.23876
1         1   7.21894
1         1   7.20414
1         1    7.1854
1         1   7.17024
1         1   7.15192
1         1   7.13751
1         1   7.11972
1         1   7.10244
1         1   7.08573
1         1   7.06878
1         1    7.0521
1         1   7.03611
1         1      7.02
1         1   7.00366
1         1   6.98681
1         1   6.97019
1         1   6.95256
1         1   6.93604
1         1   6.91864
1         1   6.90169
1         1   6.88617
1         1   6.86963
1         1   6.85319
1         1   6.83339
1         1   6.81926
1         1   6.80271
1         1   6.78612
1         1   6.76827
1         1    6.7525
1         1   6.73508
1         1   6.71804
1         1   6.69884
1         1   6.68355
1         1   6.66684
1         1   6.64996
1         1   6.63183
1         1   6.61595
1         1   6.59775
1         1   6.58231
1         1   6.56535
1         1   6.54891
1         1   6.53035
1         1   6.51426
1         1   6.49742
1         1   6.48145
1         1    6.4617
1         1   6.44746
1         1   6.42873
1         1   6.41362
1         1   6.39652
1         1   6.38098
1         1   6.36125
1         1   6.34643
1         1   6.32991
1         1   6.31372
1         1   6.29541
1         1   6.28042
1         1   6.26275
1         1   6.24771
1         1   6.22885
1         1   6.21299
1         1   6.19617
1         1   6.18052
1         1   6.16303
1         1    6.1474
1         1   6.12983
1         1   6.11429
1         1   6.09595
1         1   6.07956
1         1   6.06346
1         1   6.04638
1         1   6.02954
1         1   6.01382
1         1   5.99697
1         1   5.98036
1         1   5.96216
1         1   5.94524
1         1    5.9291
1         1   5.91246
1         1   5.89516
1         1   5.87883
1         1   5.86155
1         1   5.84487
1         1   5.82741
1         1   5.81041
1         1   5.79407
1         1   5.77771
1         1   5.76088
1         1   5.74377
1         1   5.72646
1         1   5.70939
1         1   5.69204
1         1   5.67646
1         1   5.65996
1         1   5.64228
1         1   5.62599
1         1   5.60879
1         1   5.59282
1         1   5.57353
1         1   5.55895
1         1   5.54061
1         1   5.52451
1         1   5.50705
1         1   5.49148
1         1    5.4715
1         1   5.45667
1         1   5.43875
1         1   5.42276
1         1   5.40666
1         1   5.38965
1         1   5.37103
1         1   5.35491
1         1   5.33775
1         1   5.32193
1         1   5.30388
1         1   5.28657
1         1   5.27003
1         1    5.2543
1         1    5.2363
1         1   5.22037
1         1   5.20318
1         1    5.1875
1         1   5.16817
1         1   5.15275
1         1   5.13515
1         1   5.11886
1         1   5.10169
1         1   5.08558
1         1   5.07013
1         1   5.05209
1         1   5.03517
1         1   5.01864
1         1     5.001
1         1     4.985
1         1    4.9656
1         1   4.95059
1         1   4.93196
1         1    4.9148
1         1   4.89761
1         1   4.88195
1         1   4.86529
1         1    4.8484
1         1   4.83028
1         1   4.81449
1         1   4.79577
1         1   4.78171
1         1    4.7641
1         1   4.74784
1         1   4.72979
1         1    4.7141
1         1   4.69748
1         1   4.68118
1         1   4.66499
1         1   4.64751
1         1   4.63061
1         1    4.6129
1         1   4.59655
1         1   4.58058
1         1   4.56245
1         1   4.54403
1         1   4.52942
1         1   4.51273
1         1   4.49569
1         1   4.47895
1         1   4.46162
1         1    4.4437
1         1   4.42688
1         1   4.40931
1         1   4.39375
1         1   4.37446
1         1   4.35942
1         1   4.34086
1         1   4.32603
1         1   4.30768
1         1    4.2921
1         1   4.27461
1         1   4.25828
1         1    4.2415
1         1   4.22557
1         1   4.20772
1         1    4.1916
1         1     4.174
1         1   4.15762
1         1   4.14092
1         1   4.12504
1         1   4.10726
1         1   4.09036
1         1   4.07326
1         1   4.05726
1         1   4.04052
1         1   4.02233
1         1   4.00662
1         1   3.98782
1         1   3.97031
1         1   3.95254
1         1   3.93784
1         1   3.91874
1         1   3.90392
1         1   3.88609
1         1   3.87109
1         1   3.85255
1         1   3.83753
1         1   3.82102
1         1   3.80324
1         1   3.78488
1         1   3.77007
1         1   3.75103
1         1   3.73536
1         1   3.71646
1         1   3.70184
1         1   3.68497
1         1   3.66738
1         1   3.65139
1         1   3.63524
1         1   3.61594
1         1   3.59973
1         1   3.58298
1         1   3.56805
1         1   3.54927
1         1   3.53286
1         1   3.51616
1         1   3.50002
1         1   3.48198
1         1   3.46479
1         1   3.44762
1         1   3.43148
1         1   3.41462
1         1   3.39759
1         1   3.38104
1         1   3.36333
1         1   3.34733
1         1   3.33119
1         1   3.31502
1         1   3.29653
1         1   3.27995
1         1   3.26305
1         1   3.24641
1         1   3.22932
1         1   3.21242
1         1   3.19227
1         1   3.17887
1         1   3.15757
1         1   3.14471
1         1   3.12503
1         1   3.11015
1         1   3.09073
1         1   3.07551
1         1   3.05641
1         1   3.04146
1         1   3.02429
1         1   3.00769
1         1    2.9917
1         1   2.97578
1         1   2.95804
1         1    2.9425
1         1   2.92393
1         1   2.90724
1         1   2.89064
1         1   2.87435
1         1   2.85501
1         1   2.83909
1         1   2.82106
1         1   2.80609
1         1   2.78801
1         1    2.7729
1         1   2.75384
1         1   2.73795
1         1   2.72055
1         1   2.70587
1         1   2.68614
1         1   2.67174
1         1   2.65373
1         1    2.6378
1         1   2.61957
1         1   2.60283
1         1   2.58587
1         1   2.57125
1         1   2.55367
1         1   2.53776
1         1   2.51942
1         1   2.50489
1         1   2.48802
1         1   2.47136
1         1   2.45259
1         1   2.43673
1         1   2.41999
1         1   2.40458
1         1   2.38752
1         1   2.37064
1         1   2.35271
1         1   2.33702
1         1   2.31946
1         1   2.30235
1         1   2.28634
1         1   2.27087
1         1   2.25409
1         1   2.23775
1         1    2.2204
1         1   2.20285
1         1   2.18682
1         1   2.16983
1         1   2.15283
1         1   2.13593
1         1   2.11996
1         1    2.1034
1         1     2.087
1         1   2.06968
1         1   2.05272
1         1   2.03579
1         1   2.01888
1         1   2.00329
1         1   1.98613
1         1   1.96857
1         1   1.95323
1         1   1.93443
1         1   1.91863
1         1   1.90069
1         1   1.88374
1         1   1.86565
1         1   1.84969
1         1   1.83302
1         1   1.81603
1         1   1.79957
1         1   1.78276
1         1   1.76363
1         1    1.7485
1         1   1.73092
1         1   1.71566
1         1   1.69665
1         1    1.6814
1         1   1.66197
1         1   1.64695
1         1    1.6282
1         1   1.61373
1         1   1.59612
1         1   1.58167
1         1   1.56394
1         1   1.54903
1         1   1.53082
1         1   1.51486
1         1   1.49802
1         1   1.48114
1         1   1.46351
1         1   1.44793
1         1   1.43064
1         1   1.41231
1         1   1.39815
1         1   1.37773
1         1   1.36297
1         1   1.34446
1         1    1.3285
1         1   1.30922
1         1   1.29398
1         1   1.27779
1         1   1.26186
1         1   1.24422
1         1   1.22908
1         1   1.20746
1         1   1.19559
1         1   1.17657
1         1   1.16227
1         1   1.14487
1         1   1.12677
1         1   1.11129
1         1    1.0959
1         1   1.07592
1         1   1.06032
1         1   1.04329
1         1    1.0279
1         1   1.00987
1         1  0.994597
1         1  0.976699
1         1  0.960588
1         1  0.941118
1         1  0.926078
1         1  0.908611
1         1  0.892162
1         1  0.874788
1         1  0.859956
1         1  0.841717
1         1  0.826757
1         1   0.80997
1         1  0.793802
1         1  0.777134
1         1   0.76127
1         1  0.744027
1         1  0.727396
1         1  0.710694
1         1  0.695026
1         1  0.677123
1         1  0.660594
1         1  0.643686
1         1  0.626854
1         1  0.610167
1         1   0.59099
1         1  0.577633
1         1   0.55824
1         1   0.54372
1         1  0.525896
1         1  0.509579
1         1  0.493629
1         1  0.476255
1         1  0.459871
1         1  0.440602
1         1  0.424221
1         1  0.408232
1         1   0.39147
1         1  0.375264
1         1    0.3553
1         1  0.342003
1         1  0.320925
1         1  0.309667
1         1  0.290928
1         1  0.275909
1         1  0.253685
1         1  0.242475
1         1  0.223348
1         1  0.209063
1         1  0.185519
1         1  0.175404
1         1  0.158279
1         1  0.140135
1         1  0.115972
1         1  0.106075
1         1 0.0844285
1         1 0.0720435
1         1 0.0518905
1         1 0.0400595
1         1 0.0174115
1         10.00602454
1         1         0
1         1         0
1         1         0
1         1         0
1         1         0
1         1         0
1         1         0
1         1         0
1         1         0
1         1         0
1         1         0
1         1         0
1         1         0
1         1         0
1         1         0
1         1         0
1         1         0
1         1         0
1         1         0
1         1         0
1         1         0
1         1         0
1         1         0
1         1         0
1         1         0
1         1         0
1         1         0
1         1         0
1         1         0
1         1         0
1         1         0
1         1         0
1         1         0
1         1         0
1         1         0
1         1         0
1         1         0
1         1         0
1         1         0
1         1         0
1         1         0
1         1         0
1         1         0
1         1         0
1         1         0
1         1         0
1         1         0
1         1         0
1         1         0
1         1         0
1         1         0
1         1         0
1         1         0
1         1         0
1         1         0
1         1         0
1         1         0
1         1         0
1         1         0
1         1         0
1         1         0
1         1         0
1         1         0
1         1         0
1         1         0
1         1         0
1         1         0
1         1         0
1         1         0
1         1         0
1         1         0
1         1         0
1         1         0
1         1         0
1         1         0
1         1         0
1         1         0
1         1         0
1         1         0
1         1         0
1         1         0
1         1         0
1         1         0
1         1         0
1         1         0
1         1         0
1         1         0
1         1         0
1         1         0
1         1         0
1         1         0
1         1         0
1         1         0
1         1         0
1         1         0
1         1         0
1         1         0
1         1         0
1         1         0
1         1         0
1         1         0
1         1         0
1         1         0
1         1         0
1         1         0
1         1         0
1         1         0
1         1         0
1         1         0
1         1         0
1         1         0
1         1         0
1         1         0
1         1         0
1         1         0
1         1         0
1         1         0
1         1         0
1         1         0
1         1         0
1         1         0
1         1         0
1         1         0
1         1         0
1         1         0
1         1         0
1         1         0
1         1         0
1         1         0
1         1         0
1         1         0
1         1         0
1         1         0
1         1         0
1         1         0
1         1         0
1         1         0
1         1         0
1         1         0
1         1         0
1         1         0
1         1         0
1         1         0
1         1         0
1         1         0
1         1         0
1         1         0
1         1         0
1         1         0
1         1         0
1         1         0
1         1         0
1         1         0
1         1         0
1         1         0
1         1         0
1         1         0
1         1         0
1         1         0
1         1         0
1         1         0
1         1         0
1         1         0
1         1         0
1         1         0
1         1         0
1         1         0
1         1         0
1         1         0
1         1         0
1         1         0
1         1         0
1         1         0
1         1         0
1         1         0
1         1         0
1         1         0
1         1         0
1         1         0
1         1         0
1         1         0
1         1         0
1         1         0
1         1         0
1         1         0
1         1         0
1         1         0
1         1         0
1         1         0
1         1         0
1         1         0
1         1         0
1         1         0
1         1         0
1         1         0
1         1         0
1         1         0
1         1         0
1         1         0
1         1         0
1         1         0
1         1         0
1         1         0
1         1         0
1         1         0
1         1         0
1         1         0
1         1         0
1         1         0
1         1         0
1         1         0
1         1         0
1         1         0
1         1         0
1         1         0
1         1         0
1         1         0
1         1         0
1         1         0
1         1         0
1         1         0
1         1         0
1         1         0
1         1         0
1         1         0
1         1         0
1         1         0
1         1         0
1         1         0
1         1         0
1         1         0
1         1         0
1         1         0
1         1         0
1         1         0
1         1         0
1         1         0
1         1         0
1         1         0
1         1         0
1         1         0
1         1         0
1         1         0
1         1         0
1         1         0
1         1         0
1         1         0
1         1         0
1         1         0
1         1         0
1         1         0
1         1         0
1         1         0
1         1         0
1         1         0
1         1         0
1         1         0
1         1         0
1         1         0
1         1         0
1         1         0
1         1         0
1         1         0
1         1         0
1         1         0
1         1         0
1         1         0
1         1         0
1         1         0
1         1         0
1         1         0
1         1         0
1         1         0
1         1         0
1         1         0
1         1         0
1         1         0
1         1         0
1         1         0
1         1         0
1         1         0
1         1         0
1         1         0
1         1         0
1         1         0
1         1         0
1         1         0
1         1         0
1         1         0
1         1         0
1         1         0
1         1         0
1         1         0
1         1         0
1         1         0
1         1         0
1         1         0
1         1         0
1         1         0
1         1         0
1         1         0
1         1         0
1         1         0
1         1         0
1         1         0
1         1         0
1         1         0
1         1         0
1         1         0
1         1         0
1         1         0
1         1         0
1         1         0
1         1         0
1         1         0
1         1         0
1         1         0
1         1         0
1         1         0
1         1         0
1         1         0
1         1         0
1         1         0
1         1         0
1         1         0
1         1         0
1         1         0
1         1         0
1         1         0
1         1         0
1         1         0
1         1         0
1         1         0
1         1         0
1         1         0
1         1         0
1         1         0
1         1         0
1         1         0
1         1         0
1         1         0
1         1         0
1         1         0
1         1         0
1         1         0
1         1         0
1         1         0
1         1         0
1         1         0
1         1         0
1         1         0
1         1         0
1         1         0
1         1         0
1         1         0
1         1         0
1         1         0
1         1         0
1         1         0
1         1         0
1         1         0
1         1         0
1         1         0
1         1         0
1         1         0
1         1         0
1         1         0
1         1         0
1         1         0
1         1         0
1         1         0
1         1         0
1         1         0
1         1         0
1         1         0
1         1         0
1         1         0
1         1         0
1         1         0
1         1         0
1         1         0
1         1         0
0         0       120
0         0    119.77
0         0   119.714
0         0   119.699
0         0    119.68
0         0   119.665
0         0   119.648
0         0   119.632
0         0   119.611
0         0   119.598
0         0    119.58
0         0   119.565
0         0   119.547
0         0   119.531
0         0   119.514
0         0   119.497
0         0   119.481
0         0   119.464
0         0   119.447
0         0   119.431
0         0   119.414
0         0   119.397
0         0    119.38
0         0   119.363
0         0   119.345
0         0    119.33
0         0   119.312
0         0   119.295
0         0   119.278
0         0   119.262
0         0   119.243
0         0   119.227
0         0    119.21
0         0   119.194
0         0   119.179
0         0   119.162
0         0   119.145
0         0   119.129
0         0   119.112
0         0   119.096
0         0   119.078
0         0   119.062
0         0   119.046
0         0   119.027
0         0   119.012
0         0   118.995
0         0   118.979
0         0   118.961
0         0   118.946
0         0   118.928
0         0   118.913
0         0   118.893
0         0   118.879
0         0    118.86
0         0   118.845
0         0   118.827
0         0    118.81
0         0   118.792
0         0   118.776
0         0   118.758
0         0   118.744
0         0   118.724
0         0   118.709
0         0   118.692
0         0   118.675
0         0   118.658
0         0   118.642
0         0   118.626
0         0   118.609
0         0   118.593
0         0   118.576
0         0   118.559
0         0   118.542
0         0   118.525
0         0   118.509
0         0   118.491
0         0   118.475
0         0   118.457
0         0   118.441
0         0   118.423
0         0   118.408
0         0    118.39
0         0   118.373
0         0   118.356
0         0    118.34
0         0   118.322
0         0   118.305
0         0   118.289
0         0   118.272
0         0   118.255
0         0   118.239
0         0   118.221
0         0   118.206
0         0   118.189
0         0   118.172
0         0   118.155
0         0   118.137
0         0    118.12
0         0   118.104
0         0   118.087
0         0   118.071
0         0   118.054
0         0   118.036
0         0    118.02
0         0   118.004
0         0   117.987
0         0   117.969
0         0   117.953
0         0   117.937
0         0    117.92
0         0   117.902
0         0   117.885
0         0   117.867
0         0    117.85
0         0   117.834
0         0   117.816
0         0     117.8
0         0   117.783
0         0   117.767
0         0   117.748
0         0   117.733
0         0   117.717
0         0   117.699
0         0   117.684
0         0   117.666
0         0   117.649
0         0   117.632
0         0   117.615
0         0   117.599
0         0   117.582
0         0   117.565
0         0   117.549
0         0   117.531
0         0   117.516
0         0   117.497
0         0   117.482
0         0    117.46
0         0   117.449
0         0   117.433
0         0   117.416
0         0   117.399
0         0   117.382
0         0   117.366
0         0   117.348
0         0   117.333
0         0   117.316
0         0   117.299
0         0   117.281
0         0   117.264
0         0   117.247
0         0   117.231
0         0   117.214
0         0   117.198
0         0    117.18
0         0   117.164
0         0   117.147
0         0   117.128
0         0   117.113
0         0   117.096
0         0    117.08
0         0   117.063
0         0   117.048
0         0    117.03
0         0   117.014
0         0   116.997
0         0   116.981
0         0   116.965
0         0   116.949
0         0   116.932
0         0   116.916
0         0     116.9
0         0   116.882
0         0   116.865
0         0   116.849
0         0   116.833
0         0   116.813
0         0     116.8
0         0   116.781
0         0   116.767
0         0   116.748
0         0   116.732
0         0   116.713
0         0   116.697
0         0   116.682
0         0   116.664
0         0   116.646
0         0   116.631
0         0   116.614
0         0   116.596
0         0   116.579
0         0   116.563
0         0   116.545
0         0   116.529
0         0   116.511
0         0   116.496
0         0   116.477
0         0   116.462
0         0   116.445
0         0   116.429
0         0   116.413
0         0   116.396
0         0    116.38
0         0   116.364
0         0   116.347
0         0   116.329
0         0   116.313
0         0   116.295
0         0    116.28
0         0   116.263
0         0   116.243
0         0   116.228
0         0    116.21
0         0   116.194
0         0   116.177
0         0   116.161
0         0   116.143
0         0   116.126
0         0    116.11
0         0   116.093
0         0   116.074
0         0   116.058
0         0   116.039
0         0   116.023
0         0   116.005
0         0    115.99
0         0   115.972
0         0   115.956
0         0   115.939
0         0   115.923
0         0   115.906
0         0   115.889
0         0   115.872
0         0   115.855
0         0   115.837
0         0    115.82
0         0   115.802
0         0   115.787
0         0   115.768
0         0   115.753
0         0   115.736
0         0   115.717
0         0   115.701
0         0   115.686
0         0   115.669
0         0   115.652
0         0   115.635
0         0   115.618
0         0     115.6
0         0   115.584
0         0   115.565
0         0    115.55
0         0   115.532
0         0   115.516
0         0   115.498
0         0   115.482
0         0   115.466
0         0   115.449
0         0   115.433
0         0   115.415
0         0     115.4
0         0   115.382
0         0   115.366
0         0   115.348
0         0   115.332
0         0   115.314
0         0   115.298
0         0   115.282
0         0   115.266
0         0   115.248
0         0   115.232
0         0   115.214
0         0   115.198
0         0   115.182
0         0   115.164
0         0    115.15
0         0   115.132
0         0   115.117
0         0     115.1
0         0   115.081
0         0   115.065
0         0   115.049
0         0   115.031
0         0   115.016
0         0   114.998
0         0   114.983
0         0   114.965
0         0   114.949
0         0    114.93
0         0   114.915
0         0   114.896
0         0   114.881
0         0   114.863
0         0   114.847
0         0    114.83
0         0   114.815
0         0   114.797
0         0    114.78
0         0   114.764
0         0   114.747
0         0   114.727
0         0   114.713
0         0   114.695
0         0   114.678
0         0   114.662
0         0   114.646
0         0   114.629
0         0    114.61
0         0   114.596
0         0   114.579
0         0   114.561
0         0   114.545
0         0   114.527
0         0   114.513
0         0   114.494
0         0   114.478
0         0   114.458
0         0   114.445
0         0   114.427
0         0   114.411
0         0   114.392
0         0   114.377
0         0   114.358
0         0   114.343
0         0   114.323
0         0    114.31
0         0   114.293
0         0   114.276
0         0    114.26
0         0   114.244
0         0   114.227
0         0   114.211
0         0   114.193
0         0   114.176
0         0   114.158
0         0   114.142
0         0   114.127
0         0   114.109
0         0   114.093
0         0   114.076
0         0   114.057
0         0   114.041
0         0   114.023
0         0   114.007
0         0    113.99
0         0   113.974
0         0   113.956
0         0    113.94
0         0   113.923
0         0   113.906
0         0   113.889
0         0   113.873
0         0   113.856
0         0   113.839
0         0   113.822
0         0   113.804
0         0   113.785
0         0   113.771
0         0   113.754
0         0   113.737
0         0    113.72
0         0   113.701
0         0   113.685
0         0   113.668
0         0   113.651
0         0   113.633
0         0   113.616
0         0   113.599
0         0   113.584
0         0   113.566
0         0    113.55
0         0   113.533
0         0   113.516
0         0   113.499
0         0   113.482
0         0   113.465
0         0   113.449
0         0   113.431
0         0   113.416
0         0   113.398
0         0   113.382
0         0   113.365
0         0   113.348
0         0    113.33
0         0   113.315
0         0   113.298
0         0   113.282
0         0   113.265
0         0   113.248
0         0   113.232
0         0   113.215
0         0   113.199
0         0    113.18
0         0   113.164
0         0   113.146
0         0    113.13
0         0   113.112
0         0   113.097
0         0   113.079
0         0   113.063
0         0   113.045
0         0    113.03
0         0   113.013
0         0   112.997
0         0    112.98
0         0   112.964
0         0   112.947
0         0   112.929
0         0   112.914
0         0   112.898
0         0   112.881
0         0   112.865
0         0   112.847
0         0   112.832
0         0   112.815
0         0   112.798
0         0   112.782
0         0   112.766
0         0    112.75
0         0   112.732
0         0   112.716
0         0   112.698
0         0   112.683
0         0   112.665
0         0   112.648
0         0   112.629
0         0   112.613
0         0   112.597
0         0    112.58
0         0   112.564
0         0   112.546
0         0   112.529
0         0   112.512
0         0   112.494
0         0   112.479
0         0   112.461
0         0   112.446
0         0   112.427
0         0   112.412
0         0   112.395
0         0   112.378
0         0   112.362
0         0   112.345
0         0   112.327
0         0   112.312
0         0   112.293
0         0   112.277
0         0   112.258
0         0   112.242
0         0   112.227
0         0   112.211
0         0   112.195
0         0   112.177
0         0    112.16
0         0   112.144
0         0   112.127
0         0   112.111
0         0   112.093
0         0   112.077
0         0   112.059
0         0   112.044
0         0   112.026
0         0   112.011
0         0   111.995
0         0   111.977
0         0   111.959
0         0   111.943
0         0   111.925
0         0   111.911
0         0   111.894
0         0   111.877
0         0    111.86
0         0   111.842
0         0   111.827
0         0    111.81
0         0   111.793
0         0   111.776
0         0    111.76
0         0    111.74
0         0   111.726
0         0   111.709
0         0   111.693
0         0   111.673
0         0   111.659
0         0    111.64
0         0   111.626
0         0   111.609
0         0   111.593
0         0   111.577
0         0    111.56
0         0   111.543
0         0   111.526
0         0    111.51
0         0   111.493
0         0   111.476
0         0   111.459
0         0   111.442
0         0   111.426
0         0   111.406
0         0   111.392
0         0   111.375
0         0   111.358
0         0   111.341
0         0   111.324
0         0   111.306
0         0   111.291
0         0   111.273
0         0   111.257
0         0   111.239
0         0   111.223
0         0   111.206
0         0    111.19
0         0   111.173
0         0   111.157
0         0    111.14
0         0   111.123
0         0   111.104
0         0   111.088
0         0    111.07
0         0   111.054
0         0   111.037
0         0    111.02
0         0   111.001
0         0   110.987
0         0   110.969
0         0   110.952
0         0   110.936
0         0   110.919
0         0   110.902
0         0   110.884
0         0   110.868
0         0    110.85
0         0   110.834
0         0   110.817
0         0     110.8
0         0    110.78
0         0   110.765
0         0   110.748
0         0   110.732
0         0   110.713
0         0   110.698
0         0   110.681
0         0   110.663
0         0   110.646
0         0    110.63
0         0   110.613
0         0   110.597
0         0   110.579
0         0   110.563
0         0   110.544
0         0    110.53
0         0    110.51
0         0   110.496
0         0   110.478
0         0   110.463
0         0   110.442
0         0    110.43
0         0   110.411
0         0   110.395
0         0   110.377
0         0   110.362
0         0   110.345
0         0   110.328
0         0   110.312
0         0   110.294
0         0   110.279
0         0    110.26
0         0   110.245
0         0   110.227
0         0   110.211
0         0   110.193
0         0   110.177
0         0   110.158
0         0   110.143
0         0   110.124
0         0   110.109
0         0   110.091
0         0   110.075
0         0   110.058
0         0   110.042
0         0   110.025
0         0   110.009
0         0   109.992
0         0   109.976
0         0   109.957
0         0    109.94
0         0   109.923
0         0   109.907
0         0   109.889
0         0   109.872
0         0   109.854
0         0   109.838
0         0   109.821
0         0   109.805
0         0   109.787
0         0   109.771
0         0   109.753
0         0   109.738
0         0   109.719
0         0   109.703
0         0   109.686
0         0    109.67
0         0   109.652
0         0   109.637
0         0    109.62
0         0   109.604
0         0   109.588
0         0   109.571
0         0   109.554
0         0   109.537
0         0    109.52
0         0   109.504
0         0   109.486
0         0   109.471
0         0   109.454
0         0   109.437
0         0   109.421
0         0   109.404
0         0   109.387
0         0    109.37
0         0   109.353
0         0   109.337
0         0   109.321
0         0   109.302
0         0   109.287
0         0   109.269
0         0   109.253
0         0   109.237
0         0    109.22
0         0   109.203
0         0   109.188
0         0   109.169
0         0   109.153
0         0   109.136
0         0    109.12
0         0   109.101
0         0   109.087
0         0    109.07
0         0   109.054
0         0   109.035
0         0   109.019
0         0   109.003
0         0   108.987
0         0    108.97
0         0   108.954
0         0   108.936
0         0   108.919
0         0   108.904
0         0   108.887
0         0    108.87
0         0   108.853
0         0   108.836
0         0   108.819
0         0   108.803
0         0   108.786
0         0   108.769
0         0   108.753
0         0   108.736
0         0   108.719
0         0   108.703
0         0   108.686
0         0   108.669
0         0   108.654
0         0   108.636
0         0    108.62
0         0   108.602
0         0   108.586
0         0   108.571
0         0   108.553
0         0   108.536
0         0    108.52
0         0   108.504
0         0   108.485
0         0    108.47
0         0   108.452
0         0   108.437
0         0    108.42
0         0   108.404
0         0   108.386
0         0    108.37
0         0   108.354
0         0   108.336
0         0   108.318
0         0   108.302
0         0   108.286
0         0    108.27
0         0   108.252
0         0   108.235
0         0   108.218
0         0   108.201
0         0   108.185
0         0   108.168
0         0   108.151
0         0   108.134
0         0   108.118
0         0   108.101
0         0   108.084
0         0   108.067
0         0    108.05
0         0   108.033
0         0   108.015
0         0   107.999
0         0   107.982
0         0   107.966
0         0   107.948
0         0   107.931
0         0   107.914
0         0   107.899
0         0   107.882
0         0   107.866
0         0   107.849
0         0   107.832
0         0   107.816
0         0     107.8
0         0   107.783
0         0   107.767
0         0    107.75
0         0   107.732
0         0   107.718
0         0   107.699
0         0   107.685
0         0   107.665
0         0    107.65
0         0    107.63
0         0   107.616
0         0   107.599
0         0   107.584
0         0   107.564
0         0   107.549
0         0   107.531
0         0   107.515
0         0   107.498
0         0    107.48
0         0   107.462
0         0   107.446
0         0   107.429
0         0   107.414
0         0   107.396
0         0   107.379
0         0   107.362
0         0   107.346
0         0   107.329
0         0   107.313
0         0   107.296
0         0   107.279
0         0   107.262
0         0   107.244
0         0   107.229
0         0   107.212
0         0   107.196
0         0   107.178
0         0   107.162
0         0   107.144
0         0    107.13
0         0   107.113
0         0   107.096
0         0   107.079
0         0   107.063
0         0   107.045
0         0    107.03
0         0   107.012
0         0   106.996
0         0   106.975
0         0   106.961
0         0   106.943
0         0   106.928
0         0    106.91
0         0   106.895
0         0   106.877
0         0   106.861
0         0   106.843
0         0   106.826
0         0   106.808
0         0   106.792
0         0   106.774
0         0   106.759
0         0    106.74
0         0   106.726
0         0   106.709
0         0   106.692
0         0   106.675
0         0   106.658
0         0    106.64
0         0   106.623
0         0   106.607
0         0   106.591
0         0   106.574
0         0   106.557
0         0    106.54
0         0   106.523
0         0   106.507
0         0   106.488
0         0   106.471
0         0   106.455
0         0   106.438
0         0   106.421
0         0   106.404
0         0   106.388
0         0   106.371
0         0   106.354
0         0   106.337
0         0   106.319
0         0   106.304
0         0   106.287
0         0    106.27
0         0   106.253
0         0   106.237
0         0   106.219
0         0   106.204
0         0   106.186
0         0   106.171
0         0   106.154
0         0   106.139
0         0   106.122
0         0   106.106
0         0   106.088
0         0   106.072
0         0   106.055
0         0   106.038
0         0    106.02
0         0   106.004
0         0   105.987
0         0    105.97
0         0   105.953
0         0   105.936
0         0   105.918
0         0   105.903
0         0   105.885
0         0   105.868
0         0   105.851
0         0   105.834
0         0   105.818
0         0   105.801
0         0   105.783
0         0   105.766
0         0    105.75
0         0   105.733
0         0   105.715
0         0   105.698
0         0   105.681
0         0   105.664
0         0   105.649
0         0   105.631
0         0   105.615
0         0   105.597
0         0   105.582
0         0   105.564
0         0   105.549
0         0   105.531
0         0   105.515
0         0   105.497
0         0    105.48
0         0    105.46
0         0   105.447
0         0   105.427
0         0   105.413
0         0   105.395
0         0   105.379
0         0   105.361
0         0   105.345
0         0   105.327
0         0   105.312
0         0   105.296
0         0   105.279
0         0   105.262
0         0   105.245
0         0   105.229
0         0   105.212
0         0   105.195
0         0   105.178
0         0   105.161
0         0   105.144
0         0   105.127
0         0   105.111
0         0   105.094
0         0   105.079
0         0   105.061
0         0   105.045
0         0   105.028
0         0   105.011
0         0   104.993
0         0   104.977
0         0   104.959
0         0   104.943
0         0   104.925
0         0   104.907
0         0   104.892
0         0   104.875
0         0   104.858
0         0   104.842
0         0   104.825
0         0   104.807
0         0    104.79
0         0   104.774
0         0   104.758
0         0    104.74
0         0   104.723
0         0   104.706
0         0    104.69
0         0   104.673
0         0   104.657
0         0    104.64
0         0   104.624
0         0   104.607
0         0   104.589
0         0   104.574
0         0   104.557
0         0    104.54
0         0   104.523
0         0   104.508
0         0   104.491
0         0   104.474
0         0   104.457
0         0    104.44
0         0   104.422
0         0   104.406
0         0   104.389
0         0   104.373
0         0   104.356
0         0    104.34
0         0    104.32
0         0   104.306
0         0   104.288
0         0   104.273
0         0   104.255
0         0   104.238
0         0    104.22
0         0   104.206
0         0   104.188
0         0   104.171
0         0   104.153
0         0   104.137
0         0    104.12
0         0   104.104
0         0   104.087
0         0   104.071
0         0   104.054
0         0   104.037
0         0   104.018
0         0   104.004
0         0   103.987
0         0   103.971
0         0   103.955
0         0   103.938
0         0   103.921
0         0   103.905
0         0   103.887
0         0   103.871
0         0   103.855
0         0   103.838
0         0   103.822
0         0   103.804
0         0   103.789
0         0   103.771
0         0   103.756
0         0   103.738
0         0   103.723
0         0   103.705
0         0   103.688
0         0   103.672
0         0   103.656
0         0   103.637
0         0    103.62
0         0   103.602
0         0   103.587
0         0   103.569
0         0   103.553
0         0   103.535
0         0    103.52
0         0   103.502
0         0   103.488
0         0    103.47
0         0   103.455
0         0   103.437
0         0   103.421
0         0   103.404
0         0   103.388
0         0   103.371
0         0   103.355
0         0   103.338
0         0   103.322
0         0   103.305
0         0    103.29
0         0   103.273
0         0   103.257
0         0   103.239
0         0   103.223
0         0   103.206
0         0   103.191
0         0   103.174
0         0   103.157
0         0    103.14
0         0   103.124
0         0   103.106
0         0   103.089
0         0   103.073
0         0   103.054
0         0   103.038
0         0    103.02
0         0   103.004
0         0   102.986
0         0   102.971
0         0   102.953
0         0   102.938
0         0    102.92
0         0   102.905
0         0   102.887
0         0   102.872
0         0   102.853
0         0   102.838
0         0    102.82
0         0   102.804
0         0   102.785
0         0   102.771
0         0   102.752
0         0   102.737
0         0    102.72
0         0   102.703
0         0   102.686
0         0    102.67
0         0    102.65
0         0   102.636
0         0   102.619
0         0   102.603
0         0   102.586
0         0   102.569
0         0   102.553
0         0   102.537
0         0   102.518
0         0   102.503
0         0   102.485
0         0   102.467
0         0    102.45
0         0   102.435
0         0   102.418
0         0   102.401
0         0   102.385
0         0   102.368
0         0   102.351
0         0   102.333
0         0   102.316
0         0   102.299
0         0   102.282
0         0   102.265
0         0   102.248
0         0   102.231
0         0   102.214
0         0   102.198
0         0    102.18
0         0   102.163
0         0   102.146
0         0   102.129
0         0   102.114
0         0   102.097
0         0    102.08
0         0   102.063
0         0   102.046
0         0    102.03
0         0   102.013
0         0   101.997
0         0    101.98
0         0   101.964
0         0   101.947
0         0   101.929
0         0   101.913
0         0   101.896
0         0    101.88
0         0   101.862
0         0   101.846
0         0   101.829
0         0   101.812
0         0   101.794
0         0   101.778
0         0    101.76
0         0   101.744
0         0   101.726
0         0   101.712
0         0   101.695
0         0   101.679
0         0   101.661
0         0   101.644
0         0   101.626
0         0   101.608
0         0    101.59
0         0   101.575
0         0   101.557
0         0   101.541
0         0   101.524
0         0   101.508
0         0   101.491
0         0   101.475
0         0   101.456
0         0    101.44
0         0   101.422
0         0   101.406
0         0   101.387
0         0   101.372
0         0   101.351
0         0   101.339
0         0    101.32
0         0   101.304
0         0   101.285
0         0   101.269
0         0   101.252
0         0   101.237
0         0   101.219
0         0   101.203
0         0   101.186
0         0   101.169
0         0   101.153
0         0   101.135
0         0   101.116
0         0   101.101
0         0   101.085
0         0   101.069
0         0   101.052
0         0   101.035
0         0   101.019
0         0   101.003
0         0   100.987
0         0    100.97
0         0   100.953
0         0   100.936
0         0   100.921
0         0   100.904
0         0   100.888
0         0   100.871
0         0   100.855
0         0   100.836
0         0   100.822
0         0   100.804
0         0   100.789
0         0    100.77
0         0   100.755
0         0   100.736
0         0   100.721
0         0   100.702
0         0   100.687
0         0    100.67
0         0   100.653
0         0   100.634
0         0   100.618
0         0     100.6
0         0   100.585
0         0   100.567
0         0   100.551
0         0   100.533
0         0   100.518
0         0   100.499
0         0   100.482
0         0   100.465
0         0    100.45
0         0   100.434
0         0   100.417
0         0   100.399
0         0   100.383
0         0   100.367
0         0   100.351
0         0   100.333
0         0   100.316
0         0     100.3
0         0   100.285
0         0   100.267
0         0    100.25
0         0   100.233
0         0   100.217
0         0     100.2
0         0   100.184
0         0   100.167
0         0    100.15
0         0   100.134
0         0   100.118
0         0     100.1
0         0   100.084
0         0   100.067
0         0    100.05
0         0   100.034
0         0   100.016
0         0       100
0         0   99.9825
0         0   99.9676
0         0    99.949
0         0   99.9331
0         0   99.9166
0         0   99.9002
0         0   99.8796
0         0   99.8677
0         0   99.8489
0         0   99.8339
0         0   99.8173
0         0   99.8015
0         0   99.7831
0         0   99.7673
0         0     99.75
0         0   99.7344
0         0   99.7173
0         0   99.7013
0         0   99.6835
0         0   99.6678
0         0   99.6516
0         0   99.6352
0         0   99.6177
0         0   99.6017
0         0   99.5846
0         0   99.5674
0         0   99.5504
0         0   99.5342
0         0   99.5178
0         0   99.5016
0         0   99.4848
0         0   99.4666
0         0   99.4503
0         0   99.4339
0         0   99.4182
0         0   99.4006
0         0   99.3841
0         0   99.3669
0         0   99.3514
0         0    99.333
0         0   99.3182
0         0   99.3018
0         0   99.2855
0         0   99.2676
0         0   99.2492
0         0   99.2316
0         0    99.217
0         0   99.1977
0         0   99.1832
0         0   99.1644
0         0    99.148
0         0   99.1305
0         0   99.1157
0         0   99.0989
0         0   99.0824
0         0   99.0655
0         0   99.0487
0         0   99.0318
0         0   99.0154
0         0   98.9981
0         0   98.9804
0         0   98.9642
0         0   98.9479
0         0   98.9297
0         0   98.9142
0         0   98.8967
0         0   98.8797
0         0   98.8614
0         0   98.8457
0         0   98.8279
0         0   98.8116
0         0   98.7949
0         0   98.7777
0         0   98.7605
0         0   98.7435
0         0   98.7261
0         0   98.7106
0         0   98.6937
0         0   98.6768
0         0   98.6603
0         0   98.6434
0         0   98.6256
0         0   98.6103
0         0   98.5934
0         0   98.5764
0         0   98.5602
0         0   98.5441
0         0   98.5274
0         0   98.5106
0         0   98.4931
0         0   98.4761
0         0   98.4599
0         0   98.4435
0         0   98.4257
0         0   98.4088
0         0   98.3921
0         0    98.375
0         0   98.3589
0         0   98.3411
0         0   98.3256
0         0   98.3084
0         0   98.2929
0         0   98.2744
0         0    98.259
0         0   98.2405
0         0   98.2244
0         0   98.2061
0         0   98.1921
0         0   98.1725
0         0   98.1571
0         0   98.1374
0         0   98.1233
0         0   98.1071
0         0   98.0904
0         0   98.0734
0         0   98.0572
0         0   98.0389
0         0   98.0237
0         0   98.0063
0         0   97.9891
0         0   97.9699
0         0   97.9551
0         0   97.9383
0         0   97.9213
0         0   97.9033
0         0   97.8877
0         0   97.8714
0         0   97.8545
0         0   97.8375
0         0   97.8214
0         0   97.8051
0         0   97.7873
0         0   97.7698
0         0   97.7536
0         0   97.7363
0         0   97.7194
0         0   97.7019
0         0   97.6859
0         0   97.6693
0         0   97.6514
0         0   97.6352
0         0   97.6186
0         0   97.6024
0         0   97.5856
0         0   97.5692
0         0   97.5515
0         0   97.5357
0         0   97.5173
0         0   97.5015
0         0    97.484
0         0   97.4676
0         0   97.4515
0         0   97.4354
0         0   97.4178
0         0   97.4011
0         0   97.3834
0         0   97.3682
0         0   97.3508
0         0   97.3342
0         0   97.3175
0         0   97.3014
0         0   97.2844
0         0   97.2685
0         0   97.2487
0         0   97.2334
0         0   97.2159
0         0   97.2006
0         0   97.1831
0         0    97.167
0         0   97.1487
0         0   97.1336
0         0    97.116
0         0   97.0996
0         0   97.0833
0         0   97.0678
0         0   97.0491
0         0   97.0332
0         0   97.0152
0         0   96.9991
0         0   96.9834
0         0   96.9667
0         0   96.9503
0         0   96.9327
0         0   96.9166
0         0   96.9001
0         0   96.8827
0         0   96.8675
0         0   96.8491
0         0   96.8348
0         0   96.8177
0         0   96.8018
0         0   96.7858
0         0   96.7686
0         0    96.752
0         0   96.7358
0         0   96.7195
0         0   96.7028
0         0   96.6858
0         0   96.6704
0         0   96.6538
0         0   96.6364
0         0   96.6204
0         0   96.6026
0         0   96.5856
0         0   96.5681
0         0   96.5516
0         0   96.5353
0         0   96.5187
0         0   96.5006
0         0   96.4834
0         0   96.4661
0         0   96.4509
0         0   96.4342
0         0   96.4183
0         0   96.3994
0         0   96.3843
0         0   96.3679
0         0   96.3517
0         0   96.3335
0         0   96.3179
0         0   96.2988
0         0   96.2837
0         0   96.2658
0         0   96.2502
0         0   96.2325
0         0   96.2167
0         0   96.1982
0         0   96.1817
0         0   96.1642
0         0   96.1493
0         0   96.1315
0         0   96.1152
0         0   96.0972
0         0   96.0808
0         0   96.0617
0         0   96.0459
0         0   96.0272
0         0   96.0116
0         0   95.9925
0         0   95.9778
0         0   95.9619
0         0   95.9449
0         0   95.9274
0         0   95.9093
0         0   95.8931
0         0   95.8768
0         0   95.8567
0         0   95.8419
0         0   95.8235
0         0   95.8074
0         0   95.7898
0         0   95.7745
0         0   95.7568
0         0   95.7404
0         0     95.72
0         0   95.7057
0         0    95.689
0         0   95.6729
0         0   95.6556
0         0    95.639
0         0   95.6216
0         0   95.6055
0         0   95.5877
0         0   95.5696
0         0   95.5529
0         0   95.5356
0         0   95.5194
0         0   95.5022
0         0   95.4857
0         0   95.4687
0         0   95.4526
0         0   95.4347
0         0   95.4191
0         0   95.4031
0         0    95.387
0         0   95.3708
0         0   95.3539
0         0   95.3358
0         0   95.3203
0         0    95.302
0         0   95.2864
0         0   95.2693
0         0   95.2522
0         0   95.2349
0         0   95.2173
0         0   95.2013
0         0   95.1843
0         0   95.1657
0         0   95.1503
0         0   95.1326
0         0   95.1156
0         0   95.0982
0         0   95.0826
0         0   95.0648
0         0   95.0485
0         0   95.0319
0         0    95.015
0         0   94.9987
0         0   94.9818
0         0   94.9649
0         0   94.9486
0         0   94.9306
0         0   94.9143
0         0   94.8961
0         0   94.8816
0         0   94.8632
0         0   94.8454
0         0   94.8301
0         0   94.8144
0         0   94.7957
0         0   94.7818
0         0   94.7634
0         0   94.7483
0         0   94.7312
0         0    94.716
0         0   94.6978
0         0   94.6814
0         0    94.664
0         0   94.6485
0         0   94.6311
0         0   94.6132
0         0   94.5974
0         0   94.5808
0         0   94.5626
0         0   94.5468
0         0   94.5299
0         0   94.5147
0         0   94.4975
0         0   94.4801
0         0   94.4626
0         0   94.4465
0         0   94.4301
0         0   94.4107
0         0   94.3965
0         0   94.3798
0         0   94.3632
0         0   94.3465
0         0   94.3288
0         0   94.3117
0         0   94.2939
0         0   94.2771
0         0   94.2612
0         0   94.2442
0         0   94.2258
0         0   94.2092
0         0   94.1935
0         0   94.1752
0         0   94.1591
0         0   94.1407
0         0   94.1268
0         0   94.1077
0         0   94.0918
0         0   94.0736
0         0   94.0586
0         0    94.042
0         0   94.0249
0         0   94.0068
0         0   93.9903
0         0   93.9712
0         0   93.9564
0         0   93.9369
0         0   93.9227
0         0    93.905
0         0   93.8897
0         0     93.87
0         0    93.857
0         0   93.8395
0         0   93.8235
0         0   93.8052
0         0   93.7885
0         0   93.7722
0         0    93.756
0         0   93.7388
0         0   93.7224
0         0   93.7038
0         0   93.6894
0         0   93.6721
0         0   93.6555
0         0   93.6394
0         0   93.6212
0         0   93.6068
0         0   93.5906
0         0   93.5746
0         0   93.5573
0         0   93.5404
0         0   93.5243
0         0   93.5085
0         0   93.4898
0         0   93.4745
0         0   93.4558
0         0   93.4415
0         0    93.423
0         0   93.4068
0         0   93.3895
0         0   93.3733
0         0   93.3546
0         0   93.3393
0         0   93.3205
0         0   93.3053
0         0   93.2866
0         0   93.2707
0         0   93.2522
0         0    93.237
0         0   93.2176
0         0   93.2026
0         0   93.1842
0         0   93.1691
0         0   93.1507
0         0   93.1341
0         0   93.1167
0         0   93.1011
0         0   93.0836
0         0   93.0681
0         0   93.0486
0         0   93.0334
0         0   93.0157
0         0   93.0007
0         0   92.9821
0         0   92.9651
0         0   92.9484
0         0   92.9332
0         0   92.9154
0         0   92.8995
0         0   92.8817
0         0   92.8652
0         0   92.8479
0         0   92.8325
0         0   92.8156
0         0   92.7993
0         0   92.7823
0         0   92.7648
0         0   92.7491
0         0   92.7323
0         0   92.7148
0         0   92.6972
0         0   92.6823
0         0   92.6649
0         0   92.6479
0         0   92.6316
0         0   92.6146
0         0   92.5975
0         0   92.5806
0         0    92.563
0         0   92.5469
0         0   92.5289
0         0   92.5133
0         0   92.4949
0         0    92.478
0         0   92.4618
0         0   92.4455
0         0   92.4279
0         0    92.412
0         0    92.393
0         0   92.3775
0         0   92.3615
0         0   92.3454
0         0   92.3267
0         0   92.3093
0         0   92.2926
0         0   92.2778
0         0   92.2601
0         0   92.2436
0         0   92.2253
0         0   92.2093
0         0   92.1915
0         0   92.1752
0         0   92.1585
0         0   92.1419
0         0   92.1236
0         0   92.1084
0         0     92.09
0         0   92.0763
0         0    92.059
0         0   92.0431
0         0   92.0247
0         0   92.0084
0         0   91.9928
0         0   91.9767
0         0   91.9564
0         0   91.9412
0         0   91.9259
0         0   91.9093
0         0   91.8918
0         0   91.8754
0         0   91.8581
0         0   91.8412
0         0   91.8247
0         0   91.8087
0         0   91.7916
0         0   91.7745
0         0   91.7587
0         0   91.7418
0         0   91.7257
0         0   91.7067
0         0   91.6916
0         0   91.6735
0         0   91.6577
0         0    91.638
0         0   91.6249
0         0   91.6068
0         0    91.592
0         0    91.574
0         0   91.5577
0         0   91.5394
0         0   91.5241
0         0   91.5056
0         0   91.4907
0         0   91.4725
0         0   91.4576
0         0   91.4372
0         0   91.4229
0         0    91.404
0         0   91.3891
0         0   91.3708
0         0   91.3547
0         0   91.3363
0         0   91.3214
0         0   91.3039
0         0   91.2881
0         0   91.2694
0         0   91.2544
0         0   91.2363
0         0   91.2217
0         0    91.205
0         0   91.1882
0         0   91.1698
0         0   91.1537
0         0   91.1368
0         0   91.1205
0         0   91.1034
0         0   91.0866
0         0   91.0691
0         0   91.0522
0         0   91.0355
0         0   91.0182
0         0   91.0029
0         0   90.9864
0         0   90.9685
0         0    90.953
0         0   90.9366
0         0   90.9194
0         0   90.9034
0         0   90.8855
0         0   90.8691
0         0    90.853
0         0   90.8372
0         0   90.8189
0         0    90.803
0         0   90.7853
0         0   90.7692
0         0   90.7508
0         0   90.7354
0         0   90.7174
0         0   90.7014
0         0    90.684
0         0   90.6674
0         0   90.6483
0         0    90.634
0         0   90.6162
0         0   90.6007
0         0   90.5811
0         0   90.5667
0         0   90.5477
0         0   90.5321
0         0   90.5115
0         0   90.4982
0         0   90.4798
0         0   90.4634
0         0   90.4479
0         0   90.4313
0         0   90.4131
0         0    90.397
0         0   90.3787
0         0   90.3631
0         0   90.3445
0         0   90.3294
0         0   90.3116
0         0   90.2945
0         0   90.2776
0         0   90.2599
0         0   90.2428
0         0   90.2261
0         0    90.209
0         0   90.1931
0         0   90.1755
0         0   90.1583
0         0   90.1411
0         0    90.125
0         0   90.1086
0         0    90.091
0         0   90.0755
0         0   90.0589
0         0   90.0427
0         0   90.0254
0         0   90.0094
0         0   89.9925
0         0   89.9763
0         0   89.9593
0         0    89.944
0         0    89.925
0         0   89.9092
0         0   89.8901
0         0   89.8757
0         0   89.8573
0         0   89.8426
0         0   89.8247
0         0   89.8092
0         0   89.7917
0         0   89.7764
0         0   89.7595
0         0   89.7429
0         0   89.7259
0         0   89.7087
0         0   89.6916
0         0   89.6763
0         0   89.6598
0         0   89.6433
0         0   89.6234
0         0   89.6083
0         0   89.5903
0         0   89.5751
0         0   89.5574
0         0   89.5409
0         0   89.5249
0         0   89.5081
0         0   89.4901
0         0    89.474
0         0   89.4569
0         0   89.4396
0         0   89.4242
0         0   89.4067
0         0   89.3894
0         0   89.3732
0         0   89.3561
0         0   89.3391
0         0   89.3209
0         0   89.3063
0         0   89.2904
0         0   89.2725
0         0   89.2574
0         0   89.2391
0         0   89.2233
0         0   89.2052
0         0   89.1905
0         0   89.1719
0         0   89.1569
0         0   89.1392
0         0   89.1228
0         0   89.1043
0         0   89.0892
0         0   89.0719
0         0    89.056
0         0    89.038
0         0   89.0233
0         0   89.0033
0         0   88.9881
0         0   88.9696
0         0   88.9531
0         0   88.9352
0         0   88.9171
0         0   88.9017
0         0   88.8847
0         0   88.8668
0         0   88.8519
0         0   88.8339
0         0   88.8185
0         0   88.7983
0         0   88.7837
0         0   88.7655
0         0   88.7481
0         0   88.7306
0         0   88.7157
0         0   88.6975
0         0   88.6821
0         0   88.6604
0         0   88.6483
0         0   88.6318
0         0   88.6154
0         0   88.5968
0         0   88.5816
0         0   88.5656
0         0   88.5491
0         0    88.531
0         0   88.5155
0         0   88.4987
0         0   88.4827
0         0   88.4652
0         0   88.4489
0         0   88.4313
0         0   88.4143
0         0   88.3972
0         0   88.3807
0         0   88.3636
0         0   88.3472
0         0   88.3302
0         0   88.3147
0         0   88.2973
0         0   88.2813
0         0   88.2637
0         0   88.2459
0         0   88.2295
0         0   88.2132
0         0   88.1959
0         0   88.1775
0         0   88.1621
0         0   88.1446
0         0   88.1276
0         0   88.1107
0         0   88.0938
0         0   88.0772
0         0   88.0625
0         0   88.0437
0         0   88.0285
0         0   88.0104
0         0   87.9956
0         0   87.9761
0         0   87.9633
0         0    87.945
0         0   87.9293
0         0   87.9126
0         0   87.8969
0         0   87.8793
0         0   87.8634
0         0   87.8449
0         0   87.8305
0         0   87.8129
0         0   87.7969
0         0   87.7802
0         0   87.7636
0         0   87.7466
0         0   87.7302
0         0   87.7132
0         0   87.6968
0         0   87.6799
0         0   87.6639
0         0   87.6471
0         0   87.6304
0         0   87.6134
0         0   87.5966
0         0   87.5786
0         0   87.5616
0         0   87.5453
0         0   87.5291
0         0   87.5128
0         0   87.4956
0         0   87.4795
0         0   87.4636
0         0   87.4478
0         0   87.4288
0         0   87.4132
0         0   87.3959
0         0   87.3806
0         0    87.362
0         0   87.3471
0         0   87.3283
0         0   87.3134
0         0   87.2965
0         0   87.2802
0         0   87.2608
0         0   87.2462
0         0   87.2278
0         0   87.2124
0         0   87.1941
0         0   87.1789
0         0   87.1615
0         0   87.1443
0         0   87.1241
0         0   87.1104
0         0   87.0929
0         0   87.0757
0         0   87.0576
0         0   87.0413
0         0   87.0246
0         0   87.0077
0         0   86.9878
0         0   86.9739
0         0   86.9564
0         0   86.9401
0         0    86.921
0         0    86.905
0         0   86.8882
0         0   86.8727
0         0   86.8555
0         0   86.8403
0         0    86.823
0         0   86.8047
0         0   86.7883
0         0   86.7722
0         0   86.7553
0         0   86.7389
0         0   86.7219
0         0   86.7046
0         0   86.6888
0         0   86.6718
0         0   86.6552
0         0    86.639
0         0   86.6226
0         0   86.6053
0         0   86.5893
0         0     86.57
0         0   86.5561
0         0   86.5373
0         0   86.5229
0         0   86.5037
0         0   86.4876
0         0   86.4708
0         0   86.4533
0         0   86.4364
0         0   86.4197
0         0   86.4022
0         0   86.3842
0         0    86.367
0         0   86.3518
0         0   86.3334
0         0   86.3178
0         0   86.2988
0         0   86.2837
0         0   86.2651
0         0   86.2502
0         0    86.231
0         0   86.2144
0         0   86.1979
0         0   86.1825
0         0   86.1642
0         0   86.1491
0         0   86.1318
0         0   86.1154
0         0   86.0976
0         0   86.0817
0         0   86.0634
0         0   86.0472
0         0   86.0281
0         0   86.0118
0         0   85.9946
0         0   85.9788
0         0   85.9604
0         0   85.9439
0         0   85.9276
0         0   85.9118
0         0   85.8948
0         0   85.8779
0         0   85.8602
0         0   85.8438
0         0    85.826
0         0   85.8105
0         0   85.7936
0         0   85.7772
0         0   85.7597
0         0   85.7441
0         0    85.726
0         0   85.7093
0         0   85.6927
0         0   85.6765
0         0    85.659
0         0   85.6418
0         0   85.6249
0         0   85.6083
0         0   85.5914
0         0    85.574
0         0   85.5591
0         0   85.5423
0         0   85.5273
0         0   85.5068
0         0   85.4928
0         0   85.4755
0         0   85.4591
0         0   85.4421
0         0   85.4255
0         0   85.4078
0         0   85.3923
0         0   85.3754
0         0    85.359
0         0   85.3411
0         0   85.3247
0         0   85.3074
0         0   85.2929
0         0   85.2738
0         0   85.2587
0         0   85.2396
0         0   85.2244
0         0   85.2072
0         0     85.19
0         0   85.1721
0         0   85.1573
0         0   85.1389
0         0   85.1235
0         0   85.1055
0         0   85.0892
0         0   85.0706
0         0   85.0554
0         0   85.0386
0         0   85.0222
0         0   85.0052
0         0   84.9889
0         0   84.9715
0         0   84.9559
0         0   84.9382
0         0   84.9221
0         0   84.9045
0         0   84.8881
0         0   84.8704
0         0   84.8536
0         0   84.8356
0         0   84.8194
0         0   84.8023
0         0   84.7858
0         0   84.7692
0         0   84.7515
0         0   84.7354
0         0   84.7192
0         0   84.7023
0         0   84.6857
0         0   84.6681
0         0   84.6498
0         0   84.6343
0         0   84.6168
0         0   84.6006
0         0   84.5835
0         0   84.5666
0         0   84.5481
0         0   84.5338
0         0   84.5156
0         0   84.5006
0         0    84.483
0         0   84.4658
0         0   84.4489
0         0   84.4315
0         0   84.4146
0         0   84.3991
0         0   84.3826
0         0   84.3659
0         0   84.3481
0         0    84.332
0         0   84.3154
0         0   84.2984
0         0   84.2798
0         0   84.2644
0         0   84.2487
0         0   84.2308
0         0   84.2158
0         0   84.1986
0         0   84.1835
0         0   84.1659
0         0   84.1505
0         0   84.1321
0         0   84.1171
0         0   84.0988
0         0   84.0838
0         0   84.0648
0         0   84.0504
0         0   84.0318
0         0   84.0167
0         0   83.9993
0         0   83.9836
0         0   83.9651
0         0   83.9488
0         0   83.9314
0         0   83.9163
0         0   83.9001
0         0   83.8842
0         0   83.8663
0         0   83.8503
0         0   83.8322
0         0   83.8166
0         0    83.799
0         0   83.7827
0         0   83.7656
0         0   83.7486
0         0   83.7319
0         0   83.7156
0         0   83.6979
0         0    83.682
0         0   83.6644
0         0    83.648
0         0   83.6316
0         0   83.6155
0         0    83.599
0         0   83.5817
0         0   83.5645
0         0   83.5494
0         0   83.5329
0         0   83.5151
0         0   83.4988
0         0   83.4812
0         0   83.4656
0         0   83.4473
0         0    83.431
0         0   83.4116
0         0   83.3973
0         0   83.3791
0         0   83.3636
0         0    83.345
0         0   83.3304
0         0    83.312
0         0   83.2981
0         0   83.2783
0         0   83.2635
0         0    83.245
0         0   83.2301
0         0   83.2136
0         0   83.1967
0         0   83.1758
0         0   83.1628
0         0   83.1448
0         0   83.1281
0         0   83.1084
0         0   83.0935
0         0   83.0747
0         0     83.06
0         0   83.0413
0         0    83.025
0         0   83.0079
0         0   82.9914
0         0   82.9728
0         0   82.9568
0         0   82.9393
0         0   82.9222
0         0    82.905
0         0   82.8884
0         0   82.8714
0         0   82.8554
0         0   82.8377
0         0   82.8214
0         0   82.8015
0         0   82.7868
0         0   82.7681
0         0   82.7525
0         0    82.733
0         0   82.7177
0         0   82.6994
0         0   82.6842
0         0   82.6667
0         0   82.6495
0         0   82.6325
0         0   82.6162
0         0   82.5981
0         0   82.5818
0         0   82.5662
0         0   82.5501
0         0   82.5341
0         0   82.5177
0         0    82.501
0         0   82.4844
0         0    82.468
0         0   82.4512
0         0   82.4344
0         0    82.416
0         0   82.3994
0         0   82.3829
0         0    82.366
0         0   82.3502
0         0   82.3338
0         0   82.3149
0         0   82.2985
0         0   82.2814
0         0   82.2663
0         0   82.2473
0         0   82.2315
0         0   82.2142
0         0   82.1986
0         0   82.1823
0         0   82.1647
0         0   82.1486
0         0   82.1322
0         0   82.1161
0         0   82.0992
0         0   82.0815
0         0   82.0652
0         0   82.0486
0         0   82.0305
0         0   82.0149
0         0   81.9981
0         0   81.9807
0         0   81.9636
0         0   81.9456
0         0   81.9272
0         0   81.9111
0         0    81.894
0         0   81.8794
0         0   81.8618
0         0   81.8457
0         0   81.8283
0         0   81.8116
0         0   81.7955
0         0   81.7786
0         0   81.7606
0         0   81.7454
0         0   81.7258
0         0   81.7118
0         0   81.6935
0         0   81.6781
0         0   81.6601
0         0   81.6449
0         0   81.6273
0         0    81.611
0         0   81.5945
0         0   81.5782
0         0   81.5601
0         0   81.5442
0         0   81.5268
0         0   81.5112
0         0   81.4926
0         0   81.4768
0         0   81.4578
0         0   81.4416
0         0   81.4251
0         0   81.4081
0         0   81.3899
0         0   81.3736
0         0   81.3564
0         0   81.3395
0         0   81.3224
0         0   81.3055
0         0   81.2887
0         0   81.2709
0         0   81.2553
0         0   81.2382
0         0   81.2217
0         0   81.2047
0         0   81.1893
0         0   81.1717
0         0   81.1549
0         0   81.1391
0         0   81.1223
0         0   81.1041
0         0   81.0886
0         0   81.0688
0         0   81.0533
0         0   81.0345
0         0   81.0194
0         0   81.0008
0         0   80.9855
0         0   80.9685
0         0   80.9519
0         0   80.9336
0         0   80.9183
0         0   80.8997
0         0   80.8838
0         0   80.8669
0         0   80.8505
0         0   80.8335
0         0   80.8187
0         0      80.8
0         0   80.7839
0         0   80.7665
0         0   80.7506
0         0   80.7324
0         0   80.7168
0         0   80.6989
0         0   80.6812
0         0   80.6645
0         0   80.6481
0         0   80.6274
0         0   80.6129
0         0   80.5963
0         0   80.5798
0         0     80.56
0         0   80.5456
0         0   80.5272
0         0   80.5118
0         0   80.4936
0         0   80.4781
0         0   80.4595
0         0   80.4441
0         0   80.4247
0         0    80.409
0         0   80.3916
0         0    80.376
0         0   80.3574
0         0   80.3419
0         0   80.3243
0         0   80.3084
0         0   80.2909
0         0   80.2747
0         0   80.2562
0         0   80.2408
0         0   80.2233
0         0   80.2066
0         0   80.1893
0         0   80.1741
0         0   80.1543
0         0   80.1395
0         0   80.1212
0         0   80.1062
0         0   80.0877
0         0   80.0712
0         0   80.0557
0         0   80.0387
0         0   80.0216
0         0   80.0049
0         0   79.9883
0         0   79.9725
0         0   79.9539
0         0   79.9377
0         0   79.9201
0         0   79.9032
0         0   79.8839
0         0   79.8677
0         0   79.8499
0         0   79.8337
0         0   79.8152
0         0   79.8016
0         0   79.7844
0         0   79.7676
0         0     79.75
0         0   79.7343
0         0    79.718
0         0   79.6999
0         0   79.6843
0         0    79.668
0         0   79.6498
0         0   79.6329
0         0   79.6177
0         0   79.6015
0         0   79.5844
0         0   79.5671
0         0   79.5502
0         0   79.5338
0         0   79.5182
0         0   79.5006
0         0   79.4839
0         0   79.4671
0         0   79.4505
0         0   79.4337
0         0   79.4172
0         0   79.4007
0         0   79.3845
0         0    79.367
0         0   79.3514
0         0   79.3343
0         0   79.3182
0         0    79.303
0         0   79.2867
0         0   79.2697
0         0   79.2539
0         0   79.2368
0         0   79.2202
0         0   79.2028
0         0    79.187
0         0    79.168
0         0   79.1536
0         0   79.1371
0         0   79.1206
0         0   79.1044
0         0   79.0868
0         0   79.0685
0         0   79.0516
0         0   79.0351
0         0   79.0178
0         0   79.0024
0         0   78.9862
0         0   78.9691
0         0    78.951
0         0   78.9362
0         0   78.9173
0         0    78.902
0         0   78.8844
0         0   78.8684
0         0   78.8494
0         0   78.8333
0         0   78.8144
0         0   78.8005
0         0   78.7818
0         0   78.7661
0         0   78.7474
0         0   78.7333
0         0   78.7144
0         0   78.6992
0         0   78.6828
0         0   78.6649
0         0   78.6485
0         0   78.6331
0         0   78.6158
0         0   78.5996
0         0   78.5816
0         0   78.5664
0         0   78.5483
0         0   78.5321
0         0   78.5152
0         0   78.4984
0         0    78.482
0         0   78.4655
0         0   78.4486
0         0   78.4304
0         0   78.4134
0         0   78.3987
0         0   78.3821
0         0   78.3654
0         0   78.3481
0         0   78.3308
0         0   78.3154
0         0   78.2976
0         0   78.2812
0         0   78.2648
0         0   78.2478
0         0   78.2302
0         0    78.214
0         0   78.1958
0         0   78.1805
0         0   78.1628
0         0   78.1472
0         0     78.13
0         0   78.1137
0         0   78.0957
0         0   78.0805
0         0   78.0619
0         0   78.0473
0         0   78.0287
0         0   78.0121
0         0   77.9972
0         0   77.9815
0         0   77.9652
0         0   77.9472
0         0   77.9284
0         0   77.9127
0         0   77.8945
0         0   77.8794
0         0   77.8628
0         0   77.8464
0         0   77.8263
0         0   77.8139
0         0   77.7979
0         0   77.7807
0         0   77.7633
0         0   77.7467
0         0   77.7301
0         0   77.7123
0         0   77.6963
0         0   77.6785
0         0   77.6627
0         0   77.6459
0         0   77.6284
0         0   77.6121
0         0   77.5951
0         0   77.5796
0         0   77.5626
0         0   77.5438
0         0   77.5292
0         0   77.5128
0         0   77.4956
0         0   77.4771
0         0   77.4617
0         0   77.4443
0         0   77.4282
0         0   77.4119
0         0   77.3953
0         0   77.3764
0         0   77.3607
0         0   77.3446
0         0   77.3288
0         0   77.3106
0         0    77.295
0         0   77.2761
0         0   77.2603
0         0   77.2418
0         0   77.2268
0         0   77.2079
0         0   77.1912
0         0   77.1725
0         0   77.1581
0         0     77.14
0         0    77.125
0         0   77.1068
0         0   77.0912
0         0   77.0726
0         0   77.0579
0         0   77.0385
0         0   77.0216
0         0   77.0038
0         0   76.9896
0         0    76.973
0         0   76.9562
0         0   76.9381
0         0   76.9226
0         0   76.9041
0         0    76.889
0         0   76.8721
0         0   76.8543
0         0   76.8366
0         0   76.8204
0         0   76.8041
0         0   76.7883
0         0   76.7707
0         0   76.7543
0         0   76.7377
0         0   76.7205
0         0   76.7032
0         0   76.6874
0         0   76.6689
0         0   76.6535
0         0   76.6358
0         0   76.6192
0         0   76.6037
0         0   76.5851
0         0   76.5678
0         0   76.5529
0         0   76.5361
0         0   76.5203
0         0   76.5037
0         0   76.4864
0         0   76.4696
0         0   76.4544
0         0   76.4379
0         0     76.42
0         0   76.4039
0         0   76.3861
0         0   76.3699
0         0   76.3537
0         0   76.3362
0         0   76.3182
0         0   76.3025
0         0   76.2853
0         0   76.2685
0         0   76.2515
0         0   76.2341
0         0   76.2176
0         0   76.2025
0         0   76.1864
0         0   76.1706
0         0   76.1536
0         0   76.1382
0         0   76.1204
0         0   76.1035
0         0   76.0866
0         0   76.0706
0         0   76.0534
0         0   76.0372
0         0   76.0188
0         0   76.0035
0         0    75.986
0         0   75.9688
0         0   75.9526
0         0    75.935
0         0   75.9189
0         0   75.9023
0         0   75.8859
0         0   75.8688
0         0   75.8527
0         0   75.8354
0         0   75.8182
0         0   75.8009
0         0   75.7861
0         0   75.7656
0         0   75.7523
0         0   75.7352
0         0     75.72
0         0   75.7012
0         0   75.6873
0         0   75.6668
0         0   75.6536
0         0    75.635
0         0    75.621
0         0   75.6022
0         0   75.5868
0         0   75.5684
0         0   75.5535
0         0   75.5367
0         0   75.5201
0         0   75.5006
0         0   75.4858
0         0   75.4686
0         0   75.4517
0         0   75.4351
0         0   75.4185
0         0    75.401
0         0   75.3846
0         0   75.3667
0         0   75.3506
0         0   75.3338
0         0    75.318
0         0   75.2991
0         0   75.2831
0         0   75.2665
0         0   75.2503
0         0   75.2334
0         0   75.2171
0         0   75.2007
0         0   75.1825
0         0   75.1663
0         0   75.1493
0         0   75.1325
0         0   75.1156
0         0   75.0987
0         0    75.081
0         0   75.0658
0         0   75.0479
0         0   75.0321
0         0   75.0154
0         0   74.9987
0         0   74.9826
0         0   74.9669
0         0   74.9491
0         0   74.9308
0         0   74.9138
0         0   74.8981
0         0   74.8805
0         0   74.8652
0         0   74.8474
0         0     74.83
0         0   74.8128
0         0   74.7968
0         0   74.7793
0         0   74.7641
0         0    74.746
0         0     74.73
0         0    74.712
0         0   74.6968
0         0   74.6787
0         0   74.6627
0         0    74.643
0         0   74.6276
0         0   74.6095
0         0   74.5936
0         0   74.5755
0         0   74.5591
0         0   74.5419
0         0   74.5259
0         0   74.5072
0         0   74.4927
0         0   74.4743
0         0   74.4587
0         0   74.4404
0         0   74.4265
0         0   74.4083
0         0   74.3915
0         0   74.3752
0         0   74.3589
0         0   74.3416
0         0   74.3248
0         0   74.3071
0         0   74.2913
0         0   74.2736
0         0   74.2568
0         0   74.2403
0         0   74.2244
0         0   74.2081
0         0   74.1907
0         0    74.174
0         0   74.1573
0         0   74.1417
0         0   74.1218
0         0   74.1064
0         0   74.0905
0         0   74.0737
0         0   74.0556
0         0   74.0381
0         0   74.0201
0         0   74.0027
0         0   73.9875
0         0   73.9714
0         0   73.9533
0         0   73.9369
0         0   73.9184
0         0   73.9027
0         0   73.8836
0         0   73.8682
0         0   73.8513
0         0   73.8344
0         0   73.8172
0         0   73.8009
0         0   73.7827
0         0   73.7657
0         0    73.749
0         0   73.7329
0         0   73.7144
0         0   73.6999
0         0   73.6822
0         0   73.6669
0         0   73.6474
0         0   73.6328
0         0   73.6146
0         0   73.5991
0         0    73.582
0         0   73.5655
0         0   73.5453
0         0   73.5307
0         0    73.514
0         0   73.4968
0         0   73.4784
0         0   73.4632
0         0   73.4453
0         0    73.428
0         0   73.4093
0         0   73.3953
0         0   73.3782
0         0    73.361
0         0   73.3432
0         0   73.3266
0         0    73.307
0         0    73.293
0         0   73.2735
0         0    73.258
0         0    73.242
0         0   73.2253
0         0   73.2085
0         0   73.1922
0         0   73.1742
0         0   73.1575
0         0   73.1401
0         0   73.1236
0         0   73.1064
0         0   73.0897
0         0   73.0727
0         0    73.057
0         0   73.0397
0         0   73.0229
0         0   73.0047
0         0   72.9888
0         0   72.9726
0         0   72.9559
0         0   72.9398
0         0   72.9228
0         0   72.9063
0         0   72.8883
0         0   72.8717
0         0   72.8542
0         0   72.8381
0         0    72.822
0         0   72.8053
0         0    72.787
0         0   72.7714
0         0   72.7524
0         0    72.738
0         0   72.7205
0         0   72.7043
0         0   72.6869
0         0   72.6712
0         0   72.6526
0         0   72.6367
0         0   72.6192
0         0   72.6039
0         0   72.5849
0         0   72.5703
0         0   72.5522
0         0   72.5373
0         0   72.5198
0         0   72.5032
0         0    72.486
0         0   72.4689
0         0   72.4523
0         0   72.4354
0         0   72.4183
0         0   72.3994
0         0   72.3841
0         0   72.3678
0         0   72.3506
0         0   72.3343
0         0    72.317
0         0   72.3009
0         0    72.285
0         0   72.2685
0         0   72.2518
0         0   72.2366
0         0   72.2181
0         0   72.2021
0         0   72.1857
0         0   72.1693
0         0   72.1513
0         0   72.1353
0         0   72.1183
0         0   72.1015
0         0   72.0841
0         0   72.0668
0         0   72.0511
0         0   72.0347
0         0   72.0166
0         0   72.0006
0         0   71.9836
0         0   71.9653
0         0   71.9505
0         0   71.9338
0         0   71.9169
0         0   71.8992
0         0   71.8829
0         0   71.8642
0         0   71.8484
0         0   71.8323
0         0   71.8148
0         0   71.7974
0         0   71.7816
0         0   71.7627
0         0   71.7469
0         0   71.7291
0         0   71.7128
0         0   71.6969
0         0   71.6803
0         0   71.6606
0         0   71.6458
0         0   71.6277
0         0    71.611
0         0   71.5945
0         0    71.578
0         0   71.5585
0         0   71.5439
0         0   71.5258
0         0   71.5094
0         0   71.4921
0         0   71.4753
0         0   71.4542
0         0   71.4407
0         0   71.4233
0         0   71.4075
0         0   71.3915
0         0   71.3751
0         0   71.3568
0         0   71.3404
0         0   71.3221
0         0   71.3068
0         0   71.2865
0         0   71.2723
0         0   71.2541
0         0   71.2374
0         0   71.2195
0         0   71.2035
0         0   71.1851
0         0   71.1697
0         0   71.1528
0         0    71.137
0         0   71.1179
0         0    71.103
0         0   71.0836
0         0   71.0684
0         0   71.0504
0         0   71.0331
0         0   71.0165
0         0   70.9989
0         0   70.9835
0         0   70.9664
0         0   70.9501
0         0   70.9333
0         0   70.9153
0         0   70.9002
0         0    70.883
0         0   70.8656
0         0   70.8501
0         0   70.8291
0         0   70.8169
0         0   70.7979
0         0   70.7834
0         0   70.7663
0         0   70.7504
0         0   70.7335
0         0    70.717
0         0   70.7003
0         0   70.6841
0         0   70.6646
0         0   70.6499
0         0   70.6334
0         0   70.6174
0         0   70.5992
0         0    70.583
0         0    70.567
0         0   70.5499
0         0   70.5329
0         0   70.5161
0         0   70.4994
0         0   70.4835
0         0    70.467
0         0   70.4497
0         0   70.4335
0         0    70.416
0         0    70.398
0         0   70.3819
0         0   70.3662
0         0   70.3481
0         0   70.3328
0         0   70.3156
0         0   70.2995
0         0   70.2814
0         0   70.2657
0         0   70.2481
0         0   70.2312
0         0   70.2151
0         0   70.1988
0         0   70.1805
0         0   70.1651
0         0   70.1468
0         0   70.1313
0         0   70.1126
0         0   70.0965
0         0   70.0803
0         0   70.0637
0         0   70.0429
0         0   70.0303
0         0   70.0132
0         0   69.9966
0         0   69.9766
0         0   69.9631
0         0   69.9463
0         0   69.9303
0         0   69.9103
0         0    69.896
0         0   69.8791
0         0   69.8627
0         0   69.8456
0         0   69.8291
0         0   69.8124
0         0   69.7953
0         0    69.779
0         0   69.7626
0         0   69.7445
0         0   69.7288
0         0   69.7115
0         0    69.695
0         0   69.6787
0         0    69.662
0         0   69.6455
0         0   69.6289
0         0   69.6123
0         0   69.5954
0         0   69.5792
0         0    69.562
0         0   69.5458
0         0   69.5289
0         0   69.5124
0         0   69.4939
0         0   69.4787
0         0   69.4607
0         0   69.4455
0         0   69.4273
0         0   69.4125
0         0   69.3944
0         0   69.3793
0         0   69.3612
0         0   69.3457
0         0   69.3279
0         0   69.3124
0         0   69.2941
0         0   69.2786
0         0   69.2609
0         0   69.2451
0         0   69.2264
0         0    69.211
0         0    69.193
0         0   69.1778
0         0   69.1592
0         0   69.1434
0         0   69.1239
0         0   69.1095
0         0   69.0912
0         0   69.0743
0         0   69.0574
0         0   69.0405
0         0   69.0223
0         0   69.0071
0         0   68.9889
0         0   68.9727
0         0   68.9542
0         0   68.9392
0         0   68.9214
0         0   68.9046
0         0   68.8859
0         0    68.869
0         0   68.8532
0         0   68.8369
0         0   68.8194
0         0   68.8033
0         0   68.7848
0         0   68.7689
0         0   68.7497
0         0   68.7351
0         0   68.7168
0         0   68.7006
0         0   68.6827
0         0   68.6675
0         0   68.6494
0         0   68.6342
0         0    68.617
0         0   68.6002
0         0   68.5841
0         0   68.5666
0         0   68.5489
0         0   68.5329
0         0   68.5168
0         0   68.5003
0         0   68.4838
0         0   68.4666
0         0   68.4502
0         0   68.4334
0         0   68.4163
0         0   68.3994
0         0   68.3828
0         0   68.3652
0         0   68.3488
0         0    68.331
0         0   68.3142
0         0   68.2974
0         0   68.2807
0         0   68.2632
0         0   68.2473
0         0   68.2298
0         0   68.2144
0         0   68.1965
0         0   68.1804
0         0   68.1619
0         0   68.1475
0         0   68.1311
0         0   68.1147
0         0   68.0959
0         0   68.0805
0         0   68.0631
0         0   68.0486
0         0   68.0295
0         0    68.015
0         0   67.9951
0         0   67.9796
0         0   67.9622
0         0   67.9453
0         0    67.926
0         0   67.9127
0         0   67.8942
0         0   67.8776
0         0   67.8595
0         0   67.8431
0         0   67.8251
0         0   67.8103
0         0   67.7905
0         0   67.7757
0         0   67.7574
0         0   67.7429
0         0   67.7262
0         0     67.71
0         0   67.6919
0         0   67.6761
0         0   67.6592
0         0   67.6435
0         0   67.6267
0         0   67.6096
0         0   67.5935
0         0   67.5758
0         0   67.5584
0         0   67.5421
0         0   67.5253
0         0   67.5069
0         0   67.4919
0         0   67.4733
0         0   67.4578
0         0   67.4407
0         0   67.4228
0         0   67.4059
0         0   67.3889
0         0   67.3725
0         0   67.3561
0         0   67.3378
0         0     67.32
0         0   67.3045
0         0   67.2876
0         0   67.2699
0         0    67.253
0         0   67.2363
0         0   67.2201
0         0   67.2035
0         0    67.188
0         0   67.1693
0         0   67.1535
0         0   67.1344
0         0   67.1199
0         0   67.1023
0         0   67.0871
0         0   67.0697
0         0   67.0531
0         0   67.0358
0         0   67.0196
0         0   67.0018
0         0   66.9876
0         0   66.9689
0         0    66.953
0         0   66.9369
0         0   66.9206
0         0   66.9026
0         0   66.8851
0         0   66.8684
0         0   66.8522
0         0   66.8353
0         0    66.818
0         0    66.801
0         0   66.7849
0         0   66.7677
0         0   66.7508
0         0   66.7327
0         0   66.7158
0         0   66.6976
0         0   66.6814
0         0   66.6637
0         0   66.6488
0         0   66.6317
0         0   66.6137
0         0   66.5961
0         0   66.5804
0         0   66.5624
0         0   66.5462
0         0   66.5294
0         0   66.5144
0         0   66.4974
0         0   66.4802
0         0   66.4627
0         0   66.4462
0         0   66.4288
0         0   66.4121
0         0   66.3945
0         0    66.378
0         0   66.3609
0         0   66.3445
0         0   66.3275
0         0   66.3097
0         0    66.293
0         0   66.2766
0         0   66.2585
0         0   66.2423
0         0   66.2256
0         0    66.209
0         0   66.1925
0         0   66.1752
0         0   66.1585
0         0   66.1401
0         0   66.1234
0         0   66.1061
0         0   66.0881
0         0   66.0735
0         0   66.0567
0         0   66.0394
0         0   66.0224
0         0   66.0062
0         0   65.9897
0         0   65.9722
0         0   65.9551
0         0   65.9372
0         0   65.9214
0         0   65.9039
0         0   65.8863
0         0    65.868
0         0    65.853
0         0   65.8356
0         0   65.8177
0         0   65.8012
0         0   65.7845
0         0   65.7679
0         0    65.751
0         0   65.7338
0         0   65.7181
0         0   65.6988
0         0   65.6837
0         0   65.6665
0         0   65.6491
0         0   65.6317
0         0   65.6142
0         0   65.5968
0         0   65.5794
0         0   65.5633
0         0   65.5467
0         0    65.529
0         0   65.5146
0         0   65.4954
0         0   65.4802
0         0   65.4633
0         0   65.4468
0         0   65.4304
0         0   65.4144
0         0   65.3966
0         0   65.3796
0         0   65.3628
0         0    65.347
0         0   65.3285
0         0   65.3132
0         0   65.2935
0         0   65.2798
0         0   65.2619
0         0   65.2467
0         0   65.2284
0         0   65.2131
0         0   65.1939
0         0   65.1773
0         0   65.1584
0         0   65.1447
0         0   65.1272
0         0   65.1119
0         0   65.0931
0         0   65.0768
0         0   65.0611
0         0   65.0439
0         0   65.0256
0         0   65.0095
0         0   64.9913
0         0    64.976
0         0   64.9582
0         0   64.9407
0         0   64.9246
0         0   64.9083
0         0   64.8894
0         0   64.8737
0         0   64.8557
0         0   64.8405
0         0   64.8238
0         0   64.8073
0         0   64.7893
0         0    64.773
0         0   64.7555
0         0   64.7385
0         0   64.7216
0         0    64.705
0         0   64.6874
0         0   64.6713
0         0   64.6543
0         0   64.6378
0         0   64.6204
0         0   64.6026
0         0    64.586
0         0   64.5703
0         0   64.5532
0         0   64.5374
0         0   64.5197
0         0   64.5033
0         0   64.4866
0         0   64.4689
0         0   64.4536
0         0   64.4369
0         0   64.4197
0         0   64.4023
0         0   64.3862
0         0   64.3691
0         0   64.3533
0         0   64.3342
0         0   64.3193
0         0   64.3014
0         0   64.2849
0         0   64.2674
0         0    64.251
0         0   64.2339
0         0    64.218
0         0   64.1994
0         0   64.1835
0         0    64.165
0         0   64.1493
0         0   64.1322
0         0   64.1166
0         0   64.0959
0         0   64.0831
0         0   64.0653
0         0   64.0498
0         0   64.0304
0         0   64.0165
0         0   63.9984
0         0   63.9824
0         0   63.9659
0         0   63.9489
0         0   63.9308
0         0   63.9158
0         0   63.8983
0         0   63.8815
0         0   63.8636
0         0   63.8479
0         0   63.8302
0         0   63.8133
0         0   63.7962
0         0   63.7795
0         0   63.7626
0         0   63.7462
0         0   63.7281
0         0    63.713
0         0   63.6954
0         0    63.679
0         0   63.6627
0         0   63.6453
0         0   63.6291
0         0   63.6131
0         0   63.5966
0         0   63.5787
0         0   63.5632
0         0   63.5452
0         0   63.5293
0         0   63.5108
0         0   63.4948
0         0   63.4761
0         0   63.4594
0         0   63.4427
0         0   63.4276
0         0   63.4091
0         0   63.3927
0         0   63.3768
0         0   63.3604
0         0    63.342
0         0   63.3268
0         0   63.3084
0         0   63.2933
0         0   63.2738
0         0   63.2591
0         0   63.2408
0         0   63.2252
0         0    63.207
0         0   63.1919
0         0   63.1731
0         0   63.1569
0         0   63.1405
0         0   63.1248
0         0   63.1065
0         0   63.0904
0         0   63.0706
0         0    63.056
0         0   63.0376
0         0   63.0201
0         0   63.0019
0         0   62.9877
0         0   62.9689
0         0   62.9532
0         0   62.9348
0         0   62.9187
0         0   62.9014
0         0   62.8849
0         0   62.8659
0         0   62.8484
0         0    62.831
0         0   62.8158
0         0    62.797
0         0   62.7811
0         0   62.7633
0         0   62.7477
0         0     62.73
0         0   62.7149
0         0   62.6972
0         0   62.6804
0         0   62.6621
0         0   62.6474
0         0   62.6302
0         0   62.6131
0         0   62.5958
0         0   62.5793
0         0   62.5624
0         0   62.5461
0         0    62.528
0         0   62.5115
0         0   62.4936
0         0   62.4778
0         0   62.4605
0         0   62.4444
0         0   62.4268
0         0   62.4105
0         0   62.3938
0         0    62.378
0         0   62.3612
0         0   62.3436
0         0   62.3264
0         0   62.3096
0         0   62.2923
0         0   62.2764
0         0   62.2594
0         0   62.2432
0         0   62.2262
0         0   62.2096
0         0   62.1938
0         0   62.1766
0         0   62.1596
0         0   62.1446
0         0   62.1286
0         0   62.1111
0         0   62.0947
0         0   62.0763
0         0   62.0548
0         0    62.042
0         0   62.0268
0         0   62.0083
0         0   61.9925
0         0   61.9731
0         0   61.9589
0         0   61.9388
0         0   61.9241
0         0   61.9058
0         0   61.8898
0         0   61.8717
0         0   61.8562
0         0   61.8372
0         0   61.8223
0         0   61.8036
0         0   61.7886
0         0   61.7701
0         0   61.7555
0         0   61.7366
0         0   61.7222
0         0   61.7035
0         0   61.6877
0         0   61.6717
0         0   61.6559
0         0   61.6386
0         0   61.6217
0         0   61.6049
0         0   61.5884
0         0     61.57
0         0   61.5551
0         0   61.5345
0         0   61.5206
0         0   61.5034
0         0   61.4864
0         0   61.4693
0         0   61.4526
0         0   61.4349
0         0   61.4176
0         0   61.4015
0         0   61.3851
0         0    61.369
0         0   61.3511
0         0   61.3335
0         0   61.3177
0         0   61.2988
0         0   61.2828
0         0   61.2657
0         0   61.2489
0         0   61.2315
0         0   61.2145
0         0   61.1947
0         0   61.1801
0         0   61.1628
0         0   61.1471
0         0   61.1289
0         0   61.1135
0         0   61.0947
0         0   61.0785
0         0   61.0617
0         0   61.0453
0         0   61.0278
0         0   61.0112
0         0   60.9918
0         0   60.9766
0         0   60.9571
0         0    60.944
0         0   60.9266
0         0   60.9084
0         0   60.8903
0         0   60.8749
0         0   60.8562
0         0   60.8405
0         0   60.8231
0         0   60.8071
0         0   60.7899
0         0   60.7736
0         0    60.756
0         0   60.7401
0         0   60.7229
0         0   60.7056
0         0   60.6892
0         0   60.6732
0         0   60.6565
0         0   60.6406
0         0   60.6237
0         0   60.6065
0         0   60.5893
0         0   60.5712
0         0    60.555
0         0   60.5375
0         0   60.5201
0         0   60.5034
0         0   60.4857
0         0   60.4681
0         0   60.4515
0         0    60.435
0         0   60.4185
0         0   60.4021
0         0    60.385
0         0   60.3676
0         0   60.3519
0         0   60.3326
0         0   60.3186
0         0   60.2998
0         0   60.2844
0         0    60.266
0         0   60.2506
0         0   60.2328
0         0   60.2172
0         0      60.2
0         0   60.1853
0         0   60.1665
0         0   60.1504
0         0    60.132
0         0   60.1166
0         0   60.0964
0         0   60.0835
0         0   60.0643
0         0   60.0486
0         0   60.0313
0         0   60.0156
0         0   59.9984
0         0    59.983
0         0   59.9669
0         0   59.9501
0         0   59.9337
0         0   59.9177
0         0   59.9008
0         0   59.8837
0         0   59.8676
0         0    59.851
0         0   59.8331
0         0    59.817
0         0   59.7998
0         0   59.7835
0         0   59.7668
0         0   59.7503
0         0   59.7332
0         0   59.7152
0         0   59.6995
0         0   59.6834
0         0    59.667
0         0   59.6501
0         0   59.6348
0         0   59.6163
0         0    59.601
0         0   59.5838
0         0   59.5684
0         0   59.5498
0         0   59.5342
0         0   59.5153
0         0   59.5003
0         0   59.4815
0         0   59.4665
0         0   59.4483
0         0   59.4323
0         0   59.4155
0         0   59.4006
0         0   59.3828
0         0   59.3669
0         0   59.3501
0         0   59.3323
0         0   59.3151
0         0   59.2999
0         0   59.2841
0         0   59.2669
0         0   59.2498
0         0   59.2332
0         0   59.2156
0         0   59.2001
0         0   59.1836
0         0   59.1655
0         0   59.1494
0         0   59.1334
0         0   59.1173
0         0   59.1006
0         0   59.0842
0         0   59.0673
0         0   59.0506
0         0   59.0325
0         0   59.0174
0         0   58.9993
0         0   58.9832
0         0   58.9642
0         0   58.9483
0         0   58.9312
0         0   58.9141
0         0   58.8973
0         0   58.8814
0         0   58.8629
0         0   58.8489
0         0   58.8302
0         0   58.8152
0         0   58.7967
0         0   58.7819
0         0    58.761
0         0    58.748
0         0   58.7292
0         0   58.7127
0         0   58.6958
0         0   58.6786
0         0   58.6611
0         0   58.6445
0         0   58.6265
0         0    58.611
0         0   58.5941
0         0    58.578
0         0    58.559
0         0   58.5443
0         0   58.5256
0         0   58.5106
0         0   58.4926
0         0   58.4773
0         0   58.4587
0         0   58.4435
0         0   58.4257
0         0   58.4103
0         0   58.3929
0         0   58.3765
0         0   58.3574
0         0    58.342
0         0   58.3248
0         0   58.3081
0         0    58.289
0         0   58.2738
0         0   58.2565
0         0   58.2398
0         0   58.2216
0         0   58.2064
0         0    58.189
0         0   58.1729
0         0   58.1554
0         0   58.1387
0         0   58.1193
0         0    58.104
0         0    58.087
0         0   58.0706
0         0   58.0548
0         0   58.0377
0         0   58.0202
0         0   58.0028
0         0   57.9863
0         0   57.9693
0         0   57.9532
0         0   57.9362
0         0   57.9183
0         0    57.902
0         0   57.8855
0         0   57.8679
0         0   57.8518
0         0   57.8336
0         0   57.8167
0         0   57.7994
0         0   57.7821
0         0   57.7655
0         0   57.7481
0         0   57.7322
0         0   57.7151
0         0   57.6986
0         0   57.6815
0         0   57.6648
0         0   57.6472
0         0   57.6305
0         0   57.6135
0         0    57.597
0         0   57.5797
0         0   57.5637
0         0   57.5459
0         0   57.5298
0         0   57.5129
0         0   57.4943
0         0   57.4778
0         0   57.4619
0         0   57.4462
0         0   57.4281
0         0   57.4122
0         0    57.394
0         0   57.3801
0         0    57.361
0         0   57.3467
0         0   57.3296
0         0   57.3134
0         0   57.2951
0         0   57.2801
0         0   57.2617
0         0   57.2468
0         0   57.2268
0         0   57.2128
0         0   57.1943
0         0   57.1777
0         0   57.1602
0         0   57.1436
0         0   57.1252
0         0   57.1104
0         0   57.0939
0         0   57.0775
0         0   57.0602
0         0    57.044
0         0   57.0272
0         0   57.0091
0         0   56.9934
0         0    56.977
0         0   56.9585
0         0   56.9438
0         0   56.9266
0         0   56.9105
0         0    56.893
0         0   56.8765
0         0    56.857
0         0    56.842
0         0   56.8256
0         0   56.8085
0         0   56.7913
0         0   56.7753
0         0   56.7577
0         0   56.7411
0         0   56.7249
0         0   56.7081
0         0   56.6916
0         0   56.6751
0         0   56.6581
0         0   56.6418
0         0   56.6256
0         0    56.608
0         0   56.5934
0         0    56.575
0         0   56.5589
0         0   56.5404
0         0   56.5252
0         0   56.5062
0         0   56.4916
0         0    56.473
0         0   56.4583
0         0   56.4398
0         0    56.425
0         0    56.406
0         0   56.3903
0         0   56.3731
0         0   56.3566
0         0   56.3405
0         0   56.3239
0         0   56.3067
0         0   56.2904
0         0   56.2729
0         0   56.2565
0         0   56.2395
0         0   56.2229
0         0    56.204
0         0   56.1895
0         0   56.1732
0         0   56.1564
0         0   56.1386
0         0    56.122
0         0   56.1048
0         0   56.0891
0         0    56.071
0         0   56.0545
0         0   56.0373
0         0   56.0195
0         0   56.0043
0         0   55.9879
0         0   55.9706
0         0    55.954
0         0   55.9364
0         0   55.9193
0         0   55.9033
0         0   55.8868
0         0   55.8696
0         0   55.8529
0         0   55.8371
0         0     55.82
0         0   55.8034
0         0   55.7849
0         0   55.7699
0         0   55.7519
0         0   55.7356
0         0   55.7178
0         0   55.7014
0         0   55.6848
0         0   55.6687
0         0   55.6503
0         0   55.6354
0         0   55.6184
0         0   55.6036
0         0   55.5851
0         0   55.5694
0         0   55.5486
0         0    55.536
0         0   55.5179
0         0   55.5022
0         0   55.4816
0         0   55.4694
0         0   55.4518
0         0   55.4359
0         0   55.4165
0         0   55.4025
0         0   55.3847
0         0    55.369
0         0   55.3529
0         0   55.3358
0         0    55.319
0         0   55.3012
0         0   55.2854
0         0   55.2664
0         0   55.2497
0         0   55.2337
0         0   55.2168
0         0   55.2006
0         0    55.183
0         0   55.1672
0         0   55.1506
0         0   55.1336
0         0   55.1172
0         0   55.1004
0         0   55.0827
0         0   55.0646
0         0   55.0504
0         0   55.0311
0         0   55.0148
0         0    54.998
0         0   54.9816
0         0   54.9652
0         0   54.9485
0         0   54.9312
0         0   54.9149
0         0   54.8984
0         0   54.8832
0         0   54.8643
0         0   54.8502
0         0   54.8311
0         0   54.8174
0         0   54.8012
0         0   54.7849
0         0    54.768
0         0   54.7528
0         0   54.7349
0         0   54.7187
0         0   54.7002
0         0   54.6851
0         0   54.6677
0         0   54.6514
0         0   54.6349
0         0   54.6178
0         0   54.6011
0         0   54.5834
0         0   54.5648
0         0   54.5491
0         0   54.5309
0         0   54.5158
0         0   54.4989
0         0   54.4817
0         0   54.4644
0         0    54.447
0         0   54.4289
0         0   54.4134
0         0   54.3964
0         0     54.38
0         0   54.3633
0         0    54.347
0         0     54.33
0         0   54.3133
0         0   54.2969
0         0   54.2795
0         0   54.2629
0         0   54.2458
0         0    54.229
0         0   54.2122
0         0   54.1952
0         0   54.1779
0         0   54.1633
0         0   54.1464
0         0   54.1296
0         0   54.1108
0         0   54.0954
0         0   54.0762
0         0   54.0621
0         0    54.044
0         0   54.0293
0         0   54.0104
0         0   53.9955
0         0   53.9777
0         0   53.9628
0         0   53.9467
0         0   53.9305
0         0   53.9136
0         0   53.8978
0         0   53.8781
0         0   53.8649
0         0   53.8476
0         0   53.8325
0         0   53.8157
0         0   53.7992
0         0   53.7832
0         0   53.7663
0         0   53.7493
0         0   53.7317
0         0    53.716
0         0   53.6985
0         0   53.6831
0         0    53.665
0         0   53.6487
0         0   53.6333
0         0   53.6161
0         0   53.6002
0         0   53.5808
0         0   53.5653
0         0     53.55
0         0   53.5307
0         0    53.516
0         0   53.4989
0         0   53.4819
0         0   53.4647
0         0   53.4476
0         0   53.4292
0         0   53.4132
0         0   53.3947
0         0    53.379
0         0   53.3585
0         0    53.346
0         0   53.3285
0         0   53.3125
0         0   53.2959
0         0   53.2797
0         0   53.2605
0         0   53.2451
0         0   53.2264
0         0   53.2102
0         0   53.1907
0         0   53.1761
0         0    53.158
0         0   53.1422
0         0   53.1253
0         0   53.1088
0         0   53.0888
0         0   53.0753
0         0    53.058
0         0     53.04
0         0   53.0217
0         0    53.006
0         0   52.9895
0         0   52.9735
0         0   52.9563
0         0   52.9396
0         0   52.9226
0         0   52.9051
0         0   52.8876
0         0   52.8722
0         0   52.8554
0         0   52.8386
0         0   52.8195
0         0   52.8046
0         0   52.7855
0         0   52.7693
0         0   52.7522
0         0   52.7374
0         0     52.72
0         0   52.7038
0         0   52.6863
0         0   52.6706
0         0   52.6546
0         0   52.6372
0         0    52.621
0         0   52.6048
0         0   52.5888
0         0   52.5693
0         0   52.5543
0         0   52.5364
0         0   52.5212
0         0   52.5045
0         0   52.4876
0         0   52.4691
0         0   52.4541
0         0   52.4343
0         0   52.4207
0         0   52.4033
0         0   52.3875
0         0   52.3692
0         0   52.3548
0         0   52.3366
0         0    52.321
0         0    52.304
0         0   52.2885
0         0   52.2664
0         0   52.2545
0         0   52.2363
0         0   52.2197
0         0   52.2025
0         0   52.1859
0         0    52.169
0         0   52.1525
0         0    52.135
0         0   52.1188
0         0   52.1016
0         0   52.0857
0         0   52.0678
0         0   52.0505
0         0   52.0354
0         0   52.0175
0         0   52.0009
0         0   51.9846
0         0   51.9664
0         0   51.9497
0         0   51.9332
0         0   51.9158
0         0   51.9007
0         0    51.884
0         0   51.8675
0         0   51.8514
0         0   51.8346
0         0   51.8171
0         0   51.8005
0         0    51.783
0         0   51.7659
0         0   51.7492
0         0   51.7323
0         0   51.7139
0         0   51.6981
0         0   51.6823
0         0   51.6658
0         0   51.6489
0         0   51.6318
0         0   51.6157
0         0   51.5992
0         0   51.5814
0         0   51.5663
0         0   51.5496
0         0   51.5333
0         0   51.5159
0         0   51.5001
0         0   51.4813
0         0   51.4673
0         0     51.45
0         0   51.4335
0         0   51.4158
0         0   51.3984
0         0   51.3787
0         0   51.3648
0         0   51.3476
0         0   51.3315
0         0   51.3139
0         0   51.2976
0         0   51.2813
0         0   51.2657
0         0   51.2476
0         0   51.2295
0         0   51.2138
0         0   51.1972
0         0   51.1785
0         0   51.1631
0         0   51.1465
0         0   51.1303
0         0   51.1136
0         0   51.0968
0         0   51.0801
0         0   51.0634
0         0   51.0478
0         0     51.03
0         0   51.0136
0         0   50.9971
0         0   50.9801
0         0   50.9632
0         0   50.9468
0         0    50.929
0         0   50.9133
0         0   50.8951
0         0   50.8796
0         0   50.8612
0         0   50.8455
0         0   50.8284
0         0   50.8128
0         0   50.7944
0         0   50.7787
0         0   50.7602
0         0   50.7454
0         0   50.7269
0         0   50.7108
0         0   50.6924
0         0   50.6781
0         0   50.6581
0         0   50.6437
0         0   50.6244
0         0   50.6087
0         0   50.5888
0         0   50.5742
0         0    50.556
0         0   50.5405
0         0   50.5183
0         0   50.5056
0         0   50.4877
0         0   50.4715
0         0   50.4528
0         0   50.4383
0         0   50.4183
0         0   50.4049
0         0   50.3853
0         0   50.3708
0         0   50.3544
0         0    50.338
0         0   50.3211
0         0   50.3051
0         0   50.2875
0         0   50.2705
0         0   50.2527
0         0   50.2374
0         0   50.2207
0         0   50.2041
0         0   50.1869
0         0   50.1714
0         0   50.1529
0         0   50.1382
0         0   50.1206
0         0   50.1045
0         0    50.086
0         0   50.0705
0         0   50.0533
0         0    50.037
0         0   50.0196
0         0   50.0026
0         0   49.9857
0         0   49.9696
0         0   49.9527
0         0   49.9351
0         0   49.9197
0         0   49.9016
0         0   49.8858
0         0   49.8684
0         0   49.8523
0         0   49.8351
0         0   49.8182
0         0   49.8011
0         0    49.783
0         0   49.7672
0         0   49.7515
0         0   49.7332
0         0   49.7184
0         0   49.7005
0         0   49.6841
0         0    49.666
0         0   49.6508
0         0   49.6331
0         0   49.6182
0         0   49.6013
0         0   49.5835
0         0   49.5672
0         0   49.5515
0         0   49.5328
0         0   49.5166
0         0   49.4997
0         0   49.4823
0         0   49.4643
0         0   49.4477
0         0   49.4289
0         0   49.4137
0         0    49.395
0         0    49.379
0         0   49.3623
0         0    49.347
0         0   49.3298
0         0   49.3136
0         0   49.2948
0         0     49.28
0         0   49.2621
0         0   49.2456
0         0   49.2283
0         0   49.2122
0         0   49.1954
0         0   49.1788
0         0    49.162
0         0   49.1459
0         0   49.1291
0         0   49.1128
0         0   49.0948
0         0   49.0795
0         0   49.0616
0         0   49.0447
0         0    49.027
0         0     49.01
0         0   48.9928
0         0   48.9781
0         0    48.961
0         0   48.9451
0         0   48.9275
0         0   48.9109
0         0   48.8946
0         0   48.8768
0         0   48.8613
0         0   48.8436
0         0    48.826
0         0   48.8096
0         0   48.7939
0         0   48.7747
0         0   48.7594
0         0    48.741
0         0   48.7244
0         0   48.7076
0         0   48.6903
0         0   48.6735
0         0   48.6582
0         0   48.6372
0         0   48.6251
0         0   48.6068
0         0   48.5906
0         0   48.5735
0         0   48.5564
0         0   48.5381
0         0   48.5217
0         0    48.504
0         0   48.4879
0         0   48.4714
0         0   48.4556
0         0   48.4375
0         0   48.4216
0         0   48.4046
0         0   48.3885
0         0   48.3696
0         0   48.3522
0         0   48.3355
0         0   48.3191
0         0   48.3007
0         0   48.2845
0         0   48.2686
0         0   48.2496
0         0   48.2352
0         0   48.2167
0         0   48.2017
0         0   48.1834
0         0   48.1675
0         0   48.1497
0         0   48.1334
0         0    48.117
0         0   48.1003
0         0   48.0831
0         0    48.067
0         0   48.0493
0         0   48.0323
0         0   48.0158
0         0   47.9994
0         0   47.9821
0         0   47.9651
0         0   47.9479
0         0   47.9313
0         0   47.9135
0         0   47.8981
0         0   47.8813
0         0   47.8642
0         0   47.8472
0         0   47.8297
0         0   47.8127
0         0   47.7963
0         0   47.7785
0         0   47.7626
0         0   47.7459
0         0   47.7291
0         0   47.7117
0         0   47.6958
0         0   47.6784
0         0   47.6618
0         0   47.6461
0         0   47.6289
0         0   47.6115
0         0   47.5963
0         0   47.5795
0         0   47.5631
0         0   47.5457
0         0   47.5269
0         0   47.5097
0         0   47.4931
0         0   47.4751
0         0   47.4602
0         0   47.4435
0         0   47.4266
0         0     47.41
0         0   47.3932
0         0   47.3766
0         0   47.3605
0         0   47.3433
0         0   47.3241
0         0    47.309
0         0   47.2899
0         0   47.2757
0         0   47.2572
0         0   47.2413
0         0   47.2214
0         0   47.2068
0         0   47.1888
0         0   47.1732
0         0   47.1565
0         0   47.1391
0         0   47.1215
0         0    47.106
0         0   47.0876
0         0   47.0713
0         0   47.0529
0         0   47.0387
0         0   47.0201
0         0   47.0051
0         0   46.9888
0         0   46.9724
0         0   46.9537
0         0   46.9375
0         0   46.9217
0         0   46.9044
0         0   46.8875
0         0   46.8714
0         0   46.8536
0         0   46.8369
0         0   46.8207
0         0   46.8045
0         0   46.7882
0         0   46.7705
0         0    46.754
0         0   46.7374
0         0   46.7202
0         0   46.7044
0         0   46.6861
0         0   46.6704
0         0   46.6533
0         0    46.636
0         0   46.6209
0         0   46.6041
0         0   46.5866
0         0   46.5688
0         0    46.553
0         0    46.536
0         0   46.5196
0         0   46.5028
0         0   46.4874
0         0   46.4689
0         0   46.4533
0         0   46.4356
0         0   46.4197
0         0   46.4013
0         0    46.386
0         0   46.3671
0         0   46.3514
0         0   46.3338
0         0   46.3188
0         0      46.3
0         0   46.2839
0         0   46.2664
0         0   46.2511
0         0   46.2318
0         0   46.2171
0         0   46.1989
0         0   46.1833
0         0   46.1656
0         0     46.15
0         0   46.1319
0         0   46.1174
0         0   46.1006
0         0    46.085
0         0   46.0676
0         0   46.0508
0         0   46.0338
0         0   46.0174
0         0   45.9993
0         0   45.9835
0         0   45.9629
0         0   45.9494
0         0   45.9338
0         0   45.9174
0         0   45.8987
0         0   45.8842
0         0   45.8673
0         0   45.8504
0         0   45.8335
0         0   45.8172
0         0   45.8005
0         0   45.7832
0         0   45.7681
0         0   45.7502
0         0   45.7329
0         0   45.7159
0         0   45.6967
0         0   45.6825
0         0   45.6655
0         0   45.6471
0         0   45.6313
0         0   45.6144
0         0   45.5984
0         0   45.5799
0         0   45.5648
0         0   45.5454
0         0   45.5306
0         0   45.5122
0         0   45.4963
0         0   45.4772
0         0   45.4625
0         0    45.444
0         0   45.4283
0         0     45.41
0         0    45.395
0         0   45.3767
0         0   45.3621
0         0   45.3438
0         0    45.328
0         0   45.3111
0         0    45.295
0         0   45.2773
0         0   45.2607
0         0   45.2447
0         0   45.2275
0         0   45.2107
0         0   45.1935
0         0   45.1758
0         0   45.1597
0         0   45.1431
0         0   45.1268
0         0   45.1098
0         0   45.0937
0         0   45.0775
0         0   45.0609
0         0   45.0445
0         0   45.0265
0         0   45.0115
0         0   44.9938
0         0   44.9774
0         0   44.9602
0         0    44.943
0         0   44.9255
0         0   44.9097
0         0   44.8917
0         0   44.8762
0         0   44.8559
0         0   44.8422
0         0   44.8244
0         0   44.8088
0         0   44.7912
0         0   44.7753
0         0    44.757
0         0   44.7411
0         0   44.7224
0         0   44.7079
0         0   44.6899
0         0   44.6748
0         0   44.6588
0         0   44.6418
0         0    44.624
0         0   44.6073
0         0   44.5877
0         0   44.5727
0         0   44.5517
0         0   44.5384
0         0   44.5217
0         0   44.5044
0         0   44.4848
0         0   44.4703
0         0   44.4516
0         0   44.4368
0         0   44.4185
0         0   44.4026
0         0   44.3838
0         0   44.3702
0         0   44.3538
0         0   44.3369
0         0   44.3197
0         0   44.3023
0         0   44.2853
0         0    44.269
0         0   44.2527
0         0   44.2336
0         0   44.2184
0         0   44.2024
0         0   44.1861
0         0   44.1689
0         0   44.1529
0         0   44.1357
0         0   44.1189
0         0   44.1018
0         0   44.0847
0         0   44.0664
0         0   44.0511
0         0   44.0352
0         0   44.0175
0         0   44.0007
0         0   43.9857
0         0   43.9682
0         0   43.9539
0         0   43.9356
0         0   43.9202
0         0   43.9021
0         0   43.8865
0         0    43.868
0         0   43.8517
0         0   43.8345
0         0   43.8181
0         0   43.7991
0         0   43.7834
0         0   43.7653
0         0   43.7502
0         0   43.7316
0         0   43.7158
0         0   43.6983
0         0   43.6822
0         0   43.6639
0         0   43.6482
0         0   43.6289
0         0   43.6147
0         0   43.5978
0         0   43.5806
0         0   43.5621
0         0   43.5467
0         0   43.5288
0         0   43.5129
0         0   43.4934
0         0   43.4771
0         0   43.4606
0         0   43.4445
0         0    43.426
0         0   43.4107
0         0    43.395
0         0    43.378
0         0   43.3607
0         0   43.3444
0         0   43.3263
0         0   43.3088
0         0   43.2914
0         0   43.2758
0         0   43.2582
0         0   43.2421
0         0   43.2244
0         0     43.21
0         0   43.1933
0         0   43.1769
0         0   43.1602
0         0   43.1442
0         0   43.1259
0         0   43.1088
0         0   43.0929
0         0   43.0761
0         0    43.057
0         0   43.0416
0         0    43.025
0         0    43.008
0         0   42.9901
0         0   42.9719
0         0    42.957
0         0   42.9398
0         0   42.9235
0         0   42.9066
0         0   42.8913
0         0   42.8726
0         0   42.8581
0         0     42.84
0         0   42.8239
0         0   42.8048
0         0   42.7887
0         0   42.7717
0         0   42.7541
0         0   42.7367
0         0   42.7205
0         0   42.7047
0         0    42.688
0         0   42.6696
0         0   42.6532
0         0   42.6368
0         0   42.6196
0         0   42.6028
0         0   42.5873
0         0   42.5703
0         0   42.5541
0         0   42.5368
0         0   42.5199
0         0   42.5033
0         0   42.4859
0         0   42.4684
0         0   42.4517
0         0   42.4354
0         0   42.4188
0         0   42.4019
0         0   42.3854
0         0   42.3685
0         0   42.3525
0         0   42.3354
0         0   42.3189
0         0   42.3028
0         0   42.2857
0         0   42.2696
0         0   42.2527
0         0   42.2363
0         0   42.2192
0         0   42.2046
0         0   42.1859
0         0   42.1698
0         0   42.1525
0         0   42.1364
0         0   42.1181
0         0   42.1035
0         0   42.0844
0         0   42.0698
0         0   42.0508
0         0    42.036
0         0   42.0154
0         0   41.9997
0         0   41.9824
0         0    41.968
0         0   41.9499
0         0   41.9352
0         0   41.9159
0         0   41.9008
0         0   41.8821
0         0   41.8668
0         0   41.8485
0         0   41.8331
0         0   41.8165
0         0   41.8001
0         0   41.7835
0         0   41.7679
0         0    41.751
0         0   41.7347
0         0   41.7158
0         0   41.7004
0         0   41.6832
0         0   41.6667
0         0   41.6496
0         0   41.6332
0         0   41.6162
0         0   41.5999
0         0   41.5825
0         0   41.5667
0         0   41.5493
0         0   41.5334
0         0   41.5158
0         0   41.4986
0         0   41.4815
0         0   41.4652
0         0   41.4493
0         0   41.4329
0         0    41.415
0         0   41.3993
0         0   41.3832
0         0   41.3671
0         0   41.3503
0         0   41.3323
0         0   41.3163
0         0   41.2981
0         0   41.2825
0         0   41.2656
0         0   41.2494
0         0   41.2324
0         0   41.2168
0         0   41.1984
0         0   41.1824
0         0   41.1641
0         0   41.1481
0         0   41.1288
0         0   41.1135
0         0   41.0964
0         0   41.0804
0         0   41.0629
0         0   41.0478
0         0   41.0284
0         0   41.0117
0         0   40.9956
0         0   40.9793
0         0   40.9601
0         0   40.9456
0         0   40.9279
0         0   40.9118
0         0   40.8909
0         0   40.8772
0         0   40.8593
0         0   40.8435
0         0   40.8248
0         0   40.8094
0         0   40.7939
0         0   40.7779
0         0   40.7617
0         0   40.7457
0         0   40.7289
0         0   40.7109
0         0   40.6954
0         0   40.6781
0         0   40.6608
0         0   40.6433
0         0   40.6277
0         0   40.6104
0         0   40.5933
0         0   40.5761
0         0   40.5596
0         0   40.5431
0         0   40.5248
0         0   40.5082
0         0   40.4927
0         0   40.4767
0         0   40.4591
0         0   40.4415
0         0   40.4256
0         0    40.407
0         0   40.3896
0         0   40.3738
0         0    40.358
0         0   40.3406
0         0   40.3237
0         0   40.3069
0         0   40.2899
0         0   40.2734
0         0   40.2565
0         0   40.2381
0         0   40.2221
0         0   40.2042
0         0   40.1877
0         0   40.1704
0         0   40.1554
0         0   40.1373
0         0   40.1217
0         0   40.1055
0         0   40.0892
0         0   40.0712
0         0    40.055
0         0   40.0386
0         0   40.0213
0         0    40.005
0         0   39.9891
0         0   39.9705
0         0   39.9534
0         0   39.9373
0         0   39.9213
0         0   39.9036
0         0   39.8878
0         0   39.8711
0         0   39.8549
0         0    39.838
0         0   39.8208
0         0   39.8046
0         0   39.7871
0         0    39.771
0         0   39.7543
0         0   39.7381
0         0   39.7206
0         0   39.7033
0         0   39.6864
0         0   39.6715
0         0   39.6541
0         0   39.6379
0         0   39.6201
0         0   39.6045
0         0   39.5869
0         0    39.572
0         0   39.5533
0         0   39.5381
0         0   39.5172
0         0   39.5029
0         0   39.4839
0         0    39.468
0         0   39.4508
0         0    39.435
0         0   39.4176
0         0   39.4013
0         0   39.3832
0         0   39.3675
0         0   39.3495
0         0   39.3346
0         0   39.3163
0         0   39.2994
0         0   39.2819
0         0   39.2662
0         0   39.2484
0         0   39.2327
0         0   39.2148
0         0   39.1992
0         0     39.18
0         0   39.1653
0         0   39.1477
0         0   39.1308
0         0   39.1122
0         0   39.0977
0         0   39.0814
0         0   39.0654
0         0   39.0479
0         0   39.0311
0         0   39.0143
0         0   38.9984
0         0   38.9819
0         0   38.9653
0         0   38.9476
0         0   38.9316
0         0   38.9143
0         0   38.8982
0         0   38.8807
0         0   38.8644
0         0   38.8474
0         0   38.8307
0         0    38.813
0         0   38.7962
0         0   38.7796
0         0   38.7628
0         0   38.7455
0         0    38.729
0         0   38.7115
0         0   38.6939
0         0   38.6775
0         0   38.6607
0         0    38.644
0         0   38.6281
0         0   38.6111
0         0   38.5935
0         0   38.5769
0         0   38.5598
0         0   38.5427
0         0    38.526
0         0   38.5096
0         0   38.4931
0         0   38.4768
0         0   38.4592
0         0   38.4444
0         0   38.4261
0         0   38.4118
0         0   38.3936
0         0   38.3781
0         0     38.36
0         0   38.3449
0         0   38.3257
0         0   38.3104
0         0   38.2894
0         0   38.2768
0         0   38.2591
0         0   38.2432
0         0   38.2266
0         0   38.2107
0         0   38.1924
0         0   38.1759
0         0   38.1606
0         0   38.1448
0         0   38.1278
0         0   38.1112
0         0   38.0932
0         0   38.0743
0         0   38.0601
0         0    38.042
0         0   38.0255
0         0   38.0077
0         0   37.9922
0         0   37.9738
0         0   37.9581
0         0   37.9408
0         0   37.9251
0         0   37.9071
0         0   37.8905
0         0   37.8721
0         0   37.8562
0         0   37.8374
0         0   37.8211
0         0   37.8035
0         0   37.7884
0         0   37.7702
0         0   37.7549
0         0   37.7371
0         0   37.7216
0         0   37.7037
0         0   37.6882
0         0   37.6697
0         0    37.654
0         0   37.6375
0         0   37.6201
0         0   37.6033
0         0   37.5866
0         0   37.5691
0         0   37.5543
0         0   37.5374
0         0    37.521
0         0   37.5034
0         0   37.4881
0         0   37.4706
0         0   37.4556
0         0   37.4382
0         0   37.4216
0         0   37.4036
0         0   37.3859
0         0   37.3699
0         0   37.3534
0         0   37.3365
0         0   37.3192
0         0   37.3035
0         0   37.2853
0         0    37.269
0         0    37.251
0         0   37.2348
0         0   37.2176
0         0   37.2006
0         0   37.1825
0         0   37.1665
0         0   37.1474
0         0   37.1319
0         0    37.115
0         0   37.0985
0         0   37.0804
0         0   37.0652
0         0    37.048
0         0   37.0322
0         0   37.0161
0         0   37.0005
0         0    36.983
0         0   36.9664
0         0   36.9485
0         0    36.932
0         0   36.9148
0         0   36.8983
0         0    36.881
0         0   36.8642
0         0    36.846
0         0   36.8302
0         0    36.813
0         0   36.7958
0         0   36.7782
0         0   36.7617
0         0   36.7456
0         0   36.7291
0         0   36.7118
0         0    36.696
0         0   36.6788
0         0   36.6613
0         0   36.6447
0         0   36.6283
0         0   36.6113
0         0    36.595
0         0   36.5786
0         0   36.5613
0         0   36.5443
0         0   36.5281
0         0   36.5121
0         0   36.4952
0         0    36.479
0         0   36.4613
0         0   36.4459
0         0    36.427
0         0    36.413
0         0   36.3952
0         0   36.3782
0         0   36.3618
0         0   36.3457
0         0    36.329
0         0   36.3118
0         0   36.2949
0         0    36.279
0         0   36.2618
0         0   36.2457
0         0   36.2283
0         0   36.2122
0         0   36.1953
0         0   36.1789
0         0   36.1617
0         0   36.1442
0         0   36.1283
0         0   36.1112
0         0   36.0953
0         0    36.079
0         0   36.0611
0         0   36.0449
0         0   36.0296
0         0   36.0123
0         0   35.9958
0         0   35.9779
0         0   35.9625
0         0   35.9449
0         0   35.9295
0         0   35.9129
0         0   35.8959
0         0   35.8779
0         0   35.8613
0         0   35.8432
0         0   35.8281
0         0   35.8088
0         0   35.7928
0         0    35.775
0         0   35.7601
0         0   35.7398
0         0   35.7266
0         0    35.708
0         0   35.6934
0         0   35.6757
0         0   35.6599
0         0   35.6411
0         0   35.6251
0         0   35.6084
0         0   35.5925
0         0   35.5749
0         0   35.5576
0         0   35.5386
0         0   35.5237
0         0   35.5065
0         0   35.4901
0         0   35.4731
0         0   35.4567
0         0   35.4388
0         0   35.4236
0         0   35.4062
0         0   35.3894
0         0   35.3716
0         0   35.3556
0         0   35.3381
0         0   35.3216
0         0   35.3044
0         0   35.2869
0         0   35.2714
0         0   35.2543
0         0   35.2378
0         0    35.222
0         0   35.2053
0         0   35.1885
0         0   35.1719
0         0   35.1535
0         0   35.1381
0         0   35.1208
0         0   35.1049
0         0   35.0884
0         0   35.0701
0         0   35.0543
0         0   35.0375
0         0   35.0204
0         0   35.0046
0         0    34.986
0         0   34.9702
0         0   34.9526
0         0   34.9362
0         0    34.919
0         0   34.9027
0         0   34.8876
0         0   34.8703
0         0   34.8522
0         0   34.8356
0         0    34.818
0         0   34.8026
0         0   34.7852
0         0   34.7688
0         0   34.7509
0         0   34.7349
0         0    34.717
0         0   34.7012
0         0   34.6826
0         0   34.6678
0         0   34.6492
0         0   34.6326
0         0   34.6148
0         0   34.5988
0         0   34.5802
0         0   34.5656
0         0   34.5475
0         0   34.5311
0         0   34.5126
0         0   34.4978
0         0   34.4783
0         0   34.4638
0         0   34.4469
0         0   34.4302
0         0   34.4128
0         0   34.3955
0         0   34.3769
0         0   34.3613
0         0   34.3436
0         0   34.3257
0         0     34.31
0         0   34.2938
0         0   34.2751
0         0   34.2596
0         0   34.2424
0         0   34.2256
0         0   34.2092
0         0   34.1926
0         0   34.1758
0         0   34.1592
0         0   34.1408
0         0   34.1254
0         0   34.1068
0         0   34.0909
0         0   34.0729
0         0   34.0566
0         0   34.0398
0         0   34.0233
0         0   34.0045
0         0   33.9895
0         0   33.9733
0         0   33.9573
0         0   33.9393
0         0   33.9236
0         0   33.9064
0         0   33.8895
0         0   33.8714
0         0   33.8551
0         0   33.8379
0         0   33.8218
0         0   33.8053
0         0   33.7877
0         0   33.7712
0         0   33.7524
0         0   33.7377
0         0   33.7203
0         0   33.7043
0         0   33.6872
0         0   33.6713
0         0   33.6531
0         0   33.6368
0         0   33.6203
0         0   33.6047
0         0   33.5867
0         0   33.5714
0         0   33.5536
0         0   33.5372
0         0   33.5195
0         0   33.5035
0         0   33.4849
0         0   33.4695
0         0   33.4504
0         0   33.4352
0         0   33.4167
0         0   33.4015
0         0   33.3832
0         0   33.3672
0         0   33.3475
0         0   33.3322
0         0   33.3141
0         0   33.2987
0         0   33.2788
0         0   33.2637
0         0    33.246
0         0   33.2298
0         0   33.2123
0         0   33.1962
0         0   33.1786
0         0   33.1619
0         0   33.1432
0         0   33.1283
0         0   33.1081
0         0   33.0957
0         0   33.0785
0         0   33.0617
0         0   33.0447
0         0   33.0294
0         0   33.0122
0         0   32.9953
0         0   32.9777
0         0   32.9624
0         0   32.9457
0         0   32.9288
0         0   32.9122
0         0   32.8949
0         0   32.8777
0         0   32.8604
0         0   32.8441
0         0   32.8269
0         0     32.81
0         0   32.7936
0         0   32.7754
0         0   32.7596
0         0   32.7422
0         0   32.7238
0         0   32.7082
0         0    32.692
0         0   32.6757
0         0   32.6595
0         0   32.6439
0         0   32.6257
0         0     32.61
0         0   32.5928
0         0   32.5768
0         0   32.5592
0         0   32.5415
0         0    32.525
0         0    32.508
0         0   32.4898
0         0   32.4756
0         0   32.4571
0         0   32.4412
0         0   32.4233
0         0    32.407
0         0   32.3906
0         0   32.3735
0         0   32.3561
0         0   32.3392
0         0   32.3207
0         0   32.3054
0         0   32.2876
0         0   32.2713
0         0   32.2542
0         0   32.2376
0         0   32.2202
0         0   32.2049
0         0   32.1857
0         0   32.1707
0         0   32.1527
0         0   32.1376
0         0   32.1199
0         0   32.1034
0         0    32.086
0         0    32.067
0         0   32.0525
0         0   32.0368
0         0   32.0176
0         0   32.0022
0         0   31.9846
0         0   31.9678
0         0   31.9512
0         0   31.9347
0         0   31.9167
0         0   31.9001
0         0    31.879
0         0   31.8651
0         0   31.8474
0         0    31.831
0         0   31.8123
0         0   31.7964
0         0    31.778
0         0   31.7627
0         0   31.7439
0         0   31.7299
0         0   31.7127
0         0   31.6947
0         0   31.6762
0         0   31.6617
0         0   31.6447
0         0   31.6276
0         0   31.6084
0         0   31.5934
0         0   31.5753
0         0   31.5591
0         0   31.5412
0         0   31.5258
0         0   31.5081
0         0   31.4916
0         0   31.4747
0         0   31.4584
0         0   31.4407
0         0   31.4237
0         0   31.4073
0         0   31.3903
0         0   31.3723
0         0   31.3569
0         0   31.3399
0         0    31.324
0         0    31.306
0         0   31.2898
0         0   31.2731
0         0   31.2564
0         0   31.2381
0         0   31.2216
0         0   31.2045
0         0   31.1877
0         0   31.1701
0         0   31.1543
0         0   31.1375
0         0     31.12
0         0   31.1025
0         0   31.0865
0         0   31.0702
0         0   31.0536
0         0   31.0369
0         0   31.0196
0         0   31.0028
0         0   30.9856
0         0   30.9685
0         0   30.9535
0         0   30.9368
0         0   30.9193
0         0   30.9035
0         0   30.8853
0         0   30.8706
0         0   30.8512
0         0   30.8373
0         0   30.8171
0         0   30.8037
0         0   30.7849
0         0   30.7705
0         0   30.7518
0         0   30.7369
0         0   30.7185
0         0    30.704
0         0    30.687
0         0   30.6705
0         0   30.6529
0         0   30.6366
0         0   30.6185
0         0   30.6018
0         0   30.5849
0         0   30.5684
0         0   30.5511
0         0   30.5348
0         0   30.5168
0         0   30.5014
0         0   30.4843
0         0   30.4682
0         0   30.4502
0         0   30.4347
0         0   30.4175
0         0   30.3996
0         0   30.3831
0         0   30.3671
0         0   30.3511
0         0   30.3348
0         0   30.3178
0         0   30.3013
0         0   30.2844
0         0   30.2677
0         0   30.2519
0         0   30.2345
0         0   30.2179
0         0      30.2
0         0   30.1829
0         0    30.165
0         0   30.1469
0         0   30.1318
0         0   30.1149
0         0   30.0986
0         0   30.0812
0         0   30.0653
0         0   30.0485
0         0   30.0323
0         0   30.0161
0         0   29.9989
0         0   29.9835
0         0   29.9664
0         0   29.9498
0         0   29.9318
0         0   29.9173
0         0   29.8991
0         0   29.8837
0         0    29.865
0         0   29.8494
0         0    29.833
0         0   29.8163
0         0   29.7963
0         0    29.783
0         0   29.7657
0         0   29.7503
0         0   29.7333
0         0   29.7173
0         0      29.7
0         0   29.6845
0         0   29.6683
0         0   29.6512
0         0   29.6343
0         0   29.6177
0         0   29.6011
0         0   29.5841
0         0    29.566
0         0   29.5501
0         0   29.5321
0         0    29.516
0         0   29.4993
0         0   29.4826
0         0   29.4662
0         0   29.4493
0         0   29.4334
0         0   29.4164
0         0   29.3998
0         0   29.3821
0         0    29.366
0         0   29.3492
0         0    29.333
0         0   29.3158
0         0   29.3004
0         0   29.2835
0         0   29.2683
0         0   29.2522
0         0   29.2341
0         0   29.2185
0         0   29.2025
0         0   29.1855
0         0   29.1686
0         0   29.1519
0         0    29.135
0         0    29.118
0         0   29.1007
0         0    29.085
0         0   29.0678
0         0   29.0515
0         0   29.0345
0         0   29.0183
0         0   29.0017
0         0   28.9858
0         0   28.9679
0         0    28.951
0         0   28.9331
0         0   28.9178
0         0   28.8997
0         0   28.8839
0         0   28.8666
0         0   28.8502
0         0   28.8313
0         0   28.8162
0         0   28.7978
0         0   28.7825
0         0   28.7637
0         0   28.7488
0         0     28.73
0         0   28.7159
0         0   28.6987
0         0   28.6823
0         0   28.6645
0         0   28.6478
0         0   28.6298
0         0   28.6136
0         0   28.5939
0         0   28.5785
0         0   28.5595
0         0   28.5438
0         0   28.5248
0         0    28.511
0         0    28.495
0         0   28.4793
0         0   28.4612
0         0   28.4446
0         0   28.4266
0         0   28.4089
0         0   28.3903
0         0   28.3748
0         0   28.3566
0         0   28.3414
0         0   28.3248
0         0    28.308
0         0   28.2916
0         0   28.2755
0         0   28.2579
0         0    28.241
0         0   28.2231
0         0   28.2079
0         0    28.191
0         0   28.1736
0         0   28.1574
0         0   28.1409
0         0   28.1239
0         0   28.1076
0         0   28.0901
0         0   28.0738
0         0   28.0563
0         0   28.0401
0         0   28.0231
0         0    28.007
0         0   27.9906
0         0   27.9714
0         0    27.957
0         0     27.94
0         0   27.9234
0         0   27.9055
0         0   27.8892
0         0   27.8705
0         0   27.8534
0         0   27.8374
0         0   27.8205
0         0   27.8042
0         0   27.7871
0         0   27.7694
0         0   27.7531
0         0   27.7356
0         0   27.7182
0         0   27.6994
0         0   27.6833
0         0   27.6672
0         0   27.6505
0         0   27.6323
0         0    27.617
0         0   27.5999
0         0   27.5847
0         0   27.5659
0         0    27.549
0         0   27.5303
0         0   27.5167
0         0   27.4952
0         0    27.482
0         0   27.4657
0         0   27.4491
0         0   27.4305
0         0    27.416
0         0   27.3949
0         0   27.3819
0         0   27.3643
0         0   27.3469
0         0   27.3311
0         0   27.3153
0         0   27.2981
0         0   27.2817
0         0   27.2644
0         0   27.2477
0         0   27.2293
0         0   27.2136
0         0   27.1954
0         0   27.1777
0         0   27.1609
0         0   27.1453
0         0   27.1278
0         0   27.1114
0         0   27.0929
0         0   27.0771
0         0   27.0593
0         0   27.0432
0         0   27.0273
0         0   27.0084
0         0   26.9911
0         0   26.9755
0         0    26.959
0         0   26.9422
0         0   26.9253
0         0   26.9082
0         0   26.8909
0         0   26.8737
0         0   26.8561
0         0   26.8404
0         0   26.8236
0         0   26.8061
0         0   26.7896
0         0   26.7705
0         0    26.755
0         0   26.7381
0         0   26.7216
0         0   26.7046
0         0   26.6862
0         0   26.6694
0         0   26.6533
0         0    26.635
0         0   26.6191
0         0   26.6026
0         0   26.5854
0         0   26.5684
0         0   26.5523
0         0   26.5334
0         0    26.518
0         0   26.5012
0         0   26.4832
0         0   26.4666
0         0   26.4499
0         0   26.4332
0         0   26.4162
0         0   26.3983
0         0   26.3813
0         0   26.3653
0         0   26.3487
0         0   26.3294
0         0   26.3143
0         0   26.2964
0         0     26.28
0         0   26.2619
0         0   26.2485
0         0   26.2297
0         0   26.2155
0         0   26.1961
0         0   26.1815
0         0   26.1646
0         0   26.1481
0         0   26.1301
0         0   26.1136
0         0   26.0937
0         0   26.0779
0         0   26.0626
0         0   26.0458
0         0   26.0286
0         0   26.0128
0         0   25.9956
0         0   25.9775
0         0   25.9597
0         0   25.9422
0         0    25.927
0         0   25.9105
0         0   25.8923
0         0   25.8757
0         0   25.8582
0         0   25.8417
0         0   25.8241
0         0   25.8073
0         0   25.7908
0         0   25.7751
0         0   25.7575
0         0   25.7403
0         0   25.7245
0         0   25.7069
0         0   25.6902
0         0   25.6743
0         0   25.6576
0         0     25.64
0         0   25.6222
0         0   25.6037
0         0   25.5883
0         0   25.5687
0         0    25.554
0         0   25.5371
0         0   25.5216
0         0   25.5051
0         0   25.4883
0         0   25.4691
0         0   25.4542
0         0   25.4358
0         0   25.4203
0         0   25.4033
0         0   25.3872
0         0   25.3699
0         0    25.354
0         0   25.3357
0         0   25.3207
0         0   25.3018
0         0   25.2863
0         0   25.2701
0         0   25.2525
0         0   25.2347
0         0   25.2202
0         0   25.2027
0         0   25.1856
0         0   25.1685
0         0   25.1517
0         0    25.135
0         0   25.1191
0         0   25.1013
0         0   25.0849
0         0   25.0681
0         0   25.0495
0         0   25.0339
0         0   25.0183
0         0   25.0004
0         0   24.9846
0         0   24.9668
0         0   24.9506
0         0    24.933
0         0   24.9164
0         0   24.9001
0         0   24.8836
0         0   24.8669
0         0   24.8503
0         0   24.8337
0         0   24.8162
0         0   24.7981
0         0   24.7816
0         0   24.7647
0         0   24.7475
0         0   24.7317
0         0   24.7139
0         0    24.698
0         0   24.6802
0         0   24.6654
0         0   24.6487
0         0   24.6329
0         0    24.615
0         0   24.5986
0         0   24.5828
0         0   24.5665
0         0   24.5487
0         0   24.5328
0         0   24.5159
0         0   24.4991
0         0   24.4788
0         0   24.4651
0         0   24.4481
0         0   24.4324
0         0   24.4132
0         0   24.3987
0         0   24.3821
0         0   24.3659
0         0    24.348
0         0   24.3319
0         0    24.315
0         0   24.2991
0         0   24.2825
0         0   24.2663
0         0   24.2475
0         0   24.2311
0         0    24.215
0         0   24.1988
0         0   24.1825
0         0    24.166
0         0   24.1487
0         0   24.1326
0         0   24.1154
0         0   24.0971
0         0   24.0811
0         0   24.0632
0         0   24.0461
0         0   24.0282
0         0   24.0122
0         0   23.9955
0         0   23.9789
0         0   23.9621
0         0   23.9461
0         0   23.9279
0         0   23.9118
0         0   23.8945
0         0   23.8779
0         0   23.8594
0         0    23.843
0         0    23.827
0         0   23.8101
0         0   23.7916
0         0   23.7761
0         0    23.759
0         0   23.7441
0         0   23.7272
0         0   23.7101
0         0   23.6921
0         0   23.6773
0         0   23.6601
0         0   23.6437
0         0   23.6257
0         0   23.6106
0         0   23.5933
0         0   23.5767
0         0   23.5594
0         0   23.5439
0         0   23.5269
0         0   23.5105
0         0   23.4937
0         0   23.4769
0         0     23.46
0         0   23.4431
0         0    23.427
0         0   23.4088
0         0    23.394
0         0   23.3773
0         0   23.3602
0         0   23.3412
0         0   23.3268
0         0   23.3098
0         0   23.2939
0         0   23.2768
0         0   23.2595
0         0   23.2428
0         0    23.225
0         0   23.2083
0         0   23.1921
0         0   23.1742
0         0   23.1573
0         0   23.1405
0         0   23.1235
0         0   23.1061
0         0   23.0896
0         0   23.0724
0         0   23.0546
0         0   23.0384
0         0   23.0223
0         0   23.0049
0         0   22.9877
0         0   22.9718
0         0   22.9548
0         0   22.9378
0         0   22.9219
0         0   22.9052
0         0   22.8878
0         0    22.871
0         0   22.8546
0         0   22.8382
0         0   22.8216
0         0   22.8034
0         0   22.7868
0         0    22.769
0         0   22.7536
0         0   22.7348
0         0   22.7187
0         0   22.7006
0         0   22.6856
0         0   22.6656
0         0   22.6512
0         0   22.6318
0         0   22.6165
0         0   22.5981
0         0   22.5826
0         0    22.565
0         0   22.5477
0         0   22.5318
0         0   22.5146
0         0   22.4974
0         0   22.4816
0         0   22.4632
0         0   22.4476
0         0   22.4304
0         0   22.4148
0         0   22.3969
0         0   22.3797
0         0   22.3642
0         0    22.348
0         0   22.3314
0         0   22.3148
0         0   22.2974
0         0   22.2811
0         0    22.264
0         0   22.2474
0         0   22.2305
0         0    22.213
0         0   22.1983
0         0   22.1796
0         0   22.1648
0         0   22.1478
0         0   22.1322
0         0   22.1142
0         0   22.0971
0         0   22.0803
0         0   22.0647
0         0   22.0463
0         0   22.0307
0         0   22.0124
0         0   21.9975
0         0   21.9789
0         0   21.9645
0         0   21.9454
0         0   21.9303
0         0   21.9121
0         0   21.8976
0         0   21.8788
0         0   21.8632
0         0   21.8448
0         0   21.8288
0         0    21.811
0         0   21.7964
0         0   21.7783
0         0    21.763
0         0   21.7455
0         0   21.7289
0         0   21.7123
0         0   21.6957
0         0   21.6791
0         0   21.6615
0         0    21.644
0         0   21.6283
0         0   21.6102
0         0   21.5933
0         0   21.5746
0         0   21.5593
0         0   21.5416
0         0   21.5248
0         0    21.507
0         0   21.4891
0         0   21.4717
0         0   21.4569
0         0   21.4384
0         0   21.4228
0         0   21.4058
0         0   21.3896
0         0   21.3731
0         0   21.3563
0         0   21.3373
0         0   21.3221
0         0   21.3036
0         0   21.2882
0         0     21.27
0         0   21.2541
0         0   21.2366
0         0   21.2214
0         0   21.2041
0         0   21.1878
0         0   21.1701
0         0    21.154
0         0   21.1365
0         0   21.1209
0         0   21.1037
0         0   21.0873
0         0     21.07
0         0   21.0531
0         0   21.0363
0         0   21.0195
0         0   21.0037
0         0   20.9875
0         0   20.9703
0         0   20.9534
0         0   20.9366
0         0   20.9202
0         0   20.9029
0         0   20.8854
0         0   20.8688
0         0   20.8523
0         0   20.8353
0         0   20.8185
0         0   20.8015
0         0   20.7842
0         0   20.7681
0         0     20.75
0         0   20.7329
0         0   20.7163
0         0   20.6983
0         0   20.6821
0         0   20.6666
0         0   20.6477
0         0   20.6315
0         0   20.6137
0         0   20.5972
0         0   20.5791
0         0   20.5633
0         0   20.5465
0         0   20.5305
0         0   20.5139
0         0   20.4975
0         0   20.4796
0         0   20.4639
0         0   20.4469
0         0   20.4309
0         0   20.4105
0         0   20.3973
0         0   20.3787
0         0    20.363
0         0   20.3435
0         0   20.3291
0         0   20.3108
0         0   20.2951
0         0   20.2775
0         0   20.2621
0         0   20.2433
0         0   20.2281
0         0   20.2113
0         0   20.1946
0         0   20.1765
0         0   20.1607
0         0   20.1429
0         0   20.1278
0         0   20.1089
0         0   20.0945
0         0   20.0776
0         0   20.0615
0         0    20.044
0         0   20.0273
0         0   20.0104
0         0   19.9943
0         0    19.977
0         0     19.96
0         0   19.9437
0         0   19.9266
0         0   19.9089
0         0   19.8923
0         0   19.8755
0         0    19.858
0         0   19.8425
0         0   19.8255
0         0   19.8089
0         0   19.7926
0         0   19.7765
0         0   19.7595
0         0   19.7431
0         0   19.7254
0         0   19.7092
0         0   19.6915
0         0   19.6755
0         0   19.6578
0         0   19.6424
0         0   19.6251
0         0   19.6095
0         0   19.5909
0         0   19.5754
0         0   19.5585
0         0   19.5423
0         0   19.5251
0         0   19.5089
0         0   19.4922
0         0   19.4759
0         0   19.4586
0         0   19.4426
0         0   19.4255
0         0   19.4076
0         0   19.3912
0         0   19.3744
0         0   19.3583
0         0   19.3413
0         0   19.3254
0         0    19.308
0         0   19.2928
0         0   19.2752
0         0   19.2581
0         0   19.2391
0         0   19.2242
0         0   19.2062
0         0   19.1913
0         0    19.174
0         0   19.1564
0         0   19.1391
0         0   19.1237
0         0    19.106
0         0    19.089
0         0   19.0711
0         0   19.0551
0         0   19.0372
0         0   19.0198
0         0   19.0028
0         0   18.9879
0         0   18.9689
0         0   18.9545
0         0   18.9364
0         0   18.9207
0         0   18.9016
0         0   18.8857
0         0    18.868
0         0   18.8516
0         0   18.8339
0         0   18.8178
0         0   18.8003
0         0   18.7847
0         0   18.7666
0         0   18.7504
0         0   18.7335
0         0   18.7173
0         0   18.6998
0         0   18.6832
0         0   18.6649
0         0   18.6488
0         0   18.6306
0         0   18.6137
0         0   18.5981
0         0   18.5818
0         0   18.5626
0         0    18.548
0         0   18.5319
0         0    18.515
0         0   18.4972
0         0    18.479
0         0   18.4628
0         0   18.4467
0         0   18.4275
0         0   18.4113
0         0   18.3954
0         0   18.3798
0         0    18.363
0         0    18.347
0         0   18.3295
0         0   18.3135
0         0   18.2973
0         0   18.2801
0         0   18.2632
0         0   18.2459
0         0   18.2287
0         0   18.2118
0         0   18.1949
0         0   18.1781
0         0   18.1605
0         0   18.1445
0         0   18.1283
0         0   18.1114
0         0    18.093
0         0   18.0772
0         0   18.0598
0         0   18.0427
0         0    18.026
0         0    18.009
0         0   17.9919
0         0   17.9752
0         0   17.9587
0         0   17.9405
0         0   17.9244
0         0   17.9073
0         0   17.8913
0         0   17.8737
0         0   17.8579
0         0   17.8399
0         0   17.8237
0         0   17.8069
0         0   17.7904
0         0   17.7727
0         0   17.7569
0         0   17.7403
0         0   17.7229
0         0   17.7054
0         0   17.6882
0         0   17.6726
0         0   17.6541
0         0   17.6383
0         0   17.6203
0         0   17.6055
0         0   17.5888
0         0   17.5721
0         0   17.5546
0         0    17.538
0         0   17.5207
0         0   17.5044
0         0   17.4864
0         0   17.4694
0         0   17.4511
0         0   17.4361
0         0   17.4169
0         0   17.4018
0         0   17.3839
0         0   17.3687
0         0   17.3509
0         0   17.3353
0         0    17.315
0         0   17.3025
0         0   17.2838
0         0   17.2679
0         0   17.2499
0         0   17.2343
0         0   17.2176
0         0   17.2006
0         0   17.1822
0         0   17.1666
0         0   17.1488
0         0    17.133
0         0   17.1164
0         0   17.1013
0         0   17.0843
0         0   17.0672
0         0   17.0502
0         0   17.0335
0         0    17.016
0         0   17.0006
0         0   16.9835
0         0   16.9668
0         0   16.9495
0         0   16.9332
0         0   16.9152
0         0   16.8988
0         0    16.881
0         0   16.8644
0         0   16.8471
0         0   16.8306
0         0   16.8135
0         0   16.7971
0         0   16.7809
0         0   16.7636
0         0    16.747
0         0   16.7306
0         0    16.713
0         0   16.6964
0         0   16.6807
0         0   16.6616
0         0   16.6452
0         0   16.6281
0         0   16.6114
0         0   16.5957
0         0   16.5792
0         0    16.561
0         0   16.5451
0         0   16.5254
0         0    16.512
0         0   16.4937
0         0   16.4763
0         0   16.4603
0         0   16.4438
0         0   16.4271
0         0   16.4097
0         0   16.3924
0         0   16.3759
0         0   16.3584
0         0   16.3421
0         0   16.3249
0         0   16.3086
0         0   16.2891
0         0   16.2757
0         0   16.2572
0         0   16.2416
0         0   16.2238
0         0   16.2073
0         0   16.1893
0         0   16.1734
0         0   16.1559
0         0   16.1399
0         0   16.1236
0         0   16.1059
0         0   16.0891
0         0    16.072
0         0   16.0534
0         0   16.0388
0         0   16.0219
0         0   16.0058
0         0   15.9887
0         0   15.9721
0         0   15.9543
0         0   15.9389
0         0   15.9221
0         0   15.9057
0         0   15.8885
0         0   15.8727
0         0   15.8558
0         0   15.8397
0         0   15.8226
0         0   15.8065
0         0     15.79
0         0   15.7729
0         0    15.756
0         0   15.7386
0         0   15.7213
0         0   15.7033
0         0   15.6888
0         0   15.6728
0         0   15.6554
0         0   15.6367
0         0   15.6206
0         0   15.6036
0         0   15.5882
0         0   15.5693
0         0   15.5536
0         0   15.5364
0         0   15.5201
0         0   15.5037
0         0   15.4859
0         0   15.4681
0         0   15.4536
0         0   15.4367
0         0   15.4195
0         0   15.4019
0         0   15.3866
0         0   15.3681
0         0   15.3515
0         0   15.3332
0         0   15.3181
0         0   15.2997
0         0    15.285
0         0   15.2672
0         0   15.2521
0         0   15.2319
0         0   15.2187
0         0   15.1998
0         0   15.1844
0         0   15.1656
0         0   15.1506
0         0   15.1342
0         0    15.117
0         0   15.0988
0         0   15.0838
0         0   15.0663
0         0   15.0498
0         0   15.0327
0         0   15.0153
0         0   14.9991
0         0   14.9827
0         0   14.9645
0         0   14.9486
0         0   14.9313
0         0   14.9136
0         0   14.8982
0         0   14.8817
0         0   14.8642
0         0   14.8481
0         0   14.8309
0         0   14.8153
0         0   14.7982
0         0   14.7823
0         0   14.7657
0         0   14.7492
0         0   14.7323
0         0   14.7168
0         0   14.7005
0         0   14.6833
0         0   14.6674
0         0   14.6487
0         0   14.6335
0         0   14.6152
0         0   14.6004
0         0   14.5812
0         0   14.5665
0         0   14.5478
0         0   14.5326
0         0   14.5134
0         0   14.4985
0         0   14.4797
0         0   14.4639
0         0   14.4461
0         0   14.4291
0         0   14.4117
0         0   14.3965
0         0   14.3775
0         0   14.3628
0         0   14.3434
0         0   14.3279
0         0   14.3104
0         0   14.2948
0         0   14.2768
0         0   14.2591
0         0   14.2418
0         0   14.2261
0         0   14.2071
0         0   14.1913
0         0    14.174
0         0   14.1576
0         0   14.1407
0         0   14.1243
0         0   14.1066
0         0   14.0899
0         0   14.0738
0         0   14.0563
0         0   14.0385
0         0   14.0231
0         0    14.006
0         0   13.9891
0         0   13.9705
0         0    13.955
0         0    13.938
0         0   13.9213
0         0   13.9029
0         0   13.8867
0         0   13.8684
0         0   13.8534
0         0   13.8369
0         0   13.8203
0         0   13.8014
0         0   13.7858
0         0   13.7673
0         0   13.7515
0         0   13.7344
0         0   13.7178
0         0   13.6997
0         0   13.6839
0         0   13.6656
0         0   13.6508
0         0   13.6339
0         0   13.6176
0         0   13.5998
0         0   13.5835
0         0   13.5657
0         0    13.548
0         0   13.5328
0         0   13.5157
0         0   13.4984
0         0   13.4812
0         0   13.4648
0         0   13.4488
0         0   13.4317
0         0   13.4142
0         0   13.3978
0         0    13.381
0         0   13.3651
0         0   13.3448
0         0   13.3317
0         0   13.3143
0         0   13.2972
0         0   13.2797
0         0   13.2634
0         0   13.2453
0         0   13.2273
0         0   13.2111
0         0   13.1949
0         0   13.1767
0         0   13.1604
0         0   13.1417
0         0   13.1264
0         0   13.1097
0         0   13.0935
0         0   13.0771
0         0   13.0603
0         0   13.0432
0         0   13.0268
0         0   13.0097
0         0   12.9931
0         0   12.9756
0         0    12.959
0         0   12.9417
0         0   12.9251
0         0   12.9079
0         0   12.8905
0         0   12.8748
0         0   12.8574
0         0   12.8417
0         0   12.8242
0         0   12.8082
0         0   12.7891
0         0   12.7726
0         0   12.7567
0         0   12.7395
0         0   12.7228
0         0   12.7055
0         0    12.687
0         0   12.6717
0         0   12.6538
0         0   12.6386
0         0   12.6202
0         0   12.6052
0         0   12.5867
0         0   12.5731
0         0   12.5555
0         0   12.5382
0         0   12.5224
0         0   12.5054
0         0   12.4855
0         0   12.4708
0         0   12.4545
0         0   12.4384
0         0   12.4211
0         0   12.4043
0         0   12.3865
0         0   12.3703
0         0    12.355
0         0   12.3388
0         0   12.3228
0         0   12.3065
0         0   12.2904
0         0   12.2722
0         0   12.2556
0         0   12.2386
0         0   12.2222
0         0   12.2061
0         0   12.1904
0         0   12.1708
0         0   12.1569
0         0   12.1385
0         0   12.1227
0         0   12.1045
0         0   12.0886
0         0   12.0706
0         0   12.0544
0         0   12.0382
0         0   12.0216
0         0   12.0047
0         0   11.9881
0         0   11.9715
0         0   11.9554
0         0   11.9381
0         0   11.9193
0         0   11.9024
0         0   11.8854
0         0   11.8693
0         0   11.8521
0         0   11.8351
0         0   11.8178
0         0   11.8013
0         0   11.7849
0         0   11.7682
0         0    11.752
0         0   11.7349
0         0   11.7176
0         0   11.7006
0         0   11.6841
0         0   11.6677
0         0    11.651
0         0   11.6345
0         0   11.6174
0         0   11.6002
0         0   11.5828
0         0   11.5658
0         0   11.5479
0         0   11.5318
0         0   11.5139
0         0    11.497
0         0   11.4805
0         0   11.4645
0         0   11.4475
0         0   11.4289
0         0   11.4101
0         0   11.3967
0         0   11.3788
0         0   11.3628
0         0   11.3449
0         0   11.3287
0         0   11.3118
0         0   11.2956
0         0   11.2793
0         0   11.2629
0         0   11.2448
0         0   11.2285
0         0   11.2102
0         0   11.1957
0         0   11.1774
0         0   11.1615
0         0    11.141
0         0   11.1283
0         0   11.1114
0         0   11.0939
0         0   11.0768
0         0   11.0607
0         0   11.0419
0         0   11.0259
0         0   11.0088
0         0   10.9934
0         0   10.9763
0         0   10.9591
0         0   10.9421
0         0   10.9256
0         0   10.9077
0         0   10.8919
0         0   10.8754
0         0   10.8592
0         0   10.8414
0         0   10.8254
0         0   10.8084
0         0   10.7915
0         0   10.7742
0         0   10.7579
0         0     10.74
0         0   10.7238
0         0    10.706
0         0   10.6889
0         0    10.672
0         0   10.6551
0         0   10.6389
0         0   10.6212
0         0   10.6051
0         0   10.5885
0         0    10.572
0         0    10.554
0         0   10.5365
0         0   10.5194
0         0   10.5011
0         0   10.4859
0         0   10.4698
0         0   10.4536
0         0   10.4367
0         0   10.4189
0         0   10.4019
0         0   10.3856
0         0   10.3693
0         0   10.3518
0         0   10.3351
0         0   10.3178
0         0    10.302
0         0   10.2842
0         0   10.2675
0         0   10.2496
0         0    10.233
0         0   10.2146
0         0   10.1996
0         0   10.1824
0         0   10.1661
0         0   10.1482
0         0   10.1318
0         0   10.1131
0         0    10.097
0         0   10.0802
0         0   10.0644
0         0   10.0473
0         0   10.0299
0         0   10.0102
0         0   9.99787
0         0   9.97863
0         0   9.96371
0         0   9.94541
0         0   9.92931
0         0   9.91151
0         0   9.89569
0         0   9.87758
0         0    9.8619
0         0   9.84321
0         0   9.82602
0         0   9.80895
0         0   9.79188
0         0   9.77424
0         0   9.75798
0         0   9.74165
0         0   9.72563
0         0   9.70645
0         0   9.69184
0         0   9.67421
0         0   9.65708
0         0   9.63997
0         0    9.6244
0         0   9.60638
0         0   9.59121
0         0   9.57367
0         0   9.55851
0         0    9.5415
0         0   9.52469
0         0   9.50932
0         0    9.4927
0         0   9.47557
0         0   9.45899
0         0    9.4421
0         0   9.42684
0         0   9.41008
0         0   9.39376
0         0   9.37595
0         0   9.35981
0         0   9.34309
0         0     9.326
0         0   9.30911
0         0   9.29286
0         0   9.27682
0         0   9.25977
0         0   9.24202
0         0   9.22514
0         0    9.2083
0         0    9.1924
0         0   9.17581
0         0     9.158
0         0   9.14145
0         0   9.12256
0         0   9.10759
0         0   9.09011
0         0   9.07385
0         0   9.05619
0         0   9.04044
0         0   9.02241
0         0   9.00691
0         0    8.9894
0         0   8.97361
0         0   8.95535
0         0   8.94031
0         0   8.92171
0         0   8.90697
0         0   8.88897
0         0   8.87331
0         0   8.85481
0         0   8.83943
0         0   8.82081
0         0   8.80465
0         0   8.78671
0         0   8.77062
0         0   8.75324
0         0   8.73852
0         0   8.72061
0         0   8.70336
0         0    8.6856
0         0    8.6699
0         0   8.65255
0         0   8.63642
0         0   8.61756
0         0   8.60233
0         0   8.58373
0         0   8.56882
0         0    8.5518
0         0   8.53528
0         0   8.51895
0         0   8.50198
0         0   8.48331
0         0   8.46783
0         0   8.45172
0         0   8.43511
0         0   8.41828
0         0   8.40135
0         0   8.38334
0         0   8.36775
0         0   8.35098
0         0   8.33448
0         0   8.31712
0         0   8.30038
0         0   8.28285
0         0   8.26582
0         0   8.24869
0         0   8.23247
0         0   8.21558
0         0   8.19922
0         0   8.18129
0         0   8.16576
0         0   8.14865
0         0   8.13176
0         0   8.11485
0         0   8.09811
0         0   8.08099
0         0   8.06369
0         0   8.04716
0         0   8.03044
0         0    8.0134
0         0   7.99632
0         0   7.98156
0         0   7.96495
0         0   7.94877
0         0   7.92948
0         0    7.9142
0         0   7.89403
0         0   7.88022
0         0   7.86199
0         0   7.84512
0         0   7.82819
0         0   7.81258
0         0   7.79321
0         0   7.77867
0         0   7.76058
0         0   7.74602
0         0   7.72825
0         0   7.71256
0         0   7.69366
0         0    7.6797
0         0   7.66248
0         0   7.64566
0         0   7.62727
0         0   7.61134
0         0   7.59335
0         0   7.57662
0         0   7.56028
0         0   7.54324
0         0     7.527
0         0   7.51039
0         0   7.49171
0         0   7.47498
0         0   7.45843
0         0   7.44218
0         0    7.4258
0         0   7.40944
0         0   7.39275
0         0   7.37655
0         0   7.35888
0         0   7.34271
0         0   7.32542
0         0   7.30965
0         0   7.29254
0         0   7.27529
0         0   7.25823
0         0   7.24214
0         0   7.22329
0         0   7.20903
0         0   7.19201
0         0   7.17522
0         0   7.15794
0         0   7.14077
0         0   7.12298
0         0   7.10645
0         0    7.0896
0         0   7.07358
0         0   7.05724
0         0   7.04055
0         0   7.02372
0         0   7.00675
0         0    6.9907
0         0   6.97093
0         0   6.95667
0         0   6.93928
0         0   6.92199
0         0   6.90672
0         0   6.88953
0         0   6.87258
0         0   6.85594
0         0    6.8379
0         0   6.82193
0         0   6.80426
0         0   6.78751
0         0   6.77126
0         0   6.75464
0         0   6.73894
0         0   6.72192
0         0   6.70498
0         0   6.68817
0         0   6.67095
0         0   6.65475
0         0   6.63501
0         0   6.62131
0         0   6.60168
0         0   6.58805
0         0   6.56963
0         0    6.5552
0         0   6.53874
0         0   6.52214
0         0   6.50399
0         0   6.48831
0         0   6.47005
0         0   6.45492
0         0   6.43878
0         0   6.42163
0         0   6.40325
0         0   6.38827
0         0   6.37024
0         0   6.35521
0         0   6.33591
0         0   6.32147
0         0   6.30472
0         0   6.28817
0         0   6.27184
0         0   6.25564
0         0   6.23861
0         0   6.21895
0         0    6.2042
0         0   6.18488
0         0   6.17019
0         0     6.153
0         0   6.13603
0         0   6.12015
0         0   6.10301
0         0   6.08573
0         0   6.06888
0         0   6.05228
0         0   6.03582
0         0   6.01883
0         0   6.00078
0         0   5.98424
0         0   5.96776
0         0    5.9511
0         0   5.93417
0         0   5.91727
0         0   5.89896
0         0   5.88071
0         0   5.86786
0         0   5.84999
0         0   5.83324
0         0   5.81537
0         0   5.80053
0         0   5.78342
0         0   5.76776
0         0   5.75118
0         0   5.73391
0         0   5.71662
0         0    5.7005
0         0    5.6828
0         0   5.66618
0         0   5.64918
0         0   5.63418
0         0   5.61689
0         0   5.60109
0         0   5.58374
0         0   5.56762
0         0   5.55105
0         0   5.53449
0         0   5.51855
0         0   5.50226
0         0   5.48589
0         0   5.46969
0         0   5.45249
0         0   5.43617
0         0   5.41917
0         0   5.40218
0         0   5.38415
0         0   5.36898
0         0   5.35242
0         0   5.33572
0         0   5.31884
0         0   5.30294
0         0   5.28651
0         0   5.26902
0         0   5.25305
0         0   5.23629
0         0   5.22064
0         0   5.20086
0         0   5.18653
0         0   5.17014
0         0   5.15416
0         0   5.13653
0         0   5.12067
0         0   5.10196
0         0   5.08649
0         0   5.06871
0         0   5.05367
0         0   5.03547
0         0   5.02008
0         0   5.00188
0         0   4.98614
0         0   4.96708
0         0   4.95289
0         0   4.93583
0         0   4.91814
0         0   4.90206
0         0   4.88488
0         0   4.86658
0         0   4.85053
0         0   4.83328
0         0   4.81712
0         0   4.80061
0         0   4.78397
0         0   4.76634
0         0    4.7504
0         0   4.73375
0         0   4.71711
0         0   4.70137
0         0    4.6833
0         0   4.66766
0         0   4.65097
0         0   4.63492
0         0   4.61765
0         0   4.60008
0         0   4.58331
0         0    4.5665
0         0   4.54864
0         0   4.53375
0         0   4.51569
0         0    4.4991
0         0   4.48163
0         0   4.46552
0         0   4.44865
0         0    4.4325
0         0   4.41554
0         0   4.40026
0         0   4.38178
0         0   4.36653
0         0   4.34599
0         0   4.33246
0         0   4.31264
0         0   4.29754
0         0   4.27991
0         0   4.26425
0         0   4.24586
0         0   4.23128
0         0   4.21134
0         0    4.1976
0         0   4.17893
0         0   4.16234
0         0   4.14553
0         0   4.13041
0         0   4.11202
0         0   4.09563
0         0   4.07737
0         0    4.0615
0         0   4.04197
0         0   4.02766
0         0   4.01069
0         0   3.99391
0         0     3.976
0         0   3.96038
0         0   3.94228
0         0   3.92626
0         0   3.90683
0         0   3.89268
0         0   3.87411
0         0   3.85925
0         0   3.84052
0         0   3.82469
0         0   3.80676
0         0   3.79024
0         0   3.77332
0         0   3.75614
0         0   3.73901
0         0   3.72384
0         0   3.70612
0         0   3.68949
0         0   3.67163
0         0   3.65548
0         0   3.63847
0         0   3.62219
0         0   3.60493
0         0   3.58731
0         0   3.56895
0         0   3.55441
0         0   3.53674
0         0   3.52018
0         0   3.50309
0         0   3.48601
0         0   3.46972
0         0   3.45425
0         0   3.43701
0         0    3.4211
0         0   3.40289
0         0   3.38708
0         0   3.36912
0         0   3.35348
0         0   3.33633
0         0   3.32053
0         0   3.30385
0         0   3.28576
0         0   3.26824
0         0    3.2523
0         0   3.23609
0         0   3.21919
0         0   3.20339
0         0   3.18517
0         0   3.16946
0         0   3.15233
0         0   3.13517
0         0   3.11858
0         0   3.10171
0         0   3.08396
0         0   3.06721
0         0   3.05083
0         0   3.03508
0         0   3.01658
0         0   3.00059
0         0   2.98042
0         0   2.96698
0         0   2.94817
0         0   2.93318
0         0   2.91332
0         0    2.9003
0         0   2.88361
0         0   2.86618
0         0   2.85021
0         0   2.83382
0         0   2.81729
0         0   2.80071
0         0   2.78292
0         0   2.76583
0         0   2.74879
0         0   2.73204
0         0    2.7156
0         0   2.69957
0         0   2.68118
0         0   2.66616
0         0   2.64796
0         0   2.63193
0         0   2.61501
0         0   2.59875
0         0    2.5824
0         0   2.56567
0         0   2.54932
0         0   2.53121
0         0   2.51528
0         0   2.49763
0         0   2.48144
0         0   2.46394
0         0   2.44818
0         0    2.4298
0         0   2.41425
0         0   2.39694
0         0   2.37901
0         0   2.36236
0         0   2.34696
0         0   2.32918
0         0   2.31311
0         0    2.2953
0         0   2.28027
0         0   2.26295
0         0   2.24655
0         0   2.22615
0         0   2.21209
0         0   2.19458
0         0   2.17813
0         0   2.16133
0         0   2.14687
0         0   2.12759
0         0   2.11392
0         0   2.09447
0         0   2.07931
0         0   2.06236
0         0    2.0466
0         0   2.02866
0         0   2.01202
0         0   1.99467
0         0   1.97898
0         0   1.95913
0         0   1.94521
0         0   1.92698
0         0   1.91001
0         0   1.89285
0         0   1.87584
0         0   1.85759
0         0   1.84332
0         0   1.82499
0         0   1.80897
0         0   1.79156
0         0   1.77339
0         0   1.75643
0         0   1.74149
0         0   1.72495
0         0   1.70693
0         0    1.6912
0         0   1.67436
0         0   1.65654
0         0   1.63927
0         0   1.62144
0         0   1.60566
0         0   1.58815
0         0   1.57069
0         0   1.55437
0         0   1.53906
0         0   1.52093
0         0   1.50515
0         0   1.48803
0         0   1.46946
0         0   1.45328
0         0   1.43647
0         0   1.41921
0         0   1.40184
0         0   1.38435
0         0   1.36784
0         0   1.34969
0         0   1.33417
0         0   1.31783
0         0   1.30228
0         0   1.28557
0         0   1.26828
0         0   1.25103
0         0   1.23491
0         0   1.21798
0         0   1.20106
0         0   1.18434
0         0    1.1677
0         0   1.15161
0         0   1.13364
0         0   1.11922
0         0   1.10116
0         0   1.08533
0         0   1.06646
0         0   1.04982
0         0     1.032
0         0   1.01746
0         0  0.999045
0         0  0.983505
0         0   0.96545
0         0  0.948271
0         0  0.932012
0         0  0.915294
0         0  0.896124
0         0  0.881051
0         0  0.862175
0         0  0.848048
0         0  0.828673
0         0  0.813314
0         0   0.79308
0         0  0.779732
0         0  0.760921
0         0  0.746516
0         0  0.727573
0         0  0.712959
0         0  0.694812
0         0  0.678738
0         0  0.661029
0         0  0.644595
0         0  0.625389
0         0  0.610181
0         0  0.592294
0         0  0.576268
0         0  0.560234
0         0  0.543854
0         0  0.525697
0         0  0.510114
0         0  0.493314
0         0  0.476653
0         0   0.46018
0         0  0.443543
0         0  0.426179
0         0  0.409656
0         0  0.392302
0         0  0.375851
0         0  0.357166
0         0  0.342079
0         0  0.325099
0         0  0.307922
0         0  0.291346
0         0  0.274781
0         0  0.258375
0         0  0.241601
0         0  0.224075
0         0   0.20821
0         0  0.191535
0         0  0.175194
0         0  0.157782
0         0  0.142601
0         0  0.125897
0         0  0.109589
0         0 0.0925439
0         0 0.0751729
0         0 0.0588809
0         0 0.0403779
0         0 0.0244009
0         0 0.0084489
0         0         0
0         0         0
0         0         0
0         0         0
0         0         0
0         0         0
0         0         0
0         0         0
0         0         0
0         0         0
0         0         0
0         0         0
0         0         0
0         0         0
0         0         0
0         0         0
0         0         0
0         0         0
0         0         0
0         0         0
0         0         0
0         0         0
0         0         0
0         0         0
0         0         0
0         0         0
0         0         0
0         0         0
0         0         0
0         0         0
0         0         0
0         0         0
0         0         0
0         0         0
0         0         0
0         0         0
0         0         0
0         0         0
0         0         0
0         0         0
0         0         0
0         0         0
0         0         0
0         0         0
0         0         0
0         0         0
0         0         0
0         0         0
0         0         0
0         0         0
0         0         0
0         0         0
0         0         0
0         0         0
0         0         0
0         0         0
0         0         0
0         0         0
0         0         0
0         0         0
0         0         0
0         0         0
0         0         0
0         0         0
0         0         0
0         0         0
0         0         0
0         0         0
0         0         0
0         0         0
0         0         0
0         0         0
0         0         0
0         0         0
0         0         0
0         0         0
0         0         0
0         0         0
0         0         0
0         0         0
0         0         0
0         0         0
0         0         0
0         0         0
0         0         0
0         0         0
0         0         0
0         0         0
0         0         0
0         0         0
0         0         0
0         0         0
0         0         0
0         0         0
0         0         0
0         0         0
0         0         0
0         0         0
0         0         0
0         0         0
0         0         0
0         0         0
0         0         0
0         0         0
0         0         0
0         0         0
0         0         0
0         0         0
0         0         0
0         0         0
0         0         0
0         0         0
0         0         0
0         0         0
0         0         0
0         0         0
0         0         0
0         0         0
0         0         0
0         0         0
0         0         0
0         0         0
0         0         0
0         0         0
0         0         0
0         0         0
0         0         0
0         0         0
0         0         0
0         0         0
0         0         0
0         0         0
0         0         0
0         0         0
0         0         0
0         0         0
0         0         0
0         0         0
0         0         0
0         0         0
0         0         0
0         0         0
0         0         0
0         0         0
0         0         0
0         0         0
0         0         0
0         0         0
0         0         0
0         0         0
0         0         0
0         0         0
0         0         0
0         0         0
0         0         0
0         0         0
0         0         0
0         0         0
0         0         0
0         0         0
0         0         0
0         0         0
0         0         0
0         0         0
0         0         0
0         0         0
0         0         0
0         0         0
0         0         0
0         0         0
0         0         0
0         0         0
0         0         0
0         0         0
0         0         0
0         0         0
0         0         0
0         0         0
0         0         0
0         0         0
0         0         0
0         0         0
0         0         0
0         0         0
0         0         0
0         0         0
0         0         0
0         0         0
0         0         0
0         0         0
0         0         0
0         0         0
0         0         0
0         0         0
0         0         0
0         0         0
0         0         0
0         0         0
0         0         0
0         0         0
0         0         0
0         0         0
0         0         0
0         0         0
0         0         0
0         0         0
0         0         0
0         0         0
0         0         0
0         0         0
0         0         0
0         0         0
0         0         0
0         0         0
0         0         0
0         0         0
0         0         0
0         0         0
0         0         0
0         0         0
0         0         0
0         0         0
0         0         0
0         0         0
0         0         0
0         0         0
0         0         0
0         0         0
0         0         0
0         0         0
0         0         0
0         0         0
0         0         0
0         0         0
0         0         0
0         0         0
0         0         0
0         0         0
0         0         0
0         0         0
0         0         0
0         0         0
0         0         0
0         0         0
0         0         0
0         0         0
0         0         0
0         0         0
0         0         0
0         0         0
0         0         0
0         0         0
0         0         0
0         0         0
0         0         0
0         0         0
0         0         0
0         0         0
0         0         0
0         0         0
0         0         0
0         0         0
0         0         0
0         0         0
0         0         0
0         0         0
0         0         0
0         0         0
0         0         0
0         0         0
0         0         0
0         0         0
0         0         0
0         0         0
0         0         0
0         0         0
0         0         0
0         0         0
0         0         0
0         0         0
0         0         0
0         0         0
0         0         0
0         0         0
0         0         0
0         0         0
0         0         0
0         0         0
0         0         0
0         0         0
0         0         0
0         0         0
0         0         0
0         0         0
0         0         0
0         0         0
0         0         0
0         0         0
0         0         0
0         0         0
0         0         0
0         0         0
0         0         0
0         0         0
0         0         0
0         0         0
0         0         0
0         0         0
0         0         0
0         0         0
0         0         0
0         0         0
0         0         0
0         0         0
0         0         0
0         0         0
0         0         0
0         0         0
0         0         0
0         0         0
0         0         0
0         0         0
0         0         0
0         0         0
0         0         0
0         0         0
0         0         0
0         0         0
0         0         0
0         0         0
0         0         0
0         0         0
0         0         0
0         0         0
0         0         0
0         0         0
0         0         0
0         0         0
0         0         0
0         0         0
0         0         0
0         0         0
0         0         0
0         0         0
0         0         0
0         0         0
0         0         0
0         0         0
0         0         0
0         0         0
0         0         0
0         0         0
0         0         0
0         0         0
0         0         0
0         0         0
0         0         0
0         0         0
0         0         0
0         0         0
0         0         0
0         0         0
0         0         0
0         0         0
0         0         0
0         0         0
0         0         0
0         0         0
0         0         0
0         0         0
0         0         0
0         0         0
0         0         0
0         0         0
0         0         0
0         0         0
0         0         0
0         0         0
0         0         0
0         0         0
0         0         0
0         0         0
0         0         0
0         0         0
0         0         0
0         0         0
0         0         0
0         0         0
0         0         0
0         0         0
0         0         0
0         0         0
0         0         0
0         0         0
0         0         0
0         0         0
0         0         0
0         0         0
0         0         0
0         0         0
0         0         0
0         0         0
0         0         0
0         0         0
0         0         0
0         0         0
0         0         0
0         0         0
0         0         0
0         0         0
0         0         0
0         0         0
0         0         0
0         0         0
0         0         0
0         0         0
0         0         0
0         0         0
0         0         0
0         0         0
0         0         0
0         0         0
0         0         0
0         0         0
0         0         0
0         0         0
0         0         0
0         0         0
0         0         0
0         0         0
0         0         0
0         0         0
0         0         0
0         0         0
0         0         0
0         0         0
0         0         0
0         0         0
0         0         0
0         0         0
0         0         0
0         0         0
0         0         0
0         0         0
0         0         0
0         0         0
0         0         0
0         0         0
0         0         0
0         0         0
0         0         0
0         0         0
0         0         0
0         0         0
0         0         0
0         0         0
0         0         0
0         0         0
0         0         0
0         0         0
0         0         0
0         0         0
0         0         0
0         0         0
0         0         0
0         0         0
0         0         0
0         0         0
0         0         0
0         0         0
0         0         0
0         0         0
0         0         0
0         0         0
0         0         0
0         0         0
0         0         0
0         0         0
0         0         0
0         0         0
0         0         0
0         0         0
0         0         0
0         0         0
0         0         0
0         0         0
0         0         0
0         0         0
0         0         0
0         0         0
0         0         0
